Transaction_ID,Transaction_Time_Seconds,Hour_of_Day,Amount,Actual_Class,Actual_Label,Prediction,Fraud_Probability,Risk_Score,Risk_Level,Top_Predictive_Feature
TX_MON_10001,82457.0,22,39.89,0,Legitimate,LEGITIMATE,0.0,0.0,LOW,sin_hour
TX_MON_10002,42988.0,11,648.0,1,Fraud,FRAUD,0.9985,99.85,HIGH,V14
TX_MON_10003,82599.0,22,1.0,0,Legitimate,LEGITIMATE,0.0004,0.04,LOW,sin_hour
TX_MON_10004,132865.0,12,1.98,0,Legitimate,LEGITIMATE,0.0013,0.13,LOW,sin_hour
TX_MON_10005,134151.0,13,76.97,0,Legitimate,LEGITIMATE,0.0003,0.03,LOW,sin_hour
TX_MON_10006,110784.0,6,2.12,0,Legitimate,LEGITIMATE,0.0,0.0,LOW,cos_hour
TX_MON_10007,36570.0,10,198.9,0,Legitimate,LEGITIMATE,0.0004,0.04,LOW,V1
TX_MON_10008,73744.0,20,47.3,0,Legitimate,LEGITIMATE,0.0001,0.01,LOW,V8
TX_MON_10009,78116.0,21,3.24,0,Legitimate,LEGITIMATE,0.0,0.0,LOW,log_amount
TX_MON_10010,20096.0,5,89.77,0,Legitimate,LEGITIMATE,0.0002,0.02,LOW,cos_hour
TX_MON_10011,70071.0,19,227.3,1,Fraud,FRAUD,0.9982,99.82,HIGH,V14
TX_MON_10012,40326.0,11,43.0,0,Legitimate,LEGITIMATE,0.0001,0.01,LOW,V4
TX_MON_10013,47212.0,13,203.92,0,Legitimate,LEGITIMATE,0.0011,0.11,LOW,sin_hour
TX_MON_10014,79813.0,22,90.0,0,Legitimate,LEGITIMATE,0.126,12.6,LOW,V14
TX_MON_10015,111543.0,6,15.13,0,Legitimate,LEGITIMATE,0.0262,2.62,LOW,V4
TX_MON_10016,3485.0,0,358.8,0,Legitimate,LEGITIMATE,0.0002,0.02,LOW,Amount
TX_MON_10017,8886.0,2,1.0,1,Fraud,FRAUD,0.9978,99.78,HIGH,V14
TX_MON_10018,78979.0,21,2287.2,0,Legitimate,LEGITIMATE,0.0003,0.03,LOW,Amount
TX_MON_10019,43594.0,12,1269.0,0,Legitimate,LEGITIMATE,0.0027,0.27,LOW,V4
TX_MON_10020,74368.0,20,115.64,0,Legitimate,LEGITIMATE,0.0004,0.04,LOW,sin_hour
TX_MON_10021,114860.0,7,7.15,0,Legitimate,LEGITIMATE,0.0015,0.15,LOW,V1
TX_MON_10022,167024.0,22,5.94,0,Legitimate,LEGITIMATE,0.0004,0.04,LOW,V4
TX_MON_10023,72530.0,20,1.29,0,Legitimate,LEGITIMATE,0.0016,0.16,LOW,cos_hour
TX_MON_10024,151169.0,17,42.81,0,Legitimate,LEGITIMATE,0.0177,1.77,LOW,cos_hour
TX_MON_10025,154653.0,18,0.0,0,Legitimate,LEGITIMATE,0.0016,0.16,LOW,V4
TX_MON_10026,124436.0,10,30.34,0,Legitimate,LEGITIMATE,0.0011,0.11,LOW,V20
TX_MON_10027,131603.0,12,110.14,0,Legitimate,LEGITIMATE,0.0,0.0,LOW,sin_hour
TX_MON_10028,80225.0,22,4.99,0,Legitimate,LEGITIMATE,0.0008,0.08,LOW,sin_hour
TX_MON_10029,57553.0,15,1.98,0,Legitimate,LEGITIMATE,0.0009,0.09,LOW,log_amount
TX_MON_10030,45501.0,12,105.99,1,Fraud,LEGITIMATE,0.0044,0.44,LOW,sin_hour
TX_MON_10031,150868.0,17,59.95,0,Legitimate,LEGITIMATE,0.0001,0.01,LOW,cos_hour
TX_MON_10032,3745.0,1,42.47,0,Legitimate,LEGITIMATE,0.0,0.0,LOW,V12
TX_MON_10033,129413.0,11,94.59,0,Legitimate,LEGITIMATE,0.0375,3.75,LOW,V20
TX_MON_10034,55555.0,15,62.32,0,Legitimate,LEGITIMATE,0.0011,0.11,LOW,V4
TX_MON_10035,138945.0,14,1.0,0,Legitimate,LEGITIMATE,0.0006,0.06,LOW,sin_hour
TX_MON_10036,45725.0,12,17.59,0,Legitimate,LEGITIMATE,0.0,0.0,LOW,sin_hour
TX_MON_10037,127297.0,11,11.35,0,Legitimate,LEGITIMATE,0.0005,0.05,LOW,V4
TX_MON_10038,75024.0,20,4.99,0,Legitimate,LEGITIMATE,0.0001,0.01,LOW,sin_hour
TX_MON_10039,37825.0,10,39.02,0,Legitimate,LEGITIMATE,0.0004,0.04,LOW,V1
TX_MON_10040,50778.0,14,99.0,0,Legitimate,LEGITIMATE,0.0005,0.05,LOW,sin_hour
TX_MON_10041,155065.0,19,38.44,0,Legitimate,LEGITIMATE,0.011,1.1,LOW,cos_hour
TX_MON_10042,146083.0,16,16.31,0,Legitimate,LEGITIMATE,0.0001,0.01,LOW,V22
TX_MON_10043,96151.0,2,342.8,0,Legitimate,LEGITIMATE,0.0014,0.14,LOW,Amount
TX_MON_10044,56616.0,15,170.77,0,Legitimate,LEGITIMATE,0.0001,0.01,LOW,V16
TX_MON_10045,67538.0,18,10.0,0,Legitimate,LEGITIMATE,0.0025,0.25,LOW,cos_hour
TX_MON_10046,156037.0,19,91.27,0,Legitimate,LEGITIMATE,0.007,0.7,LOW,cos_hour
TX_MON_10047,70822.0,19,5.99,0,Legitimate,LEGITIMATE,0.0017,0.17,LOW,V1
TX_MON_10048,27382.0,7,17.99,0,Legitimate,LEGITIMATE,0.0001,0.01,LOW,cos_hour
TX_MON_10049,76867.0,21,1.0,1,Fraud,FRAUD,0.9917,99.17,HIGH,V14
TX_MON_10050,144462.0,16,199.0,0,Legitimate,LEGITIMATE,0.0023,0.23,LOW,V16
TX_MON_10051,48610.0,13,1.0,0,Legitimate,LEGITIMATE,0.0011,0.11,LOW,sin_hour
TX_MON_10052,158304.0,19,19.66,0,Legitimate,LEGITIMATE,0.0002,0.02,LOW,cos_hour
TX_MON_10053,55311.0,15,0.83,1,Fraud,FRAUD,0.9992,99.92,HIGH,V14
TX_MON_10054,143354.0,15,1.0,1,Fraud,FRAUD,0.9971,99.71,HIGH,V14
TX_MON_10055,35233.0,9,453.59,0,Legitimate,LEGITIMATE,0.0007,0.07,LOW,Amount
TX_MON_10056,57459.0,15,1.0,0,Legitimate,LEGITIMATE,0.0606,6.06,LOW,V4
TX_MON_10057,91795.0,1,128.11,0,Legitimate,LEGITIMATE,0.0003,0.03,LOW,V21
TX_MON_10058,127925.0,11,8.99,0,Legitimate,LEGITIMATE,0.0001,0.01,LOW,V11
TX_MON_10059,148261.0,17,16.8,0,Legitimate,LEGITIMATE,0.0002,0.02,LOW,V4
TX_MON_10060,11635.0,3,1.0,1,Fraud,FRAUD,0.9803,98.03,HIGH,V14
TX_MON_10061,72123.0,20,2.69,0,Legitimate,LEGITIMATE,0.0002,0.02,LOW,V1
TX_MON_10062,68317.0,18,28.25,0,Legitimate,LEGITIMATE,0.0,0.0,LOW,cos_hour
TX_MON_10063,120181.0,9,105.0,0,Legitimate,LEGITIMATE,0.0004,0.04,LOW,V10
TX_MON_10064,14504.0,4,2.69,0,Legitimate,LEGITIMATE,0.0021,0.21,LOW,V12
TX_MON_10065,133111.0,12,271.64,0,Legitimate,LEGITIMATE,0.0001,0.01,LOW,sin_hour
TX_MON_10066,157841.0,19,20.0,0,Legitimate,LEGITIMATE,0.0001,0.01,LOW,cos_hour
TX_MON_10067,62476.0,17,294.0,0,Legitimate,LEGITIMATE,0.0001,0.01,LOW,Amount
TX_MON_10068,163061.0,21,12.31,0,Legitimate,LEGITIMATE,0.0067,0.67,LOW,V14
TX_MON_10069,170383.0,23,106.9,0,Legitimate,LEGITIMATE,0.0008,0.08,LOW,sin_hour
TX_MON_10070,119098.0,9,75.63,0,Legitimate,LEGITIMATE,0.0331,3.31,LOW,V14
TX_MON_10071,47975.0,13,3.8,0,Legitimate,LEGITIMATE,0.0023,0.23,LOW,log_amount
TX_MON_10072,75167.0,20,2.69,0,Legitimate,LEGITIMATE,0.0198,1.98,LOW,V14
TX_MON_10073,14500.0,4,570.49,0,Legitimate,LEGITIMATE,0.0001,0.01,LOW,V10
TX_MON_10074,149690.0,17,1.0,0,Legitimate,LEGITIMATE,0.0064,0.64,LOW,V14
TX_MON_10075,127360.0,11,22.66,0,Legitimate,LEGITIMATE,0.0001,0.01,LOW,V4
TX_MON_10076,120927.0,9,71.78,0,Legitimate,LEGITIMATE,0.0016,0.16,LOW,V11
TX_MON_10077,23430.0,6,43.0,0,Legitimate,LEGITIMATE,0.0001,0.01,LOW,cos_hour
TX_MON_10078,158721.0,20,9.49,0,Legitimate,LEGITIMATE,0.0185,1.85,LOW,V14
TX_MON_10079,153437.0,18,132.98,0,Legitimate,LEGITIMATE,0.0001,0.01,LOW,cos_hour
TX_MON_10080,109467.0,6,159.9,0,Legitimate,LEGITIMATE,0.0001,0.01,LOW,V12
TX_MON_10081,153939.0,18,11.53,0,Legitimate,LEGITIMATE,0.0001,0.01,LOW,cos_hour
TX_MON_10082,52219.0,14,562.28,0,Legitimate,LEGITIMATE,0.0,0.0,LOW,Amount
TX_MON_10083,50234.0,13,68.0,0,Legitimate,LEGITIMATE,0.0005,0.05,LOW,sin_hour
TX_MON_10084,80068.0,22,47.85,0,Legitimate,LEGITIMATE,0.0007,0.07,LOW,sin_hour
TX_MON_10085,71698.0,19,5.25,0,Legitimate,LEGITIMATE,0.0002,0.02,LOW,V1
TX_MON_10086,141892.0,15,38.31,0,Legitimate,LEGITIMATE,0.0006,0.06,LOW,sin_hour
TX_MON_10087,48516.0,13,12.0,0,Legitimate,LEGITIMATE,0.0001,0.01,LOW,sin_hour
TX_MON_10088,11065.0,3,15.95,0,Legitimate,LEGITIMATE,0.0002,0.02,LOW,V1
TX_MON_10089,87181.0,0,12.98,0,Legitimate,LEGITIMATE,0.0005,0.05,LOW,V1
TX_MON_10090,147758.0,17,8.99,0,Legitimate,LEGITIMATE,0.0001,0.01,LOW,cos_hour
TX_MON_10091,79881.0,22,5.95,0,Legitimate,LEGITIMATE,0.0002,0.02,LOW,V7
TX_MON_10092,28726.0,7,99.99,1,Fraud,FRAUD,0.9977,99.77,HIGH,V14
TX_MON_10093,58050.0,16,252.43,0,Legitimate,LEGITIMATE,0.0002,0.02,LOW,V6
TX_MON_10094,125190.0,10,165.28,0,Legitimate,LEGITIMATE,0.0,0.0,LOW,V15
TX_MON_10095,29785.0,8,30.3,1,Fraud,FRAUD,0.9808,98.08,HIGH,V14
TX_MON_10096,111968.0,7,236.46,0,Legitimate,LEGITIMATE,0.0004,0.04,LOW,V4
TX_MON_10097,57923.0,16,27.38,0,Legitimate,LEGITIMATE,0.0005,0.05,LOW,V4
TX_MON_10098,133527.0,13,1.29,0,Legitimate,LEGITIMATE,0.0001,0.01,LOW,sin_hour
TX_MON_10099,82024.0,22,22.7,0,Legitimate,LEGITIMATE,0.0002,0.02,LOW,sin_hour
TX_MON_10100,110942.0,6,18.0,0,Legitimate,LEGITIMATE,0.0,0.0,LOW,cos_hour
TX_MON_10101,114758.0,7,11.5,0,Legitimate,LEGITIMATE,0.0,0.0,LOW,V6
TX_MON_10102,137981.0,14,1.0,0,Legitimate,LEGITIMATE,0.0003,0.03,LOW,sin_hour
TX_MON_10103,131671.0,12,19.95,0,Legitimate,LEGITIMATE,0.0002,0.02,LOW,sin_hour
TX_MON_10104,74630.0,20,1.0,0,Legitimate,LEGITIMATE,0.0001,0.01,LOW,sin_hour
TX_MON_10105,97446.0,3,15.95,0,Legitimate,LEGITIMATE,0.0001,0.01,LOW,V12
TX_MON_10106,122614.0,10,57.07,0,Legitimate,LEGITIMATE,0.0002,0.02,LOW,V20
TX_MON_10107,54585.0,15,144.0,0,Legitimate,LEGITIMATE,0.0031,0.31,LOW,sin_hour
TX_MON_10108,50975.0,14,83.0,0,Legitimate,LEGITIMATE,0.0001,0.01,LOW,sin_hour
TX_MON_10109,122645.0,10,7.5,0,Legitimate,LEGITIMATE,0.0004,0.04,LOW,V1
TX_MON_10110,141925.0,15,0.76,1,Fraud,FRAUD,0.9203,92.03,HIGH,V14
TX_MON_10111,51155.0,14,99.99,1,Fraud,FRAUD,0.9939,99.39,HIGH,V14
TX_MON_10112,138098.0,14,22.8,0,Legitimate,LEGITIMATE,0.0026,0.26,LOW,V11
TX_MON_10113,147818.0,17,76.94,0,Legitimate,LEGITIMATE,0.0004,0.04,LOW,V4
TX_MON_10114,65049.0,18,0.76,0,Legitimate,LEGITIMATE,0.0002,0.02,LOW,cos_hour
TX_MON_10115,110598.0,6,11.27,0,Legitimate,LEGITIMATE,0.0002,0.02,LOW,cos_hour
TX_MON_10116,127134.0,11,23.74,0,Legitimate,LEGITIMATE,0.0002,0.02,LOW,sin_hour
TX_MON_10117,131995.0,12,38.9,0,Legitimate,LEGITIMATE,0.0001,0.01,LOW,sin_hour
TX_MON_10118,7551.0,2,1.0,1,Fraud,FRAUD,0.9969,99.69,HIGH,V14
TX_MON_10119,156075.0,19,48.31,0,Legitimate,LEGITIMATE,0.0006,0.06,LOW,V4
TX_MON_10120,137387.0,14,60.5,0,Legitimate,LEGITIMATE,0.0002,0.02,LOW,sin_hour
TX_MON_10121,49938.0,13,135.49,0,Legitimate,LEGITIMATE,0.0009,0.09,LOW,V20
TX_MON_10122,4601.0,1,10.62,0,Legitimate,LEGITIMATE,0.0001,0.01,LOW,V12
TX_MON_10123,91502.0,1,1.0,1,Fraud,FRAUD,0.969,96.9,HIGH,V14
TX_MON_10124,60844.0,16,66.19,0,Legitimate,LEGITIMATE,0.0006,0.06,LOW,cos_hour
TX_MON_10125,99413.0,3,339.59,0,Legitimate,LEGITIMATE,0.0797,7.97,LOW,Amount
TX_MON_10126,70000.0,19,22.5,0,Legitimate,LEGITIMATE,0.0001,0.01,LOW,V16
TX_MON_10127,169142.0,22,390.0,1,Fraud,FRAUD,0.9989,99.89,HIGH,V14
TX_MON_10128,160621.0,20,6.93,0,Legitimate,LEGITIMATE,0.0005,0.05,LOW,sin_hour
TX_MON_10129,156843.0,19,1.29,0,Legitimate,LEGITIMATE,0.0002,0.02,LOW,cos_hour
TX_MON_10130,151358.0,18,19.6,0,Legitimate,LEGITIMATE,0.0001,0.01,LOW,cos_hour
TX_MON_10131,74667.0,20,1.0,0,Legitimate,LEGITIMATE,0.0003,0.03,LOW,sin_hour
TX_MON_10132,148746.0,17,30.76,0,Legitimate,LEGITIMATE,0.0019,0.19,LOW,cos_hour
TX_MON_10133,76314.0,21,20.0,0,Legitimate,LEGITIMATE,0.0001,0.01,LOW,sin_hour
TX_MON_10134,69825.0,19,37.79,0,Legitimate,LEGITIMATE,0.0016,0.16,LOW,cos_hour
TX_MON_10135,169757.0,23,30.25,0,Legitimate,LEGITIMATE,0.0013,0.13,LOW,sin_hour
TX_MON_10136,121148.0,9,37.55,0,Legitimate,LEGITIMATE,0.0,0.0,LOW,V8
TX_MON_10137,125393.0,10,269.0,0,Legitimate,LEGITIMATE,0.0005,0.05,LOW,Amount
TX_MON_10138,36931.0,10,4.46,0,Legitimate,LEGITIMATE,0.0005,0.05,LOW,log_amount
TX_MON_10139,81142.0,22,19.02,0,Legitimate,LEGITIMATE,0.0002,0.02,LOW,sin_hour
TX_MON_10140,63391.0,17,79.98,0,Legitimate,LEGITIMATE,0.0001,0.01,LOW,cos_hour
TX_MON_10141,45343.0,12,12.97,0,Legitimate,LEGITIMATE,0.0003,0.03,LOW,sin_hour
TX_MON_10142,68615.0,19,4.49,0,Legitimate,LEGITIMATE,0.0003,0.03,LOW,cos_hour
TX_MON_10143,114495.0,7,30.0,0,Legitimate,LEGITIMATE,0.0001,0.01,LOW,V20
TX_MON_10144,54899.0,15,533.77,0,Legitimate,LEGITIMATE,0.0011,0.11,LOW,sin_hour
TX_MON_10145,82864.0,23,148.6,0,Legitimate,LEGITIMATE,0.0003,0.03,LOW,sin_hour
TX_MON_10146,118984.0,9,1.79,0,Legitimate,LEGITIMATE,0.0004,0.04,LOW,V1
TX_MON_10147,2716.0,0,312.39,0,Legitimate,LEGITIMATE,0.0001,0.01,LOW,Amount
TX_MON_10148,142071.0,15,303.8,0,Legitimate,LEGITIMATE,0.0007,0.07,LOW,V4
TX_MON_10149,46238.0,12,19.34,0,Legitimate,LEGITIMATE,0.0006,0.06,LOW,sin_hour
TX_MON_10150,75556.0,20,29.95,1,Fraud,FRAUD,0.6906,69.06,MEDIUM,V19
TX_MON_10151,35953.0,9,111.7,1,Fraud,FRAUD,0.9967,99.67,HIGH,V14
TX_MON_10152,78289.0,21,4.5,0,Legitimate,LEGITIMATE,0.0,0.0,LOW,V28
TX_MON_10153,78674.0,21,16.35,0,Legitimate,LEGITIMATE,0.0043,0.43,LOW,sin_hour
TX_MON_10154,83822.0,23,268.04,0,Legitimate,LEGITIMATE,0.0003,0.03,LOW,V1
TX_MON_10155,81550.0,22,0.92,0,Legitimate,LEGITIMATE,0.0,0.0,LOW,sin_hour
TX_MON_10156,79218.0,22,15.09,0,Legitimate,LEGITIMATE,0.0015,0.15,LOW,V4
TX_MON_10157,84065.0,23,20.05,0,Legitimate,LEGITIMATE,0.0001,0.01,LOW,sin_hour
TX_MON_10158,69394.0,19,1.0,1,Fraud,FRAUD,0.9838,98.38,HIGH,V14
TX_MON_10159,144350.0,16,12.99,0,Legitimate,LEGITIMATE,0.0002,0.02,LOW,V26
TX_MON_10160,38305.0,10,5.36,0,Legitimate,LEGITIMATE,0.0004,0.04,LOW,log_amount
TX_MON_10161,62501.0,17,8.99,0,Legitimate,LEGITIMATE,0.0001,0.01,LOW,cos_hour
TX_MON_10162,54753.0,15,40.0,0,Legitimate,LEGITIMATE,0.0014,0.14,LOW,sin_hour
TX_MON_10163,79060.0,21,136.83,0,Legitimate,LEGITIMATE,0.0003,0.03,LOW,sin_hour
TX_MON_10164,148948.0,17,18.54,0,Legitimate,LEGITIMATE,0.0003,0.03,LOW,cos_hour
TX_MON_10165,93904.0,2,37.93,1,Fraud,FRAUD,0.999,99.9,HIGH,V14
TX_MON_10166,133395.0,13,84.32,0,Legitimate,LEGITIMATE,0.0,0.0,LOW,sin_hour
TX_MON_10167,147212.0,16,18.96,0,Legitimate,LEGITIMATE,0.0007,0.07,LOW,cos_hour
TX_MON_10168,128471.0,11,67.9,1,Fraud,FRAUD,0.996,99.6,HIGH,V14
TX_MON_10169,29723.0,8,117.45,0,Legitimate,LEGITIMATE,0.0005,0.05,LOW,V20
TX_MON_10170,29634.0,8,203.96,0,Legitimate,LEGITIMATE,0.0007,0.07,LOW,V1
TX_MON_10171,70270.0,19,318.11,1,Fraud,FRAUD,0.9987,99.87,HIGH,V14
TX_MON_10172,38732.0,10,22.78,0,Legitimate,LEGITIMATE,0.0022,0.22,LOW,V4
TX_MON_10173,58805.0,16,59.16,0,Legitimate,LEGITIMATE,0.0007,0.07,LOW,V1
TX_MON_10174,136310.0,13,22.22,0,Legitimate,LEGITIMATE,0.0003,0.03,LOW,V20
TX_MON_10175,55754.0,15,45.0,0,Legitimate,LEGITIMATE,0.0037,0.37,LOW,sin_hour
TX_MON_10176,55692.0,15,2.68,0,Legitimate,LEGITIMATE,0.0023,0.23,LOW,log_amount
TX_MON_10177,153799.0,18,21.03,0,Legitimate,LEGITIMATE,0.0001,0.01,LOW,cos_hour
TX_MON_10178,53577.0,14,25.53,0,Legitimate,LEGITIMATE,0.0009,0.09,LOW,sin_hour
TX_MON_10179,44438.0,12,4.49,0,Legitimate,LEGITIMATE,0.0,0.0,LOW,sin_hour
TX_MON_10180,90192.0,1,359.79,0,Legitimate,LEGITIMATE,0.0002,0.02,LOW,Amount
TX_MON_10181,63578.0,17,1.0,0,Legitimate,LEGITIMATE,0.0038,0.38,LOW,cos_hour
TX_MON_10182,32421.0,9,100.0,0,Legitimate,LEGITIMATE,0.0003,0.03,LOW,V25
TX_MON_10183,12597.0,3,1.0,1,Fraud,FRAUD,0.9977,99.77,HIGH,V14
TX_MON_10184,31644.0,8,37.03,0,Legitimate,LEGITIMATE,0.0013,0.13,LOW,V1
TX_MON_10185,122959.0,10,10.0,0,Legitimate,LEGITIMATE,0.0,0.0,LOW,V28
TX_MON_10186,24838.0,6,30.0,0,Legitimate,LEGITIMATE,0.0,0.0,LOW,cos_hour
TX_MON_10187,3770.0,1,383.26,0,Legitimate,LEGITIMATE,0.0015,0.15,LOW,V4
TX_MON_10188,56547.0,15,13.6,0,Legitimate,LEGITIMATE,0.0001,0.01,LOW,V1
TX_MON_10189,154347.0,18,67.29,0,Legitimate,LEGITIMATE,0.0001,0.01,LOW,cos_hour
TX_MON_10190,37258.0,10,80.39,0,Legitimate,LEGITIMATE,0.0,0.0,LOW,V13
TX_MON_10191,60141.0,16,12.31,0,Legitimate,LEGITIMATE,0.0007,0.07,LOW,V17
TX_MON_10192,46850.0,13,12.31,0,Legitimate,LEGITIMATE,0.0036,0.36,LOW,sin_hour
TX_MON_10193,172237.0,23,94.97,0,Legitimate,LEGITIMATE,0.0,0.0,LOW,sin_hour
TX_MON_10194,41703.0,11,56.95,0,Legitimate,LEGITIMATE,0.0003,0.03,LOW,V25
TX_MON_10195,10956.0,3,15.95,0,Legitimate,LEGITIMATE,0.0002,0.02,LOW,V6
TX_MON_10196,93834.0,2,0.01,1,Fraud,FRAUD,0.9983,99.83,HIGH,V14
TX_MON_10197,160203.0,20,100.0,0,Legitimate,LEGITIMATE,0.0004,0.04,LOW,V20
TX_MON_10198,140178.0,14,16.76,0,Legitimate,LEGITIMATE,0.0001,0.01,LOW,sin_hour
TX_MON_10199,71649.0,19,8.97,0,Legitimate,LEGITIMATE,0.0012,0.12,LOW,cos_hour
TX_MON_10200,166831.0,22,634.3,1,Fraud,FRAUD,0.9389,93.89,HIGH,Amount
TX_MON_10201,150336.0,17,0.78,0,Legitimate,LEGITIMATE,0.0004,0.04,LOW,cos_hour
TX_MON_10202,93897.0,2,1.0,1,Fraud,FRAUD,0.9991,99.91,HIGH,V14
TX_MON_10203,39072.0,10,9.03,0,Legitimate,LEGITIMATE,0.0001,0.01,LOW,V1
TX_MON_10204,67829.0,18,4.0,0,Legitimate,LEGITIMATE,0.0021,0.21,LOW,cos_hour
TX_MON_10205,59709.0,16,28.75,0,Legitimate,LEGITIMATE,0.0005,0.05,LOW,V27
TX_MON_10206,166754.0,22,2.69,0,Legitimate,LEGITIMATE,0.0,0.0,LOW,sin_hour
TX_MON_10207,70507.0,19,1.98,0,Legitimate,LEGITIMATE,0.0002,0.02,LOW,cos_hour
TX_MON_10208,63757.0,17,93.0,0,Legitimate,LEGITIMATE,0.0002,0.02,LOW,cos_hour
TX_MON_10209,84195.0,23,18.58,0,Legitimate,LEGITIMATE,0.0001,0.01,LOW,sin_hour
TX_MON_10210,130089.0,12,14.0,0,Legitimate,LEGITIMATE,0.0017,0.17,LOW,V4
TX_MON_10211,151907.0,18,726.81,0,Legitimate,LEGITIMATE,0.0004,0.04,LOW,Amount
TX_MON_10212,171421.0,23,1.0,0,Legitimate,LEGITIMATE,0.0014,0.14,LOW,V1
TX_MON_10213,159633.0,20,36.0,0,Legitimate,LEGITIMATE,0.0001,0.01,LOW,V20
TX_MON_10214,60754.0,16,15.0,0,Legitimate,LEGITIMATE,0.0002,0.02,LOW,V20
TX_MON_10215,77276.0,21,0.89,0,Legitimate,LEGITIMATE,0.0005,0.05,LOW,V28
TX_MON_10216,63210.0,17,11.15,0,Legitimate,LEGITIMATE,0.0004,0.04,LOW,cos_hour
TX_MON_10217,99978.0,3,16.79,0,Legitimate,LEGITIMATE,0.0002,0.02,LOW,V1
TX_MON_10218,11634.0,3,451.5,0,Legitimate,LEGITIMATE,0.0196,1.96,LOW,Amount
TX_MON_10219,120786.0,9,23.0,0,Legitimate,LEGITIMATE,0.0002,0.02,LOW,V6
TX_MON_10220,10220.0,2,21.37,0,Legitimate,LEGITIMATE,0.0,0.0,LOW,V20
TX_MON_10221,81607.0,22,0.79,0,Legitimate,LEGITIMATE,0.0331,3.31,LOW,V4
TX_MON_10222,135420.0,13,0.76,0,Legitimate,LEGITIMATE,0.006,0.6,LOW,V14
TX_MON_10223,160795.0,20,1.61,0,Legitimate,LEGITIMATE,0.0002,0.02,LOW,log_amount
TX_MON_10224,128636.0,11,11.5,0,Legitimate,LEGITIMATE,0.0029,0.29,LOW,V10
TX_MON_10225,41593.0,11,172.0,0,Legitimate,LEGITIMATE,0.0003,0.03,LOW,V25
TX_MON_10226,157734.0,19,267.32,0,Legitimate,LEGITIMATE,0.0002,0.02,LOW,Amount
TX_MON_10227,3752.0,1,27.01,0,Legitimate,LEGITIMATE,0.0,0.0,LOW,V12
TX_MON_10228,64165.0,17,94.95,0,Legitimate,LEGITIMATE,0.0,0.0,LOW,cos_hour
TX_MON_10229,47826.0,13,7.58,1,Fraud,FRAUD,0.7201,72.01,HIGH,V4
TX_MON_10230,83421.0,23,1.98,0,Legitimate,LEGITIMATE,0.0003,0.03,LOW,sin_hour
TX_MON_10231,149640.0,17,2.0,1,Fraud,FRAUD,0.9984,99.84,HIGH,V14
TX_MON_10232,165497.0,21,40.0,0,Legitimate,LEGITIMATE,0.0001,0.01,LOW,sin_hour
TX_MON_10233,119016.0,9,241.54,0,Legitimate,LEGITIMATE,0.0,0.0,LOW,V25
TX_MON_10234,130528.0,12,4.49,0,Legitimate,LEGITIMATE,0.0005,0.05,LOW,sin_hour
TX_MON_10235,44532.0,12,1.0,1,Fraud,FRAUD,0.8073,80.73,HIGH,V10
TX_MON_10236,59859.0,16,70.84,0,Legitimate,LEGITIMATE,0.0001,0.01,LOW,V15
TX_MON_10237,77626.0,21,5.42,0,Legitimate,LEGITIMATE,0.0004,0.04,LOW,V20
TX_MON_10238,158523.0,20,168.0,0,Legitimate,LEGITIMATE,0.0002,0.02,LOW,V20
TX_MON_10239,59385.0,16,18.98,1,Fraud,FRAUD,0.9972,99.72,HIGH,V14
TX_MON_10240,52596.0,14,30.0,0,Legitimate,LEGITIMATE,0.0014,0.14,LOW,sin_hour
TX_MON_10241,37773.0,10,79.0,0,Legitimate,LEGITIMATE,0.0002,0.02,LOW,V11
TX_MON_10242,80078.0,22,49.99,0,Legitimate,LEGITIMATE,0.0002,0.02,LOW,sin_hour
TX_MON_10243,40416.0,11,100.0,0,Legitimate,LEGITIMATE,0.0007,0.07,LOW,V28
TX_MON_10244,61530.0,17,2.22,0,Legitimate,LEGITIMATE,0.0002,0.02,LOW,cos_hour
TX_MON_10245,102842.0,4,30.0,0,Legitimate,LEGITIMATE,0.0,0.0,LOW,cos_hour
TX_MON_10246,139317.0,14,191.16,0,Legitimate,LEGITIMATE,0.0041,0.41,LOW,V4
TX_MON_10247,141808.0,15,58.31,0,Legitimate,LEGITIMATE,0.0218,2.18,LOW,V14
TX_MON_10248,26863.0,7,99.99,1,Fraud,FRAUD,0.9979,99.79,HIGH,V14
TX_MON_10249,91857.0,1,57.0,0,Legitimate,LEGITIMATE,0.0002,0.02,LOW,V12
TX_MON_10250,7891.0,2,1.0,1,Fraud,FRAUD,0.9976,99.76,HIGH,V14
TX_MON_10251,141681.0,15,230.58,0,Legitimate,LEGITIMATE,0.0002,0.02,LOW,V23
TX_MON_10252,36668.0,10,29.0,0,Legitimate,LEGITIMATE,0.0001,0.01,LOW,V11
TX_MON_10253,163618.0,21,1.0,0,Legitimate,LEGITIMATE,0.0004,0.04,LOW,V18
TX_MON_10254,57766.0,16,1.29,0,Legitimate,LEGITIMATE,0.0005,0.05,LOW,log_amount
TX_MON_10255,59694.0,16,52.25,0,Legitimate,LEGITIMATE,0.0001,0.01,LOW,V18
TX_MON_10256,138816.0,14,22.5,0,Legitimate,LEGITIMATE,0.0,0.0,LOW,sin_hour
TX_MON_10257,53672.0,14,14.78,0,Legitimate,LEGITIMATE,0.003,0.3,LOW,sin_hour
TX_MON_10258,70179.0,19,60.85,0,Legitimate,LEGITIMATE,0.0001,0.01,LOW,cos_hour
TX_MON_10259,43274.0,12,18.9,0,Legitimate,LEGITIMATE,0.0002,0.02,LOW,V26
TX_MON_10260,166166.0,22,16.25,0,Legitimate,LEGITIMATE,0.0001,0.01,LOW,sin_hour
TX_MON_10261,172688.0,23,27.08,0,Legitimate,LEGITIMATE,0.0115,1.15,LOW,sin_hour
TX_MON_10262,74792.0,20,1.98,0,Legitimate,LEGITIMATE,0.0019,0.19,LOW,V1
TX_MON_10263,164758.0,21,92.9,0,Legitimate,LEGITIMATE,0.001,0.1,LOW,sin_hour
TX_MON_10264,126672.0,11,14.87,0,Legitimate,LEGITIMATE,0.0001,0.01,LOW,V22
TX_MON_10265,161787.0,20,10.0,0,Legitimate,LEGITIMATE,0.0002,0.02,LOW,V18
TX_MON_10266,84978.0,23,19.99,0,Legitimate,LEGITIMATE,0.0001,0.01,LOW,sin_hour
TX_MON_10267,60147.0,16,561.95,0,Legitimate,LEGITIMATE,0.0001,0.01,LOW,Amount
TX_MON_10268,113046.0,7,1.0,0,Legitimate,LEGITIMATE,0.0002,0.02,LOW,cos_hour
TX_MON_10269,70651.0,19,99.95,0,Legitimate,LEGITIMATE,0.0003,0.03,LOW,cos_hour
TX_MON_10270,148690.0,17,956.52,0,Legitimate,LEGITIMATE,0.0002,0.02,LOW,Amount
TX_MON_10271,86358.0,23,17.99,0,Legitimate,LEGITIMATE,0.0004,0.04,LOW,sin_hour
TX_MON_10272,60375.0,16,169.0,0,Legitimate,LEGITIMATE,0.0003,0.03,LOW,V25
TX_MON_10273,35170.0,9,15.21,0,Legitimate,LEGITIMATE,0.0004,0.04,LOW,V16
TX_MON_10274,135102.0,13,108.51,1,Fraud,FRAUD,0.6585,65.85,MEDIUM,V14
TX_MON_10275,150138.0,17,50.0,1,Fraud,FRAUD,0.9988,99.88,HIGH,V14
TX_MON_10276,41505.0,11,364.19,1,Fraud,FRAUD,0.9995,99.95,HIGH,V14
TX_MON_10277,115015.0,7,1.0,0,Legitimate,LEGITIMATE,0.0004,0.04,LOW,V20
TX_MON_10278,88596.0,0,304.06,0,Legitimate,LEGITIMATE,0.0006,0.06,LOW,Amount
TX_MON_10279,322.0,0,9.99,0,Legitimate,LEGITIMATE,0.0022,0.22,LOW,sin_hour
TX_MON_10280,78978.0,21,12.3,0,Legitimate,LEGITIMATE,0.0,0.0,LOW,sin_hour
TX_MON_10281,41064.0,11,53.29,0,Legitimate,LEGITIMATE,0.0002,0.02,LOW,sin_hour
TX_MON_10282,128177.0,11,310.01,0,Legitimate,LEGITIMATE,0.002,0.2,LOW,Amount
TX_MON_10283,39400.0,10,1.18,0,Legitimate,LEGITIMATE,0.001,0.1,LOW,log_amount
TX_MON_10284,131341.0,12,10.0,0,Legitimate,LEGITIMATE,0.0001,0.01,LOW,sin_hour
TX_MON_10285,66919.0,18,94.0,0,Legitimate,LEGITIMATE,0.0006,0.06,LOW,cos_hour
TX_MON_10286,109545.0,6,1.29,0,Legitimate,LEGITIMATE,0.0002,0.02,LOW,V1
TX_MON_10287,37270.0,10,7.38,0,Legitimate,LEGITIMATE,0.0087,0.87,LOW,V4
TX_MON_10288,35422.0,9,16.65,0,Legitimate,LEGITIMATE,0.0007,0.07,LOW,V1
TX_MON_10289,131356.0,12,1.0,0,Legitimate,LEGITIMATE,0.0001,0.01,LOW,sin_hour
TX_MON_10290,58265.0,16,36.47,0,Legitimate,LEGITIMATE,0.0002,0.02,LOW,V27
TX_MON_10291,127007.0,11,60.5,0,Legitimate,LEGITIMATE,0.0001,0.01,LOW,sin_hour
TX_MON_10292,50740.0,14,23.39,0,Legitimate,LEGITIMATE,0.0028,0.28,LOW,sin_hour
TX_MON_10293,28158.0,7,51.43,0,Legitimate,LEGITIMATE,0.0005,0.05,LOW,V18
TX_MON_10294,51434.0,14,15.0,0,Legitimate,LEGITIMATE,0.0,0.0,LOW,sin_hour
TX_MON_10295,11301.0,3,26.0,0,Legitimate,LEGITIMATE,0.0,0.0,LOW,V6
TX_MON_10296,129512.0,11,13.35,0,Legitimate,LEGITIMATE,0.0,0.0,LOW,V21
TX_MON_10297,43443.0,12,333.47,0,Legitimate,LEGITIMATE,0.0005,0.05,LOW,Amount
TX_MON_10298,106388.0,5,6.99,0,Legitimate,LEGITIMATE,0.0011,0.11,LOW,cos_hour
TX_MON_10299,80210.0,22,32.0,0,Legitimate,LEGITIMATE,0.0013,0.13,LOW,sin_hour
TX_MON_10300,53373.0,14,11.5,0,Legitimate,LEGITIMATE,0.0004,0.04,LOW,sin_hour
TX_MON_10301,87212.0,0,29.0,0,Legitimate,LEGITIMATE,0.0,0.0,LOW,sin_hour
TX_MON_10302,137832.0,14,159.59,0,Legitimate,LEGITIMATE,0.0015,0.15,LOW,sin_hour
TX_MON_10303,35032.0,9,44.7,0,Legitimate,LEGITIMATE,0.0011,0.11,LOW,V20
TX_MON_10304,87917.0,0,24.95,0,Legitimate,LEGITIMATE,0.0,0.0,LOW,sin_hour
TX_MON_10305,1676.0,0,421.5,0,Legitimate,LEGITIMATE,0.0004,0.04,LOW,Amount
TX_MON_10306,76516.0,21,8.8,0,Legitimate,LEGITIMATE,0.0,0.0,LOW,sin_hour
TX_MON_10307,69223.0,19,41.0,0,Legitimate,LEGITIMATE,0.0001,0.01,LOW,cos_hour
TX_MON_10308,4885.0,1,31.19,0,Legitimate,LEGITIMATE,0.0006,0.06,LOW,V12
TX_MON_10309,130286.0,12,30.08,0,Legitimate,LEGITIMATE,0.0007,0.07,LOW,sin_hour
TX_MON_10310,52774.0,14,9.13,0,Legitimate,LEGITIMATE,0.0003,0.03,LOW,sin_hour
TX_MON_10311,73041.0,20,10.0,0,Legitimate,LEGITIMATE,0.0017,0.17,LOW,V4
TX_MON_10312,69945.0,19,180.0,0,Legitimate,LEGITIMATE,0.0017,0.17,LOW,cos_hour
TX_MON_10313,56484.0,15,0.76,0,Legitimate,LEGITIMATE,0.0227,2.27,LOW,V14
TX_MON_10314,26292.0,7,0.89,0,Legitimate,LEGITIMATE,0.0001,0.01,LOW,V14
TX_MON_10315,130921.0,12,26.99,0,Legitimate,LEGITIMATE,0.0001,0.01,LOW,sin_hour
TX_MON_10316,62627.0,17,42.35,0,Legitimate,LEGITIMATE,0.0006,0.06,LOW,cos_hour
TX_MON_10317,32453.0,9,84.4,0,Legitimate,LEGITIMATE,0.0007,0.07,LOW,V1
TX_MON_10318,132473.0,12,13.68,0,Legitimate,LEGITIMATE,0.0016,0.16,LOW,sin_hour
TX_MON_10319,79090.0,21,0.89,0,Legitimate,LEGITIMATE,0.0018,0.18,LOW,V1
TX_MON_10320,120170.0,9,61.5,0,Legitimate,LEGITIMATE,0.0006,0.06,LOW,V1
TX_MON_10321,139006.0,14,266.16,0,Legitimate,LEGITIMATE,0.0001,0.01,LOW,sin_hour
TX_MON_10322,80034.0,22,39.8,0,Legitimate,LEGITIMATE,0.0001,0.01,LOW,sin_hour
TX_MON_10323,142984.0,15,2.0,0,Legitimate,LEGITIMATE,0.0008,0.08,LOW,log_amount
TX_MON_10324,119581.0,9,5.0,0,Legitimate,LEGITIMATE,0.0,0.0,LOW,log_amount
TX_MON_10325,51571.0,14,63.82,0,Legitimate,LEGITIMATE,0.0017,0.17,LOW,V20
TX_MON_10326,93856.0,2,209.65,1,Fraud,FRAUD,0.998,99.8,HIGH,V14
TX_MON_10327,133212.0,13,547.48,0,Legitimate,LEGITIMATE,0.0012,0.12,LOW,Amount
TX_MON_10328,77182.0,21,1.0,1,Fraud,FRAUD,0.9962,99.62,HIGH,V14
TX_MON_10329,55342.0,15,4.13,0,Legitimate,LEGITIMATE,0.0004,0.04,LOW,log_amount
TX_MON_10330,147147.0,16,3.78,0,Legitimate,LEGITIMATE,0.0004,0.04,LOW,cos_hour
TX_MON_10331,56489.0,15,136.66,0,Legitimate,LEGITIMATE,0.0078,0.78,LOW,V1
TX_MON_10332,34634.0,9,18.96,1,Fraud,FRAUD,0.9952,99.52,HIGH,V14
TX_MON_10333,56902.0,15,14.95,0,Legitimate,LEGITIMATE,0.003,0.3,LOW,V27
TX_MON_10334,67259.0,18,1.0,0,Legitimate,LEGITIMATE,0.0806,8.06,LOW,V14
TX_MON_10335,52176.0,14,30.0,0,Legitimate,LEGITIMATE,0.0002,0.02,LOW,sin_hour
TX_MON_10336,117444.0,8,1.29,0,Legitimate,LEGITIMATE,0.0001,0.01,LOW,log_amount
TX_MON_10337,11092.0,3,1.0,1,Fraud,FRAUD,0.9939,99.39,HIGH,V14
TX_MON_10338,60733.0,16,38.42,0,Legitimate,LEGITIMATE,0.0003,0.03,LOW,cos_hour
TX_MON_10339,64364.0,17,1.98,0,Legitimate,LEGITIMATE,0.0002,0.02,LOW,cos_hour
TX_MON_10340,137406.0,14,0.01,0,Legitimate,LEGITIMATE,0.0,0.0,LOW,log_amount
TX_MON_10341,342.0,0,197.63,0,Legitimate,LEGITIMATE,0.0004,0.04,LOW,V1
TX_MON_10342,10983.0,3,14.95,0,Legitimate,LEGITIMATE,0.0001,0.01,LOW,V12
TX_MON_10343,125966.0,10,17.9,0,Legitimate,LEGITIMATE,0.0,0.0,LOW,V20
TX_MON_10344,45780.0,12,36.86,0,Legitimate,LEGITIMATE,0.0001,0.01,LOW,sin_hour
TX_MON_10345,71392.0,19,74.75,0,Legitimate,LEGITIMATE,0.0005,0.05,LOW,cos_hour
TX_MON_10346,141124.0,15,32.0,0,Legitimate,LEGITIMATE,0.0002,0.02,LOW,sin_hour
TX_MON_10347,77030.0,21,8.91,0,Legitimate,LEGITIMATE,0.0006,0.06,LOW,V11
TX_MON_10348,77627.0,21,106.9,1,Fraud,FRAUD,0.9989,99.89,HIGH,V14
TX_MON_10349,1786.0,0,11.5,0,Legitimate,LEGITIMATE,0.0002,0.02,LOW,V20
TX_MON_10350,130750.0,12,1.29,0,Legitimate,LEGITIMATE,0.0002,0.02,LOW,log_amount
TX_MON_10351,166743.0,22,109.76,0,Legitimate,LEGITIMATE,0.0,0.0,LOW,sin_hour
TX_MON_10352,75357.0,20,2.37,0,Legitimate,LEGITIMATE,0.0015,0.15,LOW,V21
TX_MON_10353,131550.0,12,15.0,0,Legitimate,LEGITIMATE,0.0001,0.01,LOW,sin_hour
TX_MON_10354,115134.0,7,1.29,0,Legitimate,LEGITIMATE,0.0,0.0,LOW,log_amount
TX_MON_10355,137668.0,14,198.0,0,Legitimate,LEGITIMATE,0.0001,0.01,LOW,sin_hour
TX_MON_10356,127531.0,11,509.0,0,Legitimate,LEGITIMATE,0.0002,0.02,LOW,Amount
TX_MON_10357,100924.0,4,1.0,1,Fraud,FRAUD,0.9799,97.99,HIGH,V4
TX_MON_10358,59138.0,16,71.66,0,Legitimate,LEGITIMATE,0.0001,0.01,LOW,cos_hour
TX_MON_10359,12817.0,3,1.46,0,Legitimate,LEGITIMATE,0.0,0.0,LOW,V12
TX_MON_10360,162050.0,21,1.29,0,Legitimate,LEGITIMATE,0.0014,0.14,LOW,V1
TX_MON_10361,60747.0,16,144.0,0,Legitimate,LEGITIMATE,0.0008,0.08,LOW,cos_hour
TX_MON_10362,27163.0,7,99.99,1,Fraud,FRAUD,0.9979,99.79,HIGH,V14
TX_MON_10363,129525.0,11,17.9,0,Legitimate,LEGITIMATE,0.0001,0.01,LOW,sin_hour
TX_MON_10364,150886.0,17,28.75,0,Legitimate,LEGITIMATE,0.0006,0.06,LOW,cos_hour
TX_MON_10365,121050.0,9,1.0,0,Legitimate,LEGITIMATE,0.0001,0.01,LOW,log_amount
TX_MON_10366,44663.0,12,2.0,0,Legitimate,LEGITIMATE,0.0001,0.01,LOW,log_amount
TX_MON_10367,89736.0,0,7.61,0,Legitimate,LEGITIMATE,0.0001,0.01,LOW,V3
TX_MON_10368,158056.0,19,112.7,0,Legitimate,LEGITIMATE,0.0001,0.01,LOW,cos_hour
TX_MON_10369,130430.0,12,28.0,0,Legitimate,LEGITIMATE,0.0006,0.06,LOW,sin_hour
TX_MON_10370,145878.0,16,0.76,0,Legitimate,LEGITIMATE,0.0025,0.25,LOW,V4
TX_MON_10371,49517.0,13,11.05,0,Legitimate,LEGITIMATE,0.0005,0.05,LOW,sin_hour
TX_MON_10372,87941.0,0,39.0,0,Legitimate,LEGITIMATE,0.0001,0.01,LOW,sin_hour
TX_MON_10373,137563.0,14,19.5,0,Legitimate,LEGITIMATE,0.0012,0.12,LOW,sin_hour
TX_MON_10374,156693.0,19,223.93,0,Legitimate,LEGITIMATE,0.0161,1.61,LOW,cos_hour
TX_MON_10375,67875.0,18,1.0,0,Legitimate,LEGITIMATE,0.0002,0.02,LOW,cos_hour
TX_MON_10376,138485.0,14,50.0,0,Legitimate,LEGITIMATE,0.0002,0.02,LOW,V20
TX_MON_10377,119436.0,9,170.24,0,Legitimate,LEGITIMATE,0.0,0.0,LOW,V23
TX_MON_10378,33412.0,9,7.81,0,Legitimate,LEGITIMATE,0.0008,0.08,LOW,V4
TX_MON_10379,19912.0,5,5.0,0,Legitimate,LEGITIMATE,0.0001,0.01,LOW,V12
TX_MON_10380,40918.0,11,0.76,1,Fraud,FRAUD,0.9979,99.79,HIGH,V14
TX_MON_10381,78762.0,21,808.13,0,Legitimate,LEGITIMATE,0.0002,0.02,LOW,V4
TX_MON_10382,54122.0,15,49.95,0,Legitimate,LEGITIMATE,0.0001,0.01,LOW,sin_hour
TX_MON_10383,134589.0,13,0.0,0,Legitimate,LEGITIMATE,0.0006,0.06,LOW,log_amount
TX_MON_10384,125819.0,10,0.76,0,Legitimate,LEGITIMATE,0.0002,0.02,LOW,log_amount
TX_MON_10385,72643.0,20,445.7,0,Legitimate,LEGITIMATE,0.0003,0.03,LOW,Amount
TX_MON_10386,148479.0,17,122.68,1,Fraud,FRAUD,0.9982,99.82,HIGH,V14
TX_MON_10387,49706.0,13,1.79,0,Legitimate,LEGITIMATE,0.0021,0.21,LOW,V14
TX_MON_10388,121668.0,9,45.0,0,Legitimate,LEGITIMATE,0.0,0.0,LOW,V25
TX_MON_10389,158249.0,19,9.99,0,Legitimate,LEGITIMATE,0.0004,0.04,LOW,cos_hour
TX_MON_10390,70167.0,19,12.99,0,Legitimate,LEGITIMATE,0.001,0.1,LOW,cos_hour
TX_MON_10391,152165.0,18,1.0,1,Fraud,FRAUD,0.9992,99.92,HIGH,V14
TX_MON_10392,128214.0,11,24.94,0,Legitimate,LEGITIMATE,0.0001,0.01,LOW,V6
TX_MON_10393,134013.0,13,2.42,0,Legitimate,LEGITIMATE,0.0048,0.48,LOW,sin_hour
TX_MON_10394,92198.0,1,5.9,0,Legitimate,LEGITIMATE,0.0002,0.02,LOW,V8
TX_MON_10395,159766.0,20,824.0,0,Legitimate,LEGITIMATE,0.0003,0.03,LOW,Amount
TX_MON_10396,60042.0,16,0.99,0,Legitimate,LEGITIMATE,0.0004,0.04,LOW,cos_hour
TX_MON_10397,55601.0,15,24.0,0,Legitimate,LEGITIMATE,0.0001,0.01,LOW,sin_hour
TX_MON_10398,152802.0,18,357.95,1,Fraud,FRAUD,0.7301,73.01,HIGH,V14
TX_MON_10399,31854.0,8,8.33,0,Legitimate,LEGITIMATE,0.0002,0.02,LOW,V1
TX_MON_10400,52895.0,14,0.89,0,Legitimate,LEGITIMATE,0.001,0.1,LOW,V14
TX_MON_10401,54846.0,15,1.79,1,Fraud,LEGITIMATE,0.0654,6.54,LOW,sin_hour
TX_MON_10402,134824.0,13,11.78,0,Legitimate,LEGITIMATE,0.003,0.3,LOW,sin_hour
TX_MON_10403,140808.0,15,6.15,0,Legitimate,LEGITIMATE,0.0003,0.03,LOW,sin_hour
TX_MON_10404,34180.0,9,7.99,0,Legitimate,LEGITIMATE,0.001,0.1,LOW,V1
TX_MON_10405,151189.0,17,15.0,0,Legitimate,LEGITIMATE,0.0008,0.08,LOW,cos_hour
TX_MON_10406,111992.0,7,10.0,0,Legitimate,LEGITIMATE,0.0,0.0,LOW,cos_hour
TX_MON_10407,76006.0,21,3.87,0,Legitimate,LEGITIMATE,0.0165,1.65,LOW,V1
TX_MON_10408,96575.0,2,219.6,0,Legitimate,LEGITIMATE,0.0004,0.04,LOW,V12
TX_MON_10409,167768.0,22,47.64,0,Legitimate,LEGITIMATE,0.0002,0.02,LOW,sin_hour
TX_MON_10410,73258.0,20,280.0,0,Legitimate,LEGITIMATE,0.004,0.4,LOW,Amount
TX_MON_10411,91230.0,1,74.91,0,Legitimate,LEGITIMATE,0.0033,0.33,LOW,V4
TX_MON_10412,35585.0,9,0.76,1,Fraud,FRAUD,0.8713,87.13,HIGH,V20
TX_MON_10413,170348.0,23,42.53,1,Fraud,FRAUD,0.9051,90.51,HIGH,V14
TX_MON_10414,40961.0,11,1.0,0,Legitimate,LEGITIMATE,0.0238,2.38,LOW,V14
TX_MON_10415,126621.0,11,138.0,0,Legitimate,LEGITIMATE,0.0002,0.02,LOW,V20
TX_MON_10416,147983.0,17,89.99,0,Legitimate,LEGITIMATE,0.0002,0.02,LOW,cos_hour
TX_MON_10417,133197.0,12,30.7,0,Legitimate,LEGITIMATE,0.0007,0.07,LOW,sin_hour
TX_MON_10418,149753.0,17,45.91,0,Legitimate,LEGITIMATE,0.0001,0.01,LOW,cos_hour
TX_MON_10419,137537.0,14,5.0,0,Legitimate,LEGITIMATE,0.0002,0.02,LOW,sin_hour
TX_MON_10420,38712.0,10,383.1,0,Legitimate,LEGITIMATE,0.0001,0.01,LOW,V4
TX_MON_10421,110584.0,6,1.79,0,Legitimate,LEGITIMATE,0.0002,0.02,LOW,V12
TX_MON_10422,52032.0,14,196.95,0,Legitimate,LEGITIMATE,0.0002,0.02,LOW,V1
TX_MON_10423,18290.0,5,11.85,0,Legitimate,LEGITIMATE,0.0001,0.01,LOW,V7
TX_MON_10424,36630.0,10,10.11,0,Legitimate,LEGITIMATE,0.0002,0.02,LOW,V28
TX_MON_10425,2895.0,0,75.49,0,Legitimate,LEGITIMATE,0.0007,0.07,LOW,V11
TX_MON_10426,69780.0,19,112.91,0,Legitimate,LEGITIMATE,0.0001,0.01,LOW,cos_hour
TX_MON_10427,169966.0,23,245.0,1,Fraud,FRAUD,0.9979,99.79,HIGH,V14
TX_MON_10428,134435.0,13,90.0,0,Legitimate,LEGITIMATE,0.0002,0.02,LOW,sin_hour
TX_MON_10429,35860.0,9,11.5,0,Legitimate,LEGITIMATE,0.0013,0.13,LOW,V25
TX_MON_10430,136612.0,13,76.48,0,Legitimate,LEGITIMATE,0.0008,0.08,LOW,sin_hour
TX_MON_10431,62481.0,17,10.12,0,Legitimate,LEGITIMATE,0.0,0.0,LOW,cos_hour
TX_MON_10432,60475.0,16,20.0,0,Legitimate,LEGITIMATE,0.0002,0.02,LOW,V25
TX_MON_10433,16484.0,4,4.49,0,Legitimate,LEGITIMATE,0.0008,0.08,LOW,V12
TX_MON_10434,78785.0,21,13.08,0,Legitimate,LEGITIMATE,0.0002,0.02,LOW,V20
TX_MON_10435,50291.0,13,15.0,0,Legitimate,LEGITIMATE,0.0001,0.01,LOW,sin_hour
TX_MON_10436,42787.0,11,82.15,0,Legitimate,LEGITIMATE,0.0018,0.18,LOW,V4
TX_MON_10437,29540.0,8,30.4,0,Legitimate,LEGITIMATE,0.0005,0.05,LOW,V20
TX_MON_10438,125345.0,10,987.0,0,Legitimate,LEGITIMATE,0.0002,0.02,LOW,V21
TX_MON_10439,172010.0,23,1.29,0,Legitimate,LEGITIMATE,0.0,0.0,LOW,sin_hour
TX_MON_10440,33108.0,9,5.69,0,Legitimate,LEGITIMATE,0.0009,0.09,LOW,log_amount
TX_MON_10441,72522.0,20,55.0,0,Legitimate,LEGITIMATE,0.0004,0.04,LOW,cos_hour
TX_MON_10442,1097.0,0,55.94,0,Legitimate,LEGITIMATE,0.0006,0.06,LOW,V11
TX_MON_10443,69362.0,19,86.9,0,Legitimate,LEGITIMATE,0.0004,0.04,LOW,cos_hour
TX_MON_10444,160665.0,20,2.69,0,Legitimate,LEGITIMATE,0.0001,0.01,LOW,sin_hour
TX_MON_10445,143519.0,15,0.99,0,Legitimate,LEGITIMATE,0.0002,0.02,LOW,log_amount
TX_MON_10446,17838.0,4,766.36,1,Fraud,FRAUD,0.9983,99.83,HIGH,V14
TX_MON_10447,125952.0,10,249.2,0,Legitimate,LEGITIMATE,0.0008,0.08,LOW,V8
TX_MON_10448,62467.0,17,1402.16,1,Fraud,FRAUD,0.9916,99.16,HIGH,V14
TX_MON_10449,129095.0,11,720.8,1,Fraud,FRAUD,0.9478,94.78,HIGH,V7
TX_MON_10450,80705.0,22,33.35,0,Legitimate,LEGITIMATE,0.0004,0.04,LOW,sin_hour
TX_MON_10451,136003.0,13,5.16,0,Legitimate,LEGITIMATE,0.001,0.1,LOW,sin_hour
TX_MON_10452,59517.0,16,132.72,0,Legitimate,LEGITIMATE,0.0006,0.06,LOW,V1
TX_MON_10453,162480.0,21,1.0,0,Legitimate,LEGITIMATE,0.0004,0.04,LOW,sin_hour
TX_MON_10454,145549.0,16,8.01,0,Legitimate,LEGITIMATE,0.0018,0.18,LOW,V1
TX_MON_10455,133731.0,13,0.0,1,Fraud,FRAUD,0.9962,99.62,HIGH,V14
TX_MON_10456,152094.0,18,24.96,0,Legitimate,LEGITIMATE,0.0001,0.01,LOW,cos_hour
TX_MON_10457,172583.0,23,5.0,0,Legitimate,LEGITIMATE,0.0004,0.04,LOW,sin_hour
TX_MON_10458,149873.0,17,2.87,0,Legitimate,LEGITIMATE,0.0002,0.02,LOW,log_amount
TX_MON_10459,149403.0,17,1.0,0,Legitimate,LEGITIMATE,0.0029,0.29,LOW,V14
TX_MON_10460,41646.0,11,172.32,1,Fraud,FRAUD,0.9982,99.82,HIGH,V14
TX_MON_10461,7026.0,1,19.99,0,Legitimate,LEGITIMATE,0.0014,0.14,LOW,V20
TX_MON_10462,14593.0,4,45.99,0,Legitimate,LEGITIMATE,0.0003,0.03,LOW,V12
TX_MON_10463,18690.0,5,1.0,1,Fraud,FRAUD,0.9977,99.77,HIGH,V14
TX_MON_10464,143485.0,15,40.0,0,Legitimate,LEGITIMATE,0.0001,0.01,LOW,V26
TX_MON_10465,156091.0,19,8.99,0,Legitimate,LEGITIMATE,0.0,0.0,LOW,cos_hour
TX_MON_10466,159022.0,20,82.5,0,Legitimate,LEGITIMATE,0.0003,0.03,LOW,cos_hour
TX_MON_10467,140235.0,14,25.86,0,Legitimate,LEGITIMATE,0.0061,0.61,LOW,sin_hour
TX_MON_10468,43815.0,12,285.7,0,Legitimate,LEGITIMATE,0.0003,0.03,LOW,Amount
TX_MON_10469,121269.0,9,0.79,0,Legitimate,LEGITIMATE,0.0001,0.01,LOW,log_amount
TX_MON_10470,102802.0,4,0.76,0,Legitimate,LEGITIMATE,0.0016,0.16,LOW,V4
TX_MON_10471,48983.0,13,241.12,0,Legitimate,LEGITIMATE,0.0027,0.27,LOW,sin_hour
TX_MON_10472,153649.0,18,22.0,0,Legitimate,LEGITIMATE,0.0003,0.03,LOW,cos_hour
TX_MON_10473,78128.0,21,34.24,0,Legitimate,LEGITIMATE,0.0006,0.06,LOW,V11
TX_MON_10474,62976.0,17,36.81,0,Legitimate,LEGITIMATE,0.0015,0.15,LOW,V4
TX_MON_10475,155936.0,19,1.29,0,Legitimate,LEGITIMATE,0.0001,0.01,LOW,cos_hour
TX_MON_10476,121421.0,9,19.99,0,Legitimate,LEGITIMATE,0.0044,0.44,LOW,V4
TX_MON_10477,163428.0,21,29.0,0,Legitimate,LEGITIMATE,0.0,0.0,LOW,V22
TX_MON_10478,40662.0,11,1.0,1,Fraud,FRAUD,0.9944,99.44,HIGH,V14
TX_MON_10479,21538.0,5,11.85,0,Legitimate,LEGITIMATE,0.0,0.0,LOW,cos_hour
TX_MON_10480,125682.0,10,21.39,0,Legitimate,LEGITIMATE,0.0008,0.08,LOW,V14
TX_MON_10481,147289.0,16,49.99,0,Legitimate,LEGITIMATE,0.0002,0.02,LOW,cos_hour
TX_MON_10482,45488.0,12,135.4,0,Legitimate,LEGITIMATE,0.0002,0.02,LOW,sin_hour
TX_MON_10483,69383.0,19,78.3,0,Legitimate,LEGITIMATE,0.0002,0.02,LOW,cos_hour
TX_MON_10484,26523.0,7,99.99,1,Fraud,FRAUD,0.9975,99.75,HIGH,V14
TX_MON_10485,53586.0,14,1.0,0,Legitimate,LEGITIMATE,0.0157,1.57,LOW,sin_hour
TX_MON_10486,64930.0,18,254.31,0,Legitimate,LEGITIMATE,0.0078,0.78,LOW,V21
TX_MON_10487,39970.0,11,31.4,0,Legitimate,LEGITIMATE,0.0002,0.02,LOW,V28
TX_MON_10488,86853.0,0,8.98,0,Legitimate,LEGITIMATE,0.0,0.0,LOW,sin_hour
TX_MON_10489,55798.0,15,119.98,0,Legitimate,LEGITIMATE,0.0007,0.07,LOW,V20
TX_MON_10490,79325.0,22,1.0,0,Legitimate,LEGITIMATE,0.0005,0.05,LOW,sin_hour
TX_MON_10491,34030.0,9,6.5,0,Legitimate,LEGITIMATE,0.0052,0.52,LOW,V4
TX_MON_10492,146866.0,16,64.29,0,Legitimate,LEGITIMATE,0.0001,0.01,LOW,cos_hour
TX_MON_10493,102489.0,4,104.0,1,Fraud,FRAUD,0.9973,99.73,HIGH,V14
TX_MON_10494,161166.0,20,114.83,0,Legitimate,LEGITIMATE,0.0038,0.38,LOW,V8
TX_MON_10495,163178.0,21,172.0,0,Legitimate,LEGITIMATE,0.0002,0.02,LOW,V18
TX_MON_10496,80059.0,22,3.69,0,Legitimate,LEGITIMATE,0.0001,0.01,LOW,sin_hour
TX_MON_10497,22939.0,6,11.85,0,Legitimate,LEGITIMATE,0.0003,0.03,LOW,cos_hour
TX_MON_10498,79141.0,21,88.0,0,Legitimate,LEGITIMATE,0.0009,0.09,LOW,sin_hour
TX_MON_10499,119134.0,9,1.1,0,Legitimate,LEGITIMATE,0.0001,0.01,LOW,log_amount
TX_MON_10500,104659.0,5,1.88,0,Legitimate,LEGITIMATE,0.0003,0.03,LOW,log_amount
TX_MON_10501,142595.0,15,0.89,0,Legitimate,LEGITIMATE,0.0,0.0,LOW,V7
TX_MON_10502,68524.0,19,189.16,0,Legitimate,LEGITIMATE,0.0009,0.09,LOW,V4
TX_MON_10503,881.0,0,107.9,0,Legitimate,LEGITIMATE,0.0014,0.14,LOW,V1
TX_MON_10504,159484.0,20,21.87,0,Legitimate,LEGITIMATE,0.0006,0.06,LOW,V1
TX_MON_10505,88518.0,0,14.37,0,Legitimate,LEGITIMATE,0.0018,0.18,LOW,V26
TX_MON_10506,8552.0,2,3.0,0,Legitimate,LEGITIMATE,0.0012,0.12,LOW,V4
TX_MON_10507,107547.0,5,11.27,0,Legitimate,LEGITIMATE,0.0,0.0,LOW,V12
TX_MON_10508,64155.0,17,1.0,0,Legitimate,LEGITIMATE,0.023,2.3,LOW,cos_hour
TX_MON_10509,65728.0,18,98.01,1,Fraud,FRAUD,0.9049,90.49,HIGH,V14
TX_MON_10510,148636.0,17,5.49,0,Legitimate,LEGITIMATE,0.0,0.0,LOW,cos_hour
TX_MON_10511,93860.0,2,78.0,1,Fraud,FRAUD,0.9995,99.95,HIGH,V14
TX_MON_10512,135392.0,13,73.75,0,Legitimate,LEGITIMATE,0.0001,0.01,LOW,sin_hour
TX_MON_10513,145232.0,16,14.87,0,Legitimate,LEGITIMATE,0.0,0.0,LOW,V23
TX_MON_10514,60624.0,16,163.5,0,Legitimate,LEGITIMATE,0.0003,0.03,LOW,cos_hour
TX_MON_10515,38505.0,10,97.1,0,Legitimate,LEGITIMATE,0.0001,0.01,LOW,V25
TX_MON_10516,164030.0,21,0.9,0,Legitimate,LEGITIMATE,0.0328,3.28,LOW,V4
TX_MON_10517,10833.0,3,4.24,0,Legitimate,LEGITIMATE,0.0002,0.02,LOW,V11
TX_MON_10518,43460.0,12,8.99,0,Legitimate,LEGITIMATE,0.0001,0.01,LOW,sin_hour
TX_MON_10519,54560.0,15,5.28,0,Legitimate,LEGITIMATE,0.0003,0.03,LOW,sin_hour
TX_MON_10520,70854.0,19,11.99,0,Legitimate,LEGITIMATE,0.0012,0.12,LOW,cos_hour
TX_MON_10521,47380.0,13,39.71,0,Legitimate,LEGITIMATE,0.0002,0.02,LOW,sin_hour
TX_MON_10522,120444.0,9,56.0,0,Legitimate,LEGITIMATE,0.0001,0.01,LOW,V18
TX_MON_10523,126555.0,11,457.5,0,Legitimate,LEGITIMATE,0.0005,0.05,LOW,Amount
TX_MON_10524,113638.0,7,1.0,0,Legitimate,LEGITIMATE,0.0002,0.02,LOW,V25
TX_MON_10525,60009.0,16,170.0,0,Legitimate,LEGITIMATE,0.0072,0.72,LOW,V1
TX_MON_10526,68878.0,19,61.75,0,Legitimate,LEGITIMATE,0.0001,0.01,LOW,cos_hour
TX_MON_10527,77412.0,21,1.98,0,Legitimate,LEGITIMATE,0.0001,0.01,LOW,V11
TX_MON_10528,31221.0,8,100.0,0,Legitimate,LEGITIMATE,0.0001,0.01,LOW,V21
TX_MON_10529,170625.0,23,150.0,0,Legitimate,LEGITIMATE,0.0003,0.03,LOW,V23
TX_MON_10530,153833.0,18,2.99,0,Legitimate,LEGITIMATE,0.0,0.0,LOW,cos_hour
TX_MON_10531,58397.0,16,136.97,0,Legitimate,LEGITIMATE,0.0155,1.55,LOW,V11
TX_MON_10532,131066.0,12,39.32,0,Legitimate,LEGITIMATE,0.0003,0.03,LOW,sin_hour
TX_MON_10533,157338.0,19,2.0,0,Legitimate,LEGITIMATE,0.0023,0.23,LOW,V23
TX_MON_10534,388.0,0,9.99,0,Legitimate,LEGITIMATE,0.0,0.0,LOW,V1
TX_MON_10535,78599.0,21,20.04,0,Legitimate,LEGITIMATE,0.0003,0.03,LOW,sin_hour
TX_MON_10536,75652.0,21,19.95,0,Legitimate,LEGITIMATE,0.0003,0.03,LOW,sin_hour
TX_MON_10537,61543.0,17,8.99,0,Legitimate,LEGITIMATE,0.0001,0.01,LOW,cos_hour
TX_MON_10538,97181.0,2,0.89,0,Legitimate,LEGITIMATE,0.0007,0.07,LOW,V12
TX_MON_10539,77729.0,21,22.5,0,Legitimate,LEGITIMATE,0.0001,0.01,LOW,V28
TX_MON_10540,44676.0,12,39.0,0,Legitimate,LEGITIMATE,0.0,0.0,LOW,sin_hour
TX_MON_10541,92227.0,1,40.83,0,Legitimate,LEGITIMATE,0.0,0.0,LOW,V12
TX_MON_10542,117304.0,8,102.63,0,Legitimate,LEGITIMATE,0.0001,0.01,LOW,V23
TX_MON_10543,152547.0,18,24.98,0,Legitimate,LEGITIMATE,0.0004,0.04,LOW,V4
TX_MON_10544,42267.0,11,2.0,0,Legitimate,LEGITIMATE,0.0009,0.09,LOW,log_amount
TX_MON_10545,111067.0,6,2.12,0,Legitimate,LEGITIMATE,0.0002,0.02,LOW,V12
TX_MON_10546,139587.0,14,0.0,0,Legitimate,LEGITIMATE,0.0037,0.37,LOW,V4
TX_MON_10547,49045.0,13,49.22,0,Legitimate,LEGITIMATE,0.0002,0.02,LOW,V4
TX_MON_10548,137748.0,14,82.53,0,Legitimate,LEGITIMATE,0.0001,0.01,LOW,sin_hour
TX_MON_10549,27187.0,7,99.99,1,Fraud,FRAUD,0.9979,99.79,HIGH,V14
TX_MON_10550,34065.0,9,1.0,0,Legitimate,LEGITIMATE,0.0099,0.99,LOW,V4
TX_MON_10551,46597.0,12,79.98,0,Legitimate,LEGITIMATE,0.0001,0.01,LOW,sin_hour
TX_MON_10552,60765.0,16,178.0,0,Legitimate,LEGITIMATE,0.0003,0.03,LOW,cos_hour
TX_MON_10553,144045.0,16,11.98,0,Legitimate,LEGITIMATE,0.0004,0.04,LOW,V21
TX_MON_10554,135794.0,13,8.93,0,Legitimate,LEGITIMATE,0.0002,0.02,LOW,sin_hour
TX_MON_10555,124922.0,10,9.99,0,Legitimate,LEGITIMATE,0.0001,0.01,LOW,V26
TX_MON_10556,82390.0,22,2.0,0,Legitimate,LEGITIMATE,0.0001,0.01,LOW,sin_hour
TX_MON_10557,14422.0,4,24.89,0,Legitimate,LEGITIMATE,0.0002,0.02,LOW,V20
TX_MON_10558,125508.0,10,30.0,0,Legitimate,LEGITIMATE,0.0,0.0,LOW,V3
TX_MON_10559,121470.0,9,169.0,0,Legitimate,LEGITIMATE,0.0008,0.08,LOW,V8
TX_MON_10560,71373.0,19,3.84,0,Legitimate,LEGITIMATE,0.0002,0.02,LOW,cos_hour
TX_MON_10561,136714.0,13,70.18,0,Legitimate,LEGITIMATE,0.0001,0.01,LOW,sin_hour
TX_MON_10562,169445.0,23,64.0,0,Legitimate,LEGITIMATE,0.0002,0.02,LOW,V1
TX_MON_10563,121422.0,9,24.94,0,Legitimate,LEGITIMATE,0.0003,0.03,LOW,V8
TX_MON_10564,63902.0,17,128.3,0,Legitimate,LEGITIMATE,0.0003,0.03,LOW,cos_hour
TX_MON_10565,94515.0,2,11.27,0,Legitimate,LEGITIMATE,0.0003,0.03,LOW,V12
TX_MON_10566,73816.0,20,158.0,0,Legitimate,LEGITIMATE,0.0004,0.04,LOW,cos_hour
TX_MON_10567,118634.0,8,20.8,0,Legitimate,LEGITIMATE,0.001,0.1,LOW,V4
TX_MON_10568,124682.0,10,19.88,0,Legitimate,LEGITIMATE,0.0004,0.04,LOW,V17
TX_MON_10569,79281.0,22,1.0,0,Legitimate,LEGITIMATE,0.0004,0.04,LOW,sin_hour
TX_MON_10570,119200.0,9,3.75,0,Legitimate,LEGITIMATE,0.0062,0.62,LOW,V4
TX_MON_10571,77064.0,21,397.63,0,Legitimate,LEGITIMATE,0.0009,0.09,LOW,Amount
TX_MON_10572,105625.0,5,147.93,0,Legitimate,LEGITIMATE,0.0001,0.01,LOW,cos_hour
TX_MON_10573,62335.0,17,25.0,0,Legitimate,LEGITIMATE,0.0003,0.03,LOW,cos_hour
TX_MON_10574,43915.0,12,1.98,0,Legitimate,LEGITIMATE,0.0003,0.03,LOW,sin_hour
TX_MON_10575,164489.0,21,5.99,0,Legitimate,LEGITIMATE,0.0002,0.02,LOW,V1
TX_MON_10576,151827.0,18,12.31,0,Legitimate,LEGITIMATE,0.0001,0.01,LOW,cos_hour
TX_MON_10577,160442.0,20,57.38,0,Legitimate,LEGITIMATE,0.0002,0.02,LOW,V20
TX_MON_10578,67335.0,18,57.24,0,Legitimate,LEGITIMATE,0.0001,0.01,LOW,cos_hour
TX_MON_10579,119436.0,9,0.0,0,Legitimate,LEGITIMATE,0.0001,0.01,LOW,log_amount
TX_MON_10580,67734.0,18,16.1,0,Legitimate,LEGITIMATE,0.0013,0.13,LOW,cos_hour
TX_MON_10581,35688.0,9,4.9,0,Legitimate,LEGITIMATE,0.0003,0.03,LOW,log_amount
TX_MON_10582,72370.0,20,1.98,0,Legitimate,LEGITIMATE,0.001,0.1,LOW,V28
TX_MON_10583,71033.0,19,426.4,1,Fraud,FRAUD,0.9984,99.84,HIGH,V14
TX_MON_10584,127154.0,11,27.99,0,Legitimate,LEGITIMATE,0.0002,0.02,LOW,V1
TX_MON_10585,275.0,0,70.33,0,Legitimate,LEGITIMATE,0.0001,0.01,LOW,sin_hour
TX_MON_10586,149676.0,17,17.39,1,Fraud,FRAUD,0.8204,82.04,HIGH,V14
TX_MON_10587,148328.0,17,50.33,0,Legitimate,LEGITIMATE,0.0,0.0,LOW,cos_hour
TX_MON_10588,143474.0,15,47.95,0,Legitimate,LEGITIMATE,0.0001,0.01,LOW,V27
TX_MON_10589,94020.0,2,36.0,0,Legitimate,LEGITIMATE,0.0001,0.01,LOW,V12
TX_MON_10590,8451.0,2,1.0,1,Fraud,FRAUD,0.998,99.8,HIGH,V14
TX_MON_10591,145381.0,16,1.0,0,Legitimate,LEGITIMATE,0.0001,0.01,LOW,log_amount
TX_MON_10592,209.0,0,95.56,0,Legitimate,LEGITIMATE,0.0003,0.03,LOW,sin_hour
TX_MON_10593,129004.0,11,29.97,0,Legitimate,LEGITIMATE,0.0005,0.05,LOW,V4
TX_MON_10594,115107.0,7,29.99,0,Legitimate,LEGITIMATE,0.0003,0.03,LOW,V18
TX_MON_10595,76467.0,21,165.0,0,Legitimate,LEGITIMATE,0.0082,0.82,LOW,V1
TX_MON_10596,92257.0,1,0.76,0,Legitimate,LEGITIMATE,0.0072,0.72,LOW,V12
TX_MON_10597,134928.0,13,0.0,1,Fraud,FRAUD,0.997,99.7,HIGH,V14
TX_MON_10598,88624.0,0,287.5,0,Legitimate,LEGITIMATE,0.0005,0.05,LOW,Amount
TX_MON_10599,74262.0,20,311.28,1,Fraud,FRAUD,0.996,99.6,HIGH,V14
TX_MON_10600,43824.0,12,9.99,0,Legitimate,LEGITIMATE,0.0004,0.04,LOW,sin_hour
TX_MON_10601,154284.0,18,48.95,0,Legitimate,LEGITIMATE,0.0001,0.01,LOW,cos_hour
TX_MON_10602,73210.0,20,33.03,0,Legitimate,LEGITIMATE,0.0004,0.04,LOW,V16
TX_MON_10603,60226.0,16,64.46,0,Legitimate,LEGITIMATE,0.002,0.2,LOW,V4
TX_MON_10604,115221.0,8,950.0,0,Legitimate,LEGITIMATE,0.0019,0.19,LOW,Amount
TX_MON_10605,83418.0,23,16.0,0,Legitimate,LEGITIMATE,0.0004,0.04,LOW,sin_hour
TX_MON_10606,152278.0,18,82.99,0,Legitimate,LEGITIMATE,0.0065,0.65,LOW,cos_hour
TX_MON_10607,163617.0,21,1.0,0,Legitimate,LEGITIMATE,0.0002,0.02,LOW,sin_hour
TX_MON_10608,121489.0,9,12.95,0,Legitimate,LEGITIMATE,0.0,0.0,LOW,V22
TX_MON_10609,116117.0,8,9.99,0,Legitimate,LEGITIMATE,0.0,0.0,LOW,V26
TX_MON_10610,22275.0,6,0.79,0,Legitimate,LEGITIMATE,0.0007,0.07,LOW,V12
TX_MON_10611,155306.0,19,91.9,0,Legitimate,LEGITIMATE,0.0001,0.01,LOW,cos_hour
TX_MON_10612,158943.0,20,313.08,0,Legitimate,LEGITIMATE,0.0033,0.33,LOW,Amount
TX_MON_10613,37592.0,10,30.0,0,Legitimate,LEGITIMATE,0.0002,0.02,LOW,V25
TX_MON_10614,54317.0,15,164.99,0,Legitimate,LEGITIMATE,0.0011,0.11,LOW,V1
TX_MON_10615,140297.0,14,4.49,0,Legitimate,LEGITIMATE,0.0006,0.06,LOW,sin_hour
TX_MON_10616,29282.0,8,2.69,0,Legitimate,LEGITIMATE,0.0002,0.02,LOW,log_amount
TX_MON_10617,87915.0,0,59.19,0,Legitimate,LEGITIMATE,0.0002,0.02,LOW,sin_hour
TX_MON_10618,145960.0,16,5.0,0,Legitimate,LEGITIMATE,0.0003,0.03,LOW,log_amount
TX_MON_10619,68180.0,18,734.3,0,Legitimate,LEGITIMATE,0.0001,0.01,LOW,Amount
TX_MON_10620,62845.0,17,0.89,0,Legitimate,LEGITIMATE,0.0005,0.05,LOW,V1
TX_MON_10621,10795.0,2,124.8,0,Legitimate,LEGITIMATE,0.0004,0.04,LOW,V1
TX_MON_10622,127257.0,11,47.79,0,Legitimate,LEGITIMATE,0.0007,0.07,LOW,V1
TX_MON_10623,138427.0,14,400.0,0,Legitimate,LEGITIMATE,0.0067,0.67,LOW,V4
TX_MON_10624,163143.0,21,9.99,0,Legitimate,LEGITIMATE,0.0015,0.15,LOW,V14
TX_MON_10625,164869.0,21,0.89,0,Legitimate,LEGITIMATE,0.0,0.0,LOW,sin_hour
TX_MON_10626,20451.0,5,1.0,1,Fraud,FRAUD,0.9981,99.81,HIGH,V14
TX_MON_10627,167991.0,22,33.83,0,Legitimate,LEGITIMATE,0.0002,0.02,LOW,sin_hour
TX_MON_10628,148723.0,17,30.78,0,Legitimate,LEGITIMATE,0.0002,0.02,LOW,cos_hour
TX_MON_10629,42308.0,11,337.03,0,Legitimate,LEGITIMATE,0.002,0.2,LOW,Amount
TX_MON_10630,165367.0,21,221.25,0,Legitimate,LEGITIMATE,0.0007,0.07,LOW,sin_hour
TX_MON_10631,141111.0,15,11.97,0,Legitimate,LEGITIMATE,0.0022,0.22,LOW,sin_hour
TX_MON_10632,153105.0,18,0.89,0,Legitimate,LEGITIMATE,0.0,0.0,LOW,cos_hour
TX_MON_10633,155548.0,19,7.06,1,Fraud,FRAUD,0.9419,94.19,HIGH,V14
TX_MON_10634,150434.0,17,9.95,0,Legitimate,LEGITIMATE,0.0003,0.03,LOW,V4
TX_MON_10635,58222.0,16,270.0,1,Fraud,FRAUD,0.9911,99.11,HIGH,V14
TX_MON_10636,45326.0,12,0.99,0,Legitimate,LEGITIMATE,0.0002,0.02,LOW,sin_hour
TX_MON_10637,77589.0,21,8.99,0,Legitimate,LEGITIMATE,0.0001,0.01,LOW,sin_hour
TX_MON_10638,51480.0,14,7.47,0,Legitimate,LEGITIMATE,0.0002,0.02,LOW,sin_hour
TX_MON_10639,153941.0,18,59.93,0,Legitimate,LEGITIMATE,0.0001,0.01,LOW,cos_hour
TX_MON_10640,34255.0,9,100.0,0,Legitimate,LEGITIMATE,0.001,0.1,LOW,V8
TX_MON_10641,50756.0,14,31.79,0,Legitimate,LEGITIMATE,0.0003,0.03,LOW,sin_hour
TX_MON_10642,70832.0,19,3.5,0,Legitimate,LEGITIMATE,0.0004,0.04,LOW,cos_hour
TX_MON_10643,29577.0,8,1.0,0,Legitimate,LEGITIMATE,0.0031,0.31,LOW,log_amount
TX_MON_10644,103534.0,4,6.25,0,Legitimate,LEGITIMATE,0.0004,0.04,LOW,cos_hour
TX_MON_10645,162474.0,21,13.48,0,Legitimate,LEGITIMATE,0.0002,0.02,LOW,V22
TX_MON_10646,109042.0,6,11.92,0,Legitimate,LEGITIMATE,0.0,0.0,LOW,cos_hour
TX_MON_10647,97470.0,3,39.0,0,Legitimate,LEGITIMATE,0.0004,0.04,LOW,V12
TX_MON_10648,167713.0,22,36.16,0,Legitimate,LEGITIMATE,0.0007,0.07,LOW,sin_hour
TX_MON_10649,4390.0,1,29.5,0,Legitimate,LEGITIMATE,0.0002,0.02,LOW,V12
TX_MON_10650,41227.0,11,459.07,1,Fraud,FRAUD,0.9978,99.78,HIGH,V14
TX_MON_10651,124176.0,10,22.89,0,Legitimate,LEGITIMATE,0.0006,0.06,LOW,V1
TX_MON_10652,148633.0,17,6.28,0,Legitimate,LEGITIMATE,0.0002,0.02,LOW,cos_hour
TX_MON_10653,167879.0,22,9.5,0,Legitimate,LEGITIMATE,0.0085,0.85,LOW,V4
TX_MON_10654,167283.0,22,7.56,0,Legitimate,LEGITIMATE,0.0004,0.04,LOW,V4
TX_MON_10655,23403.0,6,57.16,0,Legitimate,LEGITIMATE,0.0002,0.02,LOW,cos_hour
TX_MON_10656,41607.0,11,53.95,1,Fraud,FRAUD,0.9992,99.92,HIGH,V14
TX_MON_10657,171363.0,23,11.5,0,Legitimate,LEGITIMATE,0.0003,0.03,LOW,sin_hour
TX_MON_10658,43701.0,12,589.18,0,Legitimate,LEGITIMATE,0.0001,0.01,LOW,Amount
TX_MON_10659,161515.0,20,12.0,0,Legitimate,LEGITIMATE,0.0001,0.01,LOW,V22
TX_MON_10660,56624.0,15,153.46,1,Fraud,FRAUD,0.9987,99.87,HIGH,V14
TX_MON_10661,2989.0,0,197.53,0,Legitimate,LEGITIMATE,0.001,0.1,LOW,V1
TX_MON_10662,137185.0,14,1918.7,0,Legitimate,LEGITIMATE,0.007,0.7,LOW,Amount
TX_MON_10663,166218.0,22,10.0,0,Legitimate,LEGITIMATE,0.0043,0.43,LOW,sin_hour
TX_MON_10664,155461.0,19,119.99,0,Legitimate,LEGITIMATE,0.0013,0.13,LOW,V1
TX_MON_10665,37598.0,10,1.38,0,Legitimate,LEGITIMATE,0.0001,0.01,LOW,log_amount
TX_MON_10666,69265.0,19,7.99,0,Legitimate,LEGITIMATE,0.0027,0.27,LOW,V1
TX_MON_10667,139062.0,14,3.41,0,Legitimate,LEGITIMATE,0.0022,0.22,LOW,sin_hour
TX_MON_10668,107681.0,5,111.07,0,Legitimate,LEGITIMATE,0.0279,2.79,LOW,V4
TX_MON_10669,58053.0,16,34.9,0,Legitimate,LEGITIMATE,0.0001,0.01,LOW,V4
TX_MON_10670,77171.0,21,1.0,1,Fraud,FRAUD,0.994,99.4,HIGH,V14
TX_MON_10671,52802.0,14,52.1,0,Legitimate,LEGITIMATE,0.0008,0.08,LOW,sin_hour
TX_MON_10672,157253.0,19,10.99,0,Legitimate,LEGITIMATE,0.0002,0.02,LOW,cos_hour
TX_MON_10673,129756.0,12,228.0,0,Legitimate,LEGITIMATE,0.0001,0.01,LOW,sin_hour
TX_MON_10674,41237.0,11,118.3,1,Fraud,FRAUD,0.9981,99.81,HIGH,V14
TX_MON_10675,150693.0,17,10.74,0,Legitimate,LEGITIMATE,0.0011,0.11,LOW,cos_hour
TX_MON_10676,16260.0,4,6.99,0,Legitimate,LEGITIMATE,0.0004,0.04,LOW,cos_hour
TX_MON_10677,137421.0,14,9.99,0,Legitimate,LEGITIMATE,0.0008,0.08,LOW,sin_hour
TX_MON_10678,31568.0,8,199.0,0,Legitimate,LEGITIMATE,0.0005,0.05,LOW,V1
TX_MON_10679,72173.0,20,1002.0,0,Legitimate,LEGITIMATE,0.0002,0.02,LOW,Amount
TX_MON_10680,13915.0,3,136.02,0,Legitimate,LEGITIMATE,0.0002,0.02,LOW,V12
TX_MON_10681,165328.0,21,170.13,0,Legitimate,LEGITIMATE,0.004,0.4,LOW,V1
TX_MON_10682,139946.0,14,1.0,0,Legitimate,LEGITIMATE,0.0015,0.15,LOW,V8
TX_MON_10683,132189.0,12,38.88,0,Legitimate,LEGITIMATE,0.0,0.0,LOW,sin_hour
TX_MON_10684,75353.0,20,33.8,0,Legitimate,LEGITIMATE,0.003,0.3,LOW,V1
TX_MON_10685,141641.0,15,0.01,0,Legitimate,LEGITIMATE,0.0004,0.04,LOW,log_amount
TX_MON_10686,48719.0,13,3.73,0,Legitimate,LEGITIMATE,0.0001,0.01,LOW,sin_hour
TX_MON_10687,49668.0,13,7.0,0,Legitimate,LEGITIMATE,0.0021,0.21,LOW,sin_hour
TX_MON_10688,144809.0,16,1.98,0,Legitimate,LEGITIMATE,0.0001,0.01,LOW,log_amount
TX_MON_10689,142608.0,15,10.69,0,Legitimate,LEGITIMATE,0.0002,0.02,LOW,sin_hour
TX_MON_10690,112373.0,7,1.0,0,Legitimate,LEGITIMATE,0.0001,0.01,LOW,cos_hour
TX_MON_10691,117042.0,8,51.52,0,Legitimate,LEGITIMATE,0.0001,0.01,LOW,V28
TX_MON_10692,80529.0,22,16.95,0,Legitimate,LEGITIMATE,0.0018,0.18,LOW,V1
TX_MON_10693,66363.0,18,25.0,0,Legitimate,LEGITIMATE,0.0003,0.03,LOW,cos_hour
TX_MON_10694,34568.0,9,19.99,0,Legitimate,LEGITIMATE,0.0001,0.01,LOW,V28
TX_MON_10695,101597.0,4,147.87,1,Fraud,FRAUD,0.9817,98.17,HIGH,V14
TX_MON_10696,46739.0,12,5.45,0,Legitimate,LEGITIMATE,0.0004,0.04,LOW,V4
TX_MON_10697,157771.0,19,1.98,0,Legitimate,LEGITIMATE,0.0001,0.01,LOW,V1
TX_MON_10698,88672.0,0,1.18,1,Fraud,FRAUD,0.9972,99.72,HIGH,V14
TX_MON_10699,40322.0,11,14.4,0,Legitimate,LEGITIMATE,0.0004,0.04,LOW,V1
TX_MON_10700,146267.0,16,7.57,0,Legitimate,LEGITIMATE,0.0,0.0,LOW,cos_hour
TX_MON_10701,80783.0,22,65.07,0,Legitimate,LEGITIMATE,0.0002,0.02,LOW,V4
TX_MON_10702,25360.0,7,50.0,0,Legitimate,LEGITIMATE,0.0015,0.15,LOW,V8
TX_MON_10703,47338.0,13,150.33,0,Legitimate,LEGITIMATE,0.0006,0.06,LOW,V20
TX_MON_10704,133388.0,13,0.89,0,Legitimate,LEGITIMATE,0.0008,0.08,LOW,sin_hour
TX_MON_10705,125832.0,10,302.3,0,Legitimate,LEGITIMATE,0.0,0.0,LOW,Amount
TX_MON_10706,31764.0,8,2.5,0,Legitimate,LEGITIMATE,0.0001,0.01,LOW,log_amount
TX_MON_10707,170558.0,23,9.99,0,Legitimate,LEGITIMATE,0.0001,0.01,LOW,sin_hour
TX_MON_10708,66416.0,18,1.98,0,Legitimate,LEGITIMATE,0.0004,0.04,LOW,cos_hour
TX_MON_10709,79301.0,22,1.0,0,Legitimate,LEGITIMATE,0.0002,0.02,LOW,sin_hour
TX_MON_10710,79367.0,22,1.54,0,Legitimate,LEGITIMATE,0.0004,0.04,LOW,sin_hour
TX_MON_10711,143593.0,15,1.79,0,Legitimate,LEGITIMATE,0.001,0.1,LOW,log_amount
TX_MON_10712,72359.0,20,22.08,0,Legitimate,LEGITIMATE,0.0004,0.04,LOW,cos_hour
TX_MON_10713,24345.0,6,2.69,0,Legitimate,LEGITIMATE,0.1001,10.01,LOW,V4
TX_MON_10714,93920.0,2,97.0,1,Fraud,FRAUD,0.9992,99.92,HIGH,V14
TX_MON_10715,37151.0,10,99.99,0,Legitimate,LEGITIMATE,0.0003,0.03,LOW,V1
TX_MON_10716,136874.0,14,23.4,0,Legitimate,LEGITIMATE,0.0001,0.01,LOW,sin_hour
TX_MON_10717,47444.0,13,1.0,0,Legitimate,LEGITIMATE,0.0017,0.17,LOW,sin_hour
TX_MON_10718,128183.0,11,44.99,0,Legitimate,LEGITIMATE,0.0002,0.02,LOW,sin_hour
TX_MON_10719,122198.0,9,4.7,0,Legitimate,LEGITIMATE,0.0001,0.01,LOW,log_amount
TX_MON_10720,55162.0,15,14.0,0,Legitimate,LEGITIMATE,0.0003,0.03,LOW,sin_hour
TX_MON_10721,81949.0,22,4.99,0,Legitimate,LEGITIMATE,0.0003,0.03,LOW,sin_hour
TX_MON_10722,36989.0,10,30.0,0,Legitimate,LEGITIMATE,0.0002,0.02,LOW,V25
TX_MON_10723,166017.0,22,6.68,0,Legitimate,LEGITIMATE,0.0003,0.03,LOW,sin_hour
TX_MON_10724,127474.0,11,93.38,0,Legitimate,LEGITIMATE,0.0024,0.24,LOW,sin_hour
TX_MON_10725,117708.0,8,8.0,0,Legitimate,LEGITIMATE,0.0,0.0,LOW,V13
TX_MON_10726,138398.0,14,1.98,0,Legitimate,LEGITIMATE,0.0011,0.11,LOW,log_amount
TX_MON_10727,135153.0,13,1.56,0,Legitimate,LEGITIMATE,0.0013,0.13,LOW,sin_hour
TX_MON_10728,169903.0,23,10.92,0,Legitimate,LEGITIMATE,0.0001,0.01,LOW,sin_hour
TX_MON_10729,149480.0,17,8.99,0,Legitimate,LEGITIMATE,0.0002,0.02,LOW,cos_hour
TX_MON_10730,138894.0,14,0.01,1,Fraud,FRAUD,0.994,99.4,HIGH,V14
TX_MON_10731,66389.0,18,577.6,0,Legitimate,LEGITIMATE,0.0009,0.09,LOW,Amount
TX_MON_10732,37219.0,10,381.03,0,Legitimate,LEGITIMATE,0.0617,6.17,LOW,Amount
TX_MON_10733,143727.0,15,29.99,0,Legitimate,LEGITIMATE,0.0001,0.01,LOW,V22
TX_MON_10734,139107.0,14,22.47,1,Fraud,FRAUD,0.9477,94.77,HIGH,V4
TX_MON_10735,42075.0,11,24.05,0,Legitimate,LEGITIMATE,0.0002,0.02,LOW,V1
TX_MON_10736,82868.0,23,4.49,0,Legitimate,LEGITIMATE,0.0001,0.01,LOW,sin_hour
TX_MON_10737,171033.0,23,53.22,0,Legitimate,LEGITIMATE,0.0,0.0,LOW,sin_hour
TX_MON_10738,159162.0,20,23.74,0,Legitimate,LEGITIMATE,0.0002,0.02,LOW,cos_hour
TX_MON_10739,161127.0,20,137.2,0,Legitimate,LEGITIMATE,0.0001,0.01,LOW,sin_hour
TX_MON_10740,80144.0,22,57.4,0,Legitimate,LEGITIMATE,0.0001,0.01,LOW,sin_hour
TX_MON_10741,161399.0,20,19.4,0,Legitimate,LEGITIMATE,0.0068,0.68,LOW,V4
TX_MON_10742,125323.0,10,92.79,0,Legitimate,LEGITIMATE,0.0002,0.02,LOW,V1
TX_MON_10743,4007.0,1,59.95,0,Legitimate,LEGITIMATE,0.0,0.0,LOW,V12
TX_MON_10744,79518.0,22,15.99,0,Legitimate,LEGITIMATE,0.0002,0.02,LOW,sin_hour
TX_MON_10745,131573.0,12,5.76,0,Legitimate,LEGITIMATE,0.0001,0.01,LOW,sin_hour
TX_MON_10746,42772.0,11,156.0,0,Legitimate,LEGITIMATE,0.0002,0.02,LOW,sin_hour
TX_MON_10747,103220.0,4,53.06,0,Legitimate,LEGITIMATE,0.0,0.0,LOW,cos_hour
TX_MON_10748,169773.0,23,34.1,0,Legitimate,LEGITIMATE,0.0001,0.01,LOW,sin_hour
TX_MON_10749,53727.0,14,112.45,1,Fraud,FRAUD,0.9908,99.08,HIGH,V14
TX_MON_10750,162366.0,21,160.5,0,Legitimate,LEGITIMATE,0.0005,0.05,LOW,V22
TX_MON_10751,146337.0,16,68.0,0,Legitimate,LEGITIMATE,0.0001,0.01,LOW,V22
TX_MON_10752,18399.0,5,1.0,1,Fraud,FRAUD,0.9969,99.69,HIGH,V14
TX_MON_10753,114966.0,7,29.99,0,Legitimate,LEGITIMATE,0.0001,0.01,LOW,V6
TX_MON_10754,43141.0,11,0.31,0,Legitimate,LEGITIMATE,0.0005,0.05,LOW,log_amount
TX_MON_10755,166345.0,22,42.0,0,Legitimate,LEGITIMATE,0.0007,0.07,LOW,sin_hour
TX_MON_10756,76500.0,21,42.8,0,Legitimate,LEGITIMATE,0.0012,0.12,LOW,V4
TX_MON_10757,132679.0,12,273.31,0,Legitimate,LEGITIMATE,0.0001,0.01,LOW,sin_hour
TX_MON_10758,153096.0,18,126.25,0,Legitimate,LEGITIMATE,0.0001,0.01,LOW,cos_hour
TX_MON_10759,131342.0,12,0.99,0,Legitimate,LEGITIMATE,0.0001,0.01,LOW,sin_hour
TX_MON_10760,39451.0,10,400.0,0,Legitimate,LEGITIMATE,0.0005,0.05,LOW,V10
TX_MON_10761,81122.0,22,199.2,0,Legitimate,LEGITIMATE,0.0005,0.05,LOW,sin_hour
TX_MON_10762,62919.0,17,27.32,0,Legitimate,LEGITIMATE,0.0007,0.07,LOW,cos_hour
TX_MON_10763,161089.0,20,223.95,0,Legitimate,LEGITIMATE,0.0026,0.26,LOW,sin_hour
TX_MON_10764,124264.0,10,16.99,0,Legitimate,LEGITIMATE,0.0004,0.04,LOW,V1
TX_MON_10765,80517.0,22,857.27,0,Legitimate,LEGITIMATE,0.0009,0.09,LOW,Amount
TX_MON_10766,146878.0,16,4.99,0,Legitimate,LEGITIMATE,0.0001,0.01,LOW,cos_hour
TX_MON_10767,111607.0,7,11.19,0,Legitimate,LEGITIMATE,0.0002,0.02,LOW,V20
TX_MON_10768,73752.0,20,40.0,0,Legitimate,LEGITIMATE,0.0005,0.05,LOW,cos_hour
TX_MON_10769,61768.0,17,10.99,0,Legitimate,LEGITIMATE,0.001,0.1,LOW,cos_hour
TX_MON_10770,72851.0,20,48.98,0,Legitimate,LEGITIMATE,0.0002,0.02,LOW,cos_hour
TX_MON_10771,76992.0,21,1.29,0,Legitimate,LEGITIMATE,0.0004,0.04,LOW,sin_hour
TX_MON_10772,123653.0,10,98.0,0,Legitimate,LEGITIMATE,0.0002,0.02,LOW,V26
TX_MON_10773,99906.0,3,9.4,0,Legitimate,LEGITIMATE,0.0002,0.02,LOW,V12
TX_MON_10774,148430.0,17,88.61,0,Legitimate,LEGITIMATE,0.0,0.0,LOW,cos_hour
TX_MON_10775,142879.0,15,3.47,0,Legitimate,LEGITIMATE,0.0,0.0,LOW,V3
TX_MON_10776,68205.0,18,1.29,0,Legitimate,LEGITIMATE,0.001,0.1,LOW,cos_hour
TX_MON_10777,136709.0,13,104.04,0,Legitimate,LEGITIMATE,0.0001,0.01,LOW,sin_hour
TX_MON_10778,2821.0,0,198.75,0,Legitimate,LEGITIMATE,0.0,0.0,LOW,V23
TX_MON_10779,61642.0,17,584.95,0,Legitimate,LEGITIMATE,0.0007,0.07,LOW,V4
TX_MON_10780,141140.0,15,105.86,0,Legitimate,LEGITIMATE,0.0001,0.01,LOW,sin_hour
TX_MON_10781,124704.0,10,15.17,0,Legitimate,LEGITIMATE,0.0036,0.36,LOW,V4
TX_MON_10782,137510.0,14,23.08,0,Legitimate,LEGITIMATE,0.0007,0.07,LOW,sin_hour
TX_MON_10783,33365.0,9,39.06,0,Legitimate,LEGITIMATE,0.0001,0.01,LOW,V11
TX_MON_10784,47291.0,13,130.0,0,Legitimate,LEGITIMATE,0.0003,0.03,LOW,V20
TX_MON_10785,45047.0,12,11.5,0,Legitimate,LEGITIMATE,0.0003,0.03,LOW,sin_hour
TX_MON_10786,160862.0,20,0.99,0,Legitimate,LEGITIMATE,0.0001,0.01,LOW,sin_hour
TX_MON_10787,128519.0,11,93.35,1,Fraud,FRAUD,0.9981,99.81,HIGH,V14
TX_MON_10788,84819.0,23,114.0,0,Legitimate,LEGITIMATE,0.0001,0.01,LOW,sin_hour
TX_MON_10789,40688.0,11,832.0,0,Legitimate,LEGITIMATE,0.0101,1.01,LOW,Amount
TX_MON_10790,148540.0,17,1.98,0,Legitimate,LEGITIMATE,0.002,0.2,LOW,cos_hour
TX_MON_10791,80567.0,22,23.9,0,Legitimate,LEGITIMATE,0.008,0.8,LOW,V4
TX_MON_10792,81705.0,22,16.99,0,Legitimate,LEGITIMATE,0.0001,0.01,LOW,sin_hour
TX_MON_10793,111301.0,6,17.99,0,Legitimate,LEGITIMATE,0.0004,0.04,LOW,V12
TX_MON_10794,96291.0,2,33.59,1,Fraud,FRAUD,0.9989,99.89,HIGH,V14
TX_MON_10795,136875.0,14,26.97,0,Legitimate,LEGITIMATE,0.0003,0.03,LOW,sin_hour
TX_MON_10796,133184.0,12,1335.0,1,Fraud,FRAUD,0.996,99.6,HIGH,V14
TX_MON_10797,24207.0,6,19.99,0,Legitimate,LEGITIMATE,0.0007,0.07,LOW,V12
TX_MON_10798,40909.0,11,236.29,0,Legitimate,LEGITIMATE,0.0001,0.01,LOW,sin_hour
TX_MON_10799,69978.0,19,11.5,0,Legitimate,LEGITIMATE,0.0002,0.02,LOW,cos_hour
TX_MON_10800,41909.0,11,195.54,0,Legitimate,LEGITIMATE,0.0001,0.01,LOW,sin_hour
TX_MON_10801,64255.0,17,100.8,0,Legitimate,LEGITIMATE,0.0003,0.03,LOW,cos_hour
TX_MON_10802,142781.0,15,0.01,0,Legitimate,LEGITIMATE,0.0001,0.01,LOW,log_amount
TX_MON_10803,8614.0,2,1.0,1,Fraud,FRAUD,0.9974,99.74,HIGH,V14
TX_MON_10804,152185.0,18,8.4,0,Legitimate,LEGITIMATE,0.0001,0.01,LOW,cos_hour
TX_MON_10805,43068.0,11,108.14,0,Legitimate,LEGITIMATE,0.0001,0.01,LOW,sin_hour
TX_MON_10806,42954.0,11,1.0,0,Legitimate,LEGITIMATE,0.0,0.0,LOW,log_amount
TX_MON_10807,65385.0,18,1354.25,1,Fraud,FRAUD,0.9975,99.75,HIGH,V14
TX_MON_10808,148446.0,17,1.0,0,Legitimate,LEGITIMATE,0.0035,0.35,LOW,cos_hour
TX_MON_10809,154657.0,18,0.77,1,Fraud,FRAUD,0.998,99.8,HIGH,V14
TX_MON_10810,32458.0,9,1.29,0,Legitimate,LEGITIMATE,0.0003,0.03,LOW,log_amount
TX_MON_10811,64172.0,17,118.0,0,Legitimate,LEGITIMATE,0.0008,0.08,LOW,cos_hour
TX_MON_10812,63660.0,17,13.99,0,Legitimate,LEGITIMATE,0.0009,0.09,LOW,cos_hour
TX_MON_10813,84498.0,23,1.0,0,Legitimate,LEGITIMATE,0.0001,0.01,LOW,log_amount
TX_MON_10814,165136.0,21,26.5,0,Legitimate,LEGITIMATE,0.0003,0.03,LOW,sin_hour
TX_MON_10815,152657.0,18,33.8,0,Legitimate,LEGITIMATE,0.0002,0.02,LOW,cos_hour
TX_MON_10816,60350.0,16,81.0,0,Legitimate,LEGITIMATE,0.0001,0.01,LOW,V18
TX_MON_10817,145633.0,16,15.0,0,Legitimate,LEGITIMATE,0.0002,0.02,LOW,V8
TX_MON_10818,169175.0,22,8.99,0,Legitimate,LEGITIMATE,0.0002,0.02,LOW,sin_hour
TX_MON_10819,152787.0,18,29.02,0,Legitimate,LEGITIMATE,0.0001,0.01,LOW,cos_hour
TX_MON_10820,60935.0,16,18.87,0,Legitimate,LEGITIMATE,0.0002,0.02,LOW,V1
TX_MON_10821,127226.0,11,9.99,0,Legitimate,LEGITIMATE,0.0,0.0,LOW,V18
TX_MON_10822,62236.0,17,150.4,0,Legitimate,LEGITIMATE,0.0003,0.03,LOW,cos_hour
TX_MON_10823,46382.0,12,88.9,0,Legitimate,LEGITIMATE,0.0011,0.11,LOW,sin_hour
TX_MON_10824,60353.0,16,454.82,1,Fraud,FRAUD,0.998,99.8,HIGH,V14
TX_MON_10825,57168.0,15,165.71,0,Legitimate,LEGITIMATE,0.0001,0.01,LOW,V19
TX_MON_10826,75740.0,21,6.69,0,Legitimate,LEGITIMATE,0.0002,0.02,LOW,sin_hour
TX_MON_10827,67595.0,18,1.4,0,Legitimate,LEGITIMATE,0.0021,0.21,LOW,cos_hour
TX_MON_10828,159981.0,20,107.9,0,Legitimate,LEGITIMATE,0.0004,0.04,LOW,V20
TX_MON_10829,93342.0,1,69.99,0,Legitimate,LEGITIMATE,0.0004,0.04,LOW,V12
TX_MON_10830,151096.0,17,124.86,0,Legitimate,LEGITIMATE,0.0002,0.02,LOW,cos_hour
TX_MON_10831,146190.0,16,34.0,0,Legitimate,LEGITIMATE,0.0387,3.87,LOW,V14
TX_MON_10832,47477.0,13,414.0,0,Legitimate,LEGITIMATE,0.0008,0.08,LOW,V4
TX_MON_10833,166927.0,22,601.71,0,Legitimate,LEGITIMATE,0.0048,0.48,LOW,Amount
TX_MON_10834,93091.0,1,16.27,0,Legitimate,LEGITIMATE,0.0,0.0,LOW,V11
TX_MON_10835,11563.0,3,3.88,0,Legitimate,LEGITIMATE,0.001,0.1,LOW,V4
TX_MON_10836,141970.0,15,15.0,0,Legitimate,LEGITIMATE,0.0002,0.02,LOW,V20
TX_MON_10837,62962.0,17,2.2,0,Legitimate,LEGITIMATE,0.0005,0.05,LOW,cos_hour
TX_MON_10838,153249.0,18,2.96,0,Legitimate,LEGITIMATE,0.0035,0.35,LOW,cos_hour
TX_MON_10839,55824.0,15,184.59,0,Legitimate,LEGITIMATE,0.0014,0.14,LOW,V1
TX_MON_10840,113138.0,7,1.0,0,Legitimate,LEGITIMATE,0.0002,0.02,LOW,V1
TX_MON_10841,162120.0,21,34.9,0,Legitimate,LEGITIMATE,0.0022,0.22,LOW,V1
TX_MON_10842,145628.0,16,40.65,0,Legitimate,LEGITIMATE,0.0001,0.01,LOW,V20
TX_MON_10843,33833.0,9,30.0,0,Legitimate,LEGITIMATE,0.0003,0.03,LOW,V20
TX_MON_10844,57112.0,15,1.0,0,Legitimate,LEGITIMATE,0.0001,0.01,LOW,log_amount
TX_MON_10845,55330.0,15,27.0,0,Legitimate,LEGITIMATE,0.0006,0.06,LOW,sin_hour
TX_MON_10846,167395.0,22,0.76,0,Legitimate,LEGITIMATE,0.0004,0.04,LOW,sin_hour
TX_MON_10847,143813.0,15,20.0,0,Legitimate,LEGITIMATE,0.0005,0.05,LOW,V1
TX_MON_10848,125873.0,10,36.85,0,Legitimate,LEGITIMATE,0.0005,0.05,LOW,V8
TX_MON_10849,129760.0,12,22.0,0,Legitimate,LEGITIMATE,0.0001,0.01,LOW,sin_hour
TX_MON_10850,140322.0,14,26.99,0,Legitimate,LEGITIMATE,0.0001,0.01,LOW,V4
TX_MON_10851,136787.0,13,502.45,0,Legitimate,LEGITIMATE,0.0009,0.09,LOW,Amount
TX_MON_10852,160166.0,20,44.99,0,Legitimate,LEGITIMATE,0.0004,0.04,LOW,V21
TX_MON_10853,10251.0,2,2.65,0,Legitimate,LEGITIMATE,0.0003,0.03,LOW,log_amount
TX_MON_10854,123748.0,10,40.0,0,Legitimate,LEGITIMATE,0.0005,0.05,LOW,V18
TX_MON_10855,75489.0,20,187.78,0,Legitimate,LEGITIMATE,0.0001,0.01,LOW,V16
TX_MON_10856,59739.0,16,8.99,0,Legitimate,LEGITIMATE,0.0002,0.02,LOW,V11
TX_MON_10857,142144.0,15,34.99,0,Legitimate,LEGITIMATE,0.0116,1.16,LOW,V4
TX_MON_10858,140167.0,14,69.0,0,Legitimate,LEGITIMATE,0.0,0.0,LOW,sin_hour
TX_MON_10859,64443.0,17,0.0,1,Fraud,FRAUD,0.8244,82.44,HIGH,V4
TX_MON_10860,60982.0,16,11.5,0,Legitimate,LEGITIMATE,0.003,0.3,LOW,V6
TX_MON_10861,119756.0,9,23.95,0,Legitimate,LEGITIMATE,0.0,0.0,LOW,V22
TX_MON_10862,18994.0,5,89.99,0,Legitimate,LEGITIMATE,0.0009,0.09,LOW,V12
TX_MON_10863,119585.0,9,48.0,0,Legitimate,LEGITIMATE,0.0,0.0,LOW,V22
TX_MON_10864,138534.0,14,37.7,0,Legitimate,LEGITIMATE,0.0008,0.08,LOW,sin_hour
TX_MON_10865,40785.0,11,1.5,0,Legitimate,LEGITIMATE,0.0018,0.18,LOW,log_amount
TX_MON_10866,155499.0,19,39.32,0,Legitimate,LEGITIMATE,0.0006,0.06,LOW,cos_hour
TX_MON_10867,130701.0,12,9.99,0,Legitimate,LEGITIMATE,0.0,0.0,LOW,V1
TX_MON_10868,163890.0,21,4.49,0,Legitimate,LEGITIMATE,0.0004,0.04,LOW,V8
TX_MON_10869,72151.0,20,2.99,0,Legitimate,LEGITIMATE,0.0001,0.01,LOW,cos_hour
TX_MON_10870,58642.0,16,113.92,1,Fraud,FRAUD,0.9985,99.85,HIGH,V14
TX_MON_10871,15801.0,4,12.16,0,Legitimate,LEGITIMATE,0.0009,0.09,LOW,V4
TX_MON_10872,57382.0,15,1.98,0,Legitimate,LEGITIMATE,0.0017,0.17,LOW,log_amount
TX_MON_10873,58095.0,16,57.35,0,Legitimate,LEGITIMATE,0.0006,0.06,LOW,V28
TX_MON_10874,57012.0,15,2.0,0,Legitimate,LEGITIMATE,0.0008,0.08,LOW,log_amount
TX_MON_10875,45051.0,12,17.78,0,Legitimate,LEGITIMATE,0.0001,0.01,LOW,sin_hour
TX_MON_10876,108105.0,6,15.17,0,Legitimate,LEGITIMATE,0.0023,0.23,LOW,V4
TX_MON_10877,64275.0,17,72.28,0,Legitimate,LEGITIMATE,0.0007,0.07,LOW,cos_hour
TX_MON_10878,60713.0,16,60.0,0,Legitimate,LEGITIMATE,0.0005,0.05,LOW,V1
TX_MON_10879,26961.0,7,99.99,1,Fraud,FRAUD,0.9979,99.79,HIGH,V14
TX_MON_10880,14469.0,4,14.95,0,Legitimate,LEGITIMATE,0.0002,0.02,LOW,V12
TX_MON_10881,143560.0,15,98.58,0,Legitimate,LEGITIMATE,0.0064,0.64,LOW,V11
TX_MON_10882,85114.0,23,35.0,0,Legitimate,LEGITIMATE,0.0007,0.07,LOW,sin_hour
TX_MON_10883,35899.0,9,1.0,1,Fraud,FRAUD,0.9968,99.68,HIGH,V14
TX_MON_10884,39194.0,10,38.55,0,Legitimate,LEGITIMATE,0.0001,0.01,LOW,V18
TX_MON_10885,41870.0,11,1.0,1,Fraud,FRAUD,0.9988,99.88,HIGH,V14
TX_MON_10886,76672.0,21,24.0,0,Legitimate,LEGITIMATE,0.0017,0.17,LOW,V1
TX_MON_10887,34135.0,9,61.18,0,Legitimate,LEGITIMATE,0.0006,0.06,LOW,V28
TX_MON_10888,142001.0,15,7.7,0,Legitimate,LEGITIMATE,0.0007,0.07,LOW,sin_hour
TX_MON_10889,36382.0,10,131.13,0,Legitimate,LEGITIMATE,0.0033,0.33,LOW,V1
TX_MON_10890,18982.0,5,1.0,0,Legitimate,LEGITIMATE,0.0003,0.03,LOW,V12
TX_MON_10891,170254.0,23,39.0,0,Legitimate,LEGITIMATE,0.0003,0.03,LOW,sin_hour
TX_MON_10892,81818.0,22,2.69,0,Legitimate,LEGITIMATE,0.0019,0.19,LOW,sin_hour
TX_MON_10893,32114.0,8,48.7,0,Legitimate,LEGITIMATE,0.0001,0.01,LOW,V20
TX_MON_10894,165981.0,22,0.0,1,Fraud,LEGITIMATE,0.0028,0.28,LOW,V4
TX_MON_10895,149720.0,17,109.9,0,Legitimate,LEGITIMATE,0.0,0.0,LOW,cos_hour
TX_MON_10896,131581.0,12,3.79,0,Legitimate,LEGITIMATE,0.0004,0.04,LOW,sin_hour
TX_MON_10897,146655.0,16,10.0,0,Legitimate,LEGITIMATE,0.0003,0.03,LOW,V20
TX_MON_10898,119719.0,9,70.42,0,Legitimate,LEGITIMATE,0.0003,0.03,LOW,V6
TX_MON_10899,39411.0,10,2.23,0,Legitimate,LEGITIMATE,0.0001,0.01,LOW,log_amount
TX_MON_10900,120153.0,9,0.89,0,Legitimate,LEGITIMATE,0.0011,0.11,LOW,V11
TX_MON_10901,157284.0,19,0.77,1,Fraud,FRAUD,0.9935,99.35,HIGH,V14
TX_MON_10902,154750.0,18,6.99,0,Legitimate,LEGITIMATE,0.0001,0.01,LOW,cos_hour
TX_MON_10903,69447.0,19,8.04,0,Legitimate,LEGITIMATE,0.0036,0.36,LOW,cos_hour
TX_MON_10904,132189.0,12,650.0,0,Legitimate,LEGITIMATE,0.0007,0.07,LOW,Amount
TX_MON_10905,129377.0,11,2.69,0,Legitimate,LEGITIMATE,0.0005,0.05,LOW,log_amount
TX_MON_10906,126376.0,11,7.8,0,Legitimate,LEGITIMATE,0.0007,0.07,LOW,V1
TX_MON_10907,164609.0,21,34.0,0,Legitimate,LEGITIMATE,0.0002,0.02,LOW,V22
TX_MON_10908,167284.0,22,184.9,0,Legitimate,LEGITIMATE,0.0005,0.05,LOW,V16
TX_MON_10909,151976.0,18,12.15,0,Legitimate,LEGITIMATE,0.0014,0.14,LOW,cos_hour
TX_MON_10910,80818.0,22,60.0,0,Legitimate,LEGITIMATE,0.0006,0.06,LOW,V4
TX_MON_10911,45463.0,12,1.0,1,Fraud,FRAUD,0.9985,99.85,HIGH,V14
TX_MON_10912,69974.0,19,1.0,0,Legitimate,LEGITIMATE,0.0133,1.33,LOW,V14
TX_MON_10913,68801.0,19,234.0,0,Legitimate,LEGITIMATE,0.0006,0.06,LOW,V1
TX_MON_10914,36842.0,10,98.88,0,Legitimate,LEGITIMATE,0.0001,0.01,LOW,V10
TX_MON_10915,80028.0,22,471.8,0,Legitimate,LEGITIMATE,0.0002,0.02,LOW,Amount
TX_MON_10916,134836.0,13,1.0,0,Legitimate,LEGITIMATE,0.0085,0.85,LOW,V14
TX_MON_10917,160791.0,20,1.0,1,Fraud,FRAUD,0.5339,53.39,MEDIUM,V14
TX_MON_10918,36976.0,10,421.17,0,Legitimate,LEGITIMATE,0.0001,0.01,LOW,Amount
TX_MON_10919,147971.0,17,699.0,0,Legitimate,LEGITIMATE,0.0096,0.96,LOW,V1
TX_MON_10920,50377.0,13,0.76,0,Legitimate,LEGITIMATE,0.0056,0.56,LOW,V14
TX_MON_10921,50767.0,14,1.98,0,Legitimate,LEGITIMATE,0.0016,0.16,LOW,sin_hour
TX_MON_10922,150708.0,17,36.0,0,Legitimate,LEGITIMATE,0.0001,0.01,LOW,cos_hour
TX_MON_10923,111343.0,6,1.88,0,Legitimate,LEGITIMATE,0.0,0.0,LOW,V12
TX_MON_10924,3277.0,0,7.81,0,Legitimate,LEGITIMATE,0.0005,0.05,LOW,V1
TX_MON_10925,75033.0,20,30.14,1,Fraud,FRAUD,0.8049,80.49,HIGH,V14
TX_MON_10926,137298.0,14,9.99,0,Legitimate,LEGITIMATE,0.0003,0.03,LOW,sin_hour
TX_MON_10927,42079.0,11,6.85,0,Legitimate,LEGITIMATE,0.0011,0.11,LOW,V4
TX_MON_10928,33305.0,9,2.97,0,Legitimate,LEGITIMATE,0.003,0.3,LOW,log_amount
TX_MON_10929,48891.0,13,209.85,0,Legitimate,LEGITIMATE,0.0002,0.02,LOW,sin_hour
TX_MON_10930,144592.0,16,280.1,0,Legitimate,LEGITIMATE,0.0042,0.42,LOW,Amount
TX_MON_10931,58067.0,16,1.0,1,Fraud,FRAUD,0.993,99.3,HIGH,V14
TX_MON_10932,32929.0,9,1.5,0,Legitimate,LEGITIMATE,0.0001,0.01,LOW,log_amount
TX_MON_10933,81630.0,22,55.9,0,Legitimate,LEGITIMATE,0.0003,0.03,LOW,sin_hour
TX_MON_10934,79392.0,22,174.66,0,Legitimate,LEGITIMATE,0.0003,0.03,LOW,V1
TX_MON_10935,82109.0,22,5.49,0,Legitimate,LEGITIMATE,0.0001,0.01,LOW,sin_hour
TX_MON_10936,66369.0,18,104.0,0,Legitimate,LEGITIMATE,0.0001,0.01,LOW,cos_hour
TX_MON_10937,54389.0,15,3.5,0,Legitimate,LEGITIMATE,0.0013,0.13,LOW,sin_hour
TX_MON_10938,131806.0,12,1.0,0,Legitimate,LEGITIMATE,0.0002,0.02,LOW,sin_hour
TX_MON_10939,50801.0,14,1.98,0,Legitimate,LEGITIMATE,0.0026,0.26,LOW,sin_hour
TX_MON_10940,55947.0,15,9.9,0,Legitimate,LEGITIMATE,0.0041,0.41,LOW,V4
TX_MON_10941,43560.0,12,47.0,0,Legitimate,LEGITIMATE,0.0,0.0,LOW,sin_hour
TX_MON_10942,117053.0,8,6.99,0,Legitimate,LEGITIMATE,0.0019,0.19,LOW,V11
TX_MON_10943,32103.0,8,7.5,0,Legitimate,LEGITIMATE,0.0003,0.03,LOW,V1
TX_MON_10944,120684.0,9,37.0,0,Legitimate,LEGITIMATE,0.0002,0.02,LOW,V17
TX_MON_10945,77970.0,21,1.0,0,Legitimate,LEGITIMATE,0.0002,0.02,LOW,V28
TX_MON_10946,161507.0,20,1226.53,0,Legitimate,LEGITIMATE,0.0321,3.21,LOW,Amount
TX_MON_10947,24777.0,6,63.0,0,Legitimate,LEGITIMATE,0.0001,0.01,LOW,cos_hour
TX_MON_10948,113098.0,7,1.0,0,Legitimate,LEGITIMATE,0.002,0.2,LOW,V8
TX_MON_10949,48028.0,13,97.4,0,Legitimate,LEGITIMATE,0.0001,0.01,LOW,sin_hour
TX_MON_10950,156872.0,19,68.0,0,Legitimate,LEGITIMATE,0.0004,0.04,LOW,cos_hour
TX_MON_10951,150374.0,17,15.13,0,Legitimate,LEGITIMATE,0.0002,0.02,LOW,V4
TX_MON_10952,121958.0,9,6.2,0,Legitimate,LEGITIMATE,0.0004,0.04,LOW,log_amount
TX_MON_10953,88343.0,0,71.91,0,Legitimate,LEGITIMATE,0.0,0.0,LOW,sin_hour
TX_MON_10954,138535.0,14,150.0,0,Legitimate,LEGITIMATE,0.002,0.2,LOW,V4
TX_MON_10955,150207.0,17,209.64,0,Legitimate,LEGITIMATE,0.002,0.2,LOW,cos_hour
TX_MON_10956,26960.0,7,10.0,0,Legitimate,LEGITIMATE,0.0,0.0,LOW,cos_hour
TX_MON_10957,152697.0,18,21.48,0,Legitimate,LEGITIMATE,0.0013,0.13,LOW,cos_hour
TX_MON_10958,40141.0,11,466.94,0,Legitimate,LEGITIMATE,0.0062,0.62,LOW,Amount
TX_MON_10959,35942.0,9,14.46,1,Fraud,FRAUD,0.998,99.8,HIGH,V14
TX_MON_10960,39969.0,11,190.0,0,Legitimate,LEGITIMATE,0.0,0.0,LOW,V22
TX_MON_10961,153021.0,18,1.0,0,Legitimate,LEGITIMATE,0.0002,0.02,LOW,cos_hour
TX_MON_10962,118480.0,8,1.0,0,Legitimate,LEGITIMATE,0.0276,2.76,LOW,V20
TX_MON_10963,45816.0,12,118.0,0,Legitimate,LEGITIMATE,0.0002,0.02,LOW,sin_hour
TX_MON_10964,58060.0,16,1.0,1,Fraud,FRAUD,0.9983,99.83,HIGH,V14
TX_MON_10965,84873.0,23,20.0,0,Legitimate,LEGITIMATE,0.0001,0.01,LOW,sin_hour
TX_MON_10966,87946.0,0,194.78,0,Legitimate,LEGITIMATE,0.0054,0.54,LOW,V8
TX_MON_10967,54591.0,15,232.98,0,Legitimate,LEGITIMATE,0.0004,0.04,LOW,sin_hour
TX_MON_10968,120415.0,9,11.5,0,Legitimate,LEGITIMATE,0.0002,0.02,LOW,V6
TX_MON_10969,62168.0,17,1.29,0,Legitimate,LEGITIMATE,0.0014,0.14,LOW,cos_hour
TX_MON_10970,122949.0,10,34.99,0,Legitimate,LEGITIMATE,0.0001,0.01,LOW,V1
TX_MON_10971,159547.0,20,11.84,0,Legitimate,LEGITIMATE,0.0003,0.03,LOW,sin_hour
TX_MON_10972,57716.0,16,9.99,0,Legitimate,LEGITIMATE,0.0002,0.02,LOW,V28
TX_MON_10973,141707.0,15,10.0,0,Legitimate,LEGITIMATE,0.0217,2.17,LOW,V1
TX_MON_10974,124012.0,10,18.0,0,Legitimate,LEGITIMATE,0.0002,0.02,LOW,V6
TX_MON_10975,114704.0,7,15.0,0,Legitimate,LEGITIMATE,0.0001,0.01,LOW,cos_hour
TX_MON_10976,50952.0,14,1.23,0,Legitimate,LEGITIMATE,0.0002,0.02,LOW,sin_hour
TX_MON_10977,160776.0,20,11.5,0,Legitimate,LEGITIMATE,0.0003,0.03,LOW,V20
TX_MON_10978,128311.0,11,167.98,0,Legitimate,LEGITIMATE,0.0001,0.01,LOW,V20
TX_MON_10979,10022.0,2,38.03,0,Legitimate,LEGITIMATE,0.0027,0.27,LOW,V4
TX_MON_10980,159367.0,20,0.76,0,Legitimate,LEGITIMATE,0.0001,0.01,LOW,V21
TX_MON_10981,161164.0,20,8.49,0,Legitimate,LEGITIMATE,0.0001,0.01,LOW,V4
TX_MON_10982,70692.0,19,69.08,0,Legitimate,LEGITIMATE,0.0004,0.04,LOW,cos_hour
TX_MON_10983,49993.0,13,5.0,0,Legitimate,LEGITIMATE,0.0001,0.01,LOW,V10
TX_MON_10984,167181.0,22,103.9,0,Legitimate,LEGITIMATE,0.0001,0.01,LOW,sin_hour
TX_MON_10985,31014.0,8,27.0,0,Legitimate,LEGITIMATE,0.0002,0.02,LOW,V22
TX_MON_10986,37687.0,10,100.6,0,Legitimate,LEGITIMATE,0.0001,0.01,LOW,V20
TX_MON_10987,144163.0,16,119.0,0,Legitimate,LEGITIMATE,0.0002,0.02,LOW,V1
TX_MON_10988,49810.0,13,18.94,0,Legitimate,LEGITIMATE,0.0,0.0,LOW,sin_hour
TX_MON_10989,51112.0,14,99.99,1,Fraud,FRAUD,0.9953,99.53,HIGH,V14
TX_MON_10990,168799.0,22,114.0,0,Legitimate,LEGITIMATE,0.0001,0.01,LOW,sin_hour
TX_MON_10991,60269.0,16,77.35,0,Legitimate,LEGITIMATE,0.0003,0.03,LOW,V25
TX_MON_10992,80639.0,22,481.91,0,Legitimate,LEGITIMATE,0.0028,0.28,LOW,Amount
TX_MON_10993,41917.0,11,22.94,0,Legitimate,LEGITIMATE,0.0001,0.01,LOW,sin_hour
TX_MON_10994,127047.0,11,49.99,0,Legitimate,LEGITIMATE,0.0003,0.03,LOW,V1
TX_MON_10995,151972.0,18,57.73,1,Fraud,FRAUD,0.9986,99.86,HIGH,V14
TX_MON_10996,35866.0,9,7.61,1,Fraud,FRAUD,0.9981,99.81,HIGH,V14
TX_MON_10997,24650.0,6,44.0,0,Legitimate,LEGITIMATE,0.0008,0.08,LOW,V12
TX_MON_10998,83820.0,23,47.91,0,Legitimate,LEGITIMATE,0.0004,0.04,LOW,sin_hour
TX_MON_10999,61466.0,17,41.5,0,Legitimate,LEGITIMATE,0.0,0.0,LOW,cos_hour
TX_MON_11000,169570.0,23,9.99,0,Legitimate,LEGITIMATE,0.0,0.0,LOW,sin_hour
TX_MON_11001,166125.0,22,8.95,0,Legitimate,LEGITIMATE,0.0024,0.24,LOW,sin_hour
TX_MON_11002,138421.0,14,80.0,0,Legitimate,LEGITIMATE,0.0001,0.01,LOW,sin_hour
TX_MON_11003,28755.0,7,99.99,1,Fraud,FRAUD,0.9972,99.72,HIGH,V14
TX_MON_11004,59903.0,16,15.94,0,Legitimate,LEGITIMATE,0.001,0.1,LOW,V4
TX_MON_11005,63006.0,17,12.5,0,Legitimate,LEGITIMATE,0.0001,0.01,LOW,cos_hour
TX_MON_11006,73936.0,20,688.42,0,Legitimate,LEGITIMATE,0.0022,0.22,LOW,V4
TX_MON_11007,41659.0,11,15.0,0,Legitimate,LEGITIMATE,0.0,0.0,LOW,sin_hour
TX_MON_11008,94035.0,2,10.0,0,Legitimate,LEGITIMATE,0.0002,0.02,LOW,V12
TX_MON_11009,85982.0,23,73.98,0,Legitimate,LEGITIMATE,0.0,0.0,LOW,sin_hour
TX_MON_11010,34943.0,9,122.25,0,Legitimate,LEGITIMATE,0.0,0.0,LOW,V17
TX_MON_11011,157319.0,19,4.99,0,Legitimate,LEGITIMATE,0.0003,0.03,LOW,cos_hour
TX_MON_11012,121737.0,9,30.58,0,Legitimate,LEGITIMATE,0.0035,0.35,LOW,V11
TX_MON_11013,120348.0,9,63.03,0,Legitimate,LEGITIMATE,0.0002,0.02,LOW,V26
TX_MON_11014,45541.0,12,1.0,1,Fraud,FRAUD,0.9981,99.81,HIGH,V14
TX_MON_11015,40112.0,11,4.49,0,Legitimate,LEGITIMATE,0.0002,0.02,LOW,log_amount
TX_MON_11016,77031.0,21,2.49,0,Legitimate,LEGITIMATE,0.0025,0.25,LOW,V14
TX_MON_11017,128289.0,11,150.99,0,Legitimate,LEGITIMATE,0.0166,1.66,LOW,V8
TX_MON_11018,45794.0,12,8.02,0,Legitimate,LEGITIMATE,0.0009,0.09,LOW,V1
TX_MON_11019,154894.0,19,186.74,0,Legitimate,LEGITIMATE,0.0002,0.02,LOW,cos_hour
TX_MON_11020,135111.0,13,9.99,0,Legitimate,LEGITIMATE,0.0004,0.04,LOW,sin_hour
TX_MON_11021,108838.0,6,1.51,0,Legitimate,LEGITIMATE,0.0,0.0,LOW,V12
TX_MON_11022,153942.0,18,50.0,0,Legitimate,LEGITIMATE,0.0,0.0,LOW,cos_hour
TX_MON_11023,167348.0,22,8.07,0,Legitimate,LEGITIMATE,0.0002,0.02,LOW,sin_hour
TX_MON_11024,137557.0,14,46.18,0,Legitimate,LEGITIMATE,0.0003,0.03,LOW,sin_hour
TX_MON_11025,135980.0,13,7.56,0,Legitimate,LEGITIMATE,0.0001,0.01,LOW,sin_hour
TX_MON_11026,127375.0,11,0.0,0,Legitimate,LEGITIMATE,0.0013,0.13,LOW,V4
TX_MON_11027,147845.0,17,35.35,0,Legitimate,LEGITIMATE,0.0,0.0,LOW,cos_hour
TX_MON_11028,143295.0,15,37.92,0,Legitimate,LEGITIMATE,0.0028,0.28,LOW,V4
TX_MON_11029,52664.0,14,74.0,0,Legitimate,LEGITIMATE,0.0001,0.01,LOW,V4
TX_MON_11030,37491.0,10,69.62,0,Legitimate,LEGITIMATE,0.0003,0.03,LOW,V28
TX_MON_11031,12095.0,3,30.39,1,Fraud,FRAUD,0.9985,99.85,HIGH,V14
TX_MON_11032,127562.0,11,20.0,0,Legitimate,LEGITIMATE,0.0001,0.01,LOW,sin_hour
TX_MON_11033,67565.0,18,34.0,0,Legitimate,LEGITIMATE,0.0,0.0,LOW,cos_hour
TX_MON_11034,76105.0,21,50.33,0,Legitimate,LEGITIMATE,0.0002,0.02,LOW,V25
TX_MON_11035,143040.0,15,43.1,0,Legitimate,LEGITIMATE,0.002,0.2,LOW,V14
TX_MON_11036,96717.0,2,1.0,1,Fraud,FRAUD,0.9601,96.01,HIGH,V17
TX_MON_11037,76240.0,21,3.9,0,Legitimate,LEGITIMATE,0.0001,0.01,LOW,V4
TX_MON_11038,46692.0,12,7.68,0,Legitimate,LEGITIMATE,0.0004,0.04,LOW,sin_hour
TX_MON_11039,152213.0,18,7.86,0,Legitimate,LEGITIMATE,0.0045,0.45,LOW,cos_hour
TX_MON_11040,61646.0,17,19.04,1,Fraud,FRAUD,0.795,79.5,HIGH,V14
TX_MON_11041,81624.0,22,22.14,0,Legitimate,LEGITIMATE,0.0025,0.25,LOW,V4
TX_MON_11042,109014.0,6,8.96,0,Legitimate,LEGITIMATE,0.0006,0.06,LOW,cos_hour
TX_MON_11043,116572.0,8,141.45,0,Legitimate,LEGITIMATE,0.0,0.0,LOW,V19
TX_MON_11044,95559.0,2,1.63,1,Fraud,FRAUD,0.9995,99.95,HIGH,V14
TX_MON_11045,46527.0,12,39.0,0,Legitimate,LEGITIMATE,0.0215,2.15,LOW,V20
TX_MON_11046,125497.0,10,57.81,0,Legitimate,LEGITIMATE,0.0001,0.01,LOW,V20
TX_MON_11047,31230.0,8,24.99,0,Legitimate,LEGITIMATE,0.0004,0.04,LOW,V28
TX_MON_11048,87709.0,0,380.29,0,Legitimate,LEGITIMATE,0.0034,0.34,LOW,V4
TX_MON_11049,151204.0,18,16.98,0,Legitimate,LEGITIMATE,0.0002,0.02,LOW,cos_hour
TX_MON_11050,63578.0,17,290.18,1,Fraud,FRAUD,0.813,81.3,HIGH,Amount
TX_MON_11051,48161.0,13,67.5,0,Legitimate,LEGITIMATE,0.0,0.0,LOW,sin_hour
TX_MON_11052,82217.0,22,22.0,0,Legitimate,LEGITIMATE,0.0058,0.58,LOW,sin_hour
TX_MON_11053,133861.0,13,28.5,0,Legitimate,LEGITIMATE,0.0001,0.01,LOW,sin_hour
TX_MON_11054,12163.0,3,12.99,0,Legitimate,LEGITIMATE,0.0007,0.07,LOW,V12
TX_MON_11055,57459.0,15,12.75,0,Legitimate,LEGITIMATE,0.0011,0.11,LOW,V28
TX_MON_11056,54213.0,15,248.94,0,Legitimate,LEGITIMATE,0.0005,0.05,LOW,V4
TX_MON_11057,55614.0,15,0.83,1,Fraud,FRAUD,0.999,99.9,HIGH,V14
TX_MON_11058,140273.0,14,10.0,0,Legitimate,LEGITIMATE,0.0003,0.03,LOW,sin_hour
TX_MON_11059,161960.0,20,31.08,0,Legitimate,LEGITIMATE,0.0002,0.02,LOW,sin_hour
TX_MON_11060,45669.0,12,7.5,0,Legitimate,LEGITIMATE,0.0,0.0,LOW,sin_hour
TX_MON_11061,81362.0,22,33.6,0,Legitimate,LEGITIMATE,0.0002,0.02,LOW,sin_hour
TX_MON_11062,91407.0,1,52.69,1,Fraud,FRAUD,0.9984,99.84,HIGH,V14
TX_MON_11063,32107.0,8,299.0,0,Legitimate,LEGITIMATE,0.0075,0.75,LOW,Amount
TX_MON_11064,73766.0,20,4.99,0,Legitimate,LEGITIMATE,0.0003,0.03,LOW,V22
TX_MON_11065,153875.0,18,0.0,1,Fraud,FRAUD,0.9932,99.32,HIGH,V14
TX_MON_11066,93853.0,2,316.06,1,Fraud,FRAUD,0.9984,99.84,HIGH,V14
TX_MON_11067,35494.0,9,6.53,0,Legitimate,LEGITIMATE,0.0003,0.03,LOW,V1
TX_MON_11068,241.0,0,10.62,0,Legitimate,LEGITIMATE,0.0049,0.49,LOW,V4
TX_MON_11069,135468.0,13,54.02,0,Legitimate,LEGITIMATE,0.0011,0.11,LOW,sin_hour
TX_MON_11070,57007.0,15,0.01,1,Fraud,FRAUD,0.9992,99.92,HIGH,V14
TX_MON_11071,41913.0,11,19.99,0,Legitimate,LEGITIMATE,0.0008,0.08,LOW,sin_hour
TX_MON_11072,154667.0,18,103.8,0,Legitimate,LEGITIMATE,0.0006,0.06,LOW,cos_hour
TX_MON_11073,43007.0,11,376.0,0,Legitimate,LEGITIMATE,0.0023,0.23,LOW,V4
TX_MON_11074,85867.0,23,310.42,1,Fraud,FRAUD,0.9967,99.67,HIGH,V14
TX_MON_11075,123032.0,10,12.0,0,Legitimate,LEGITIMATE,0.0,0.0,LOW,V22
TX_MON_11076,52229.0,14,74.85,0,Legitimate,LEGITIMATE,0.0004,0.04,LOW,sin_hour
TX_MON_11077,32503.0,9,3.87,0,Legitimate,LEGITIMATE,0.0005,0.05,LOW,V21
TX_MON_11078,83427.0,23,144.0,0,Legitimate,LEGITIMATE,0.0,0.0,LOW,sin_hour
TX_MON_11079,41116.0,11,3.79,1,Fraud,FRAUD,0.9991,99.91,HIGH,V14
TX_MON_11080,123827.0,10,751.85,0,Legitimate,LEGITIMATE,0.0002,0.02,LOW,Amount
TX_MON_11081,65936.0,18,101.5,1,Fraud,FRAUD,0.9979,99.79,HIGH,V14
TX_MON_11082,135006.0,13,50.0,0,Legitimate,LEGITIMATE,0.0008,0.08,LOW,sin_hour
TX_MON_11083,67642.0,18,15.0,0,Legitimate,LEGITIMATE,0.0003,0.03,LOW,cos_hour
TX_MON_11084,34621.0,9,46.0,0,Legitimate,LEGITIMATE,0.0002,0.02,LOW,V28
TX_MON_11085,41736.0,11,0.89,0,Legitimate,LEGITIMATE,0.0003,0.03,LOW,V28
TX_MON_11086,152084.0,18,10.62,0,Legitimate,LEGITIMATE,0.0023,0.23,LOW,V4
TX_MON_11087,147158.0,16,52.86,0,Legitimate,LEGITIMATE,0.0,0.0,LOW,V20
TX_MON_11088,163181.0,21,39.98,1,Fraud,FRAUD,0.9926,99.26,HIGH,V14
TX_MON_11089,137791.0,14,521.87,0,Legitimate,LEGITIMATE,0.0509,5.09,LOW,Amount
TX_MON_11090,166491.0,22,13.58,0,Legitimate,LEGITIMATE,0.0001,0.01,LOW,sin_hour
TX_MON_11091,88281.0,0,54.9,0,Legitimate,LEGITIMATE,0.0002,0.02,LOW,V1
TX_MON_11092,53179.0,14,1.0,0,Legitimate,LEGITIMATE,0.0006,0.06,LOW,sin_hour
TX_MON_11093,59011.0,16,1389.56,1,Fraud,FRAUD,0.9971,99.71,HIGH,V14
TX_MON_11094,59689.0,16,7.58,0,Legitimate,LEGITIMATE,0.0009,0.09,LOW,V4
TX_MON_11095,146344.0,16,94.82,1,Fraud,FRAUD,0.9982,99.82,HIGH,V14
TX_MON_11096,148857.0,17,99.0,0,Legitimate,LEGITIMATE,0.0001,0.01,LOW,V1
TX_MON_11097,130686.0,12,47.0,0,Legitimate,LEGITIMATE,0.0001,0.01,LOW,sin_hour
TX_MON_11098,124899.0,10,1.98,0,Legitimate,LEGITIMATE,0.0006,0.06,LOW,log_amount
TX_MON_11099,161258.0,20,1.9,0,Legitimate,LEGITIMATE,0.0002,0.02,LOW,V22
TX_MON_11100,33932.0,9,148.0,0,Legitimate,LEGITIMATE,0.0004,0.04,LOW,V1
TX_MON_11101,130481.0,12,110.18,0,Legitimate,LEGITIMATE,0.0174,1.74,LOW,sin_hour
TX_MON_11102,128266.0,11,74.62,0,Legitimate,LEGITIMATE,0.0001,0.01,LOW,sin_hour
TX_MON_11103,154901.0,19,30.0,0,Legitimate,LEGITIMATE,0.0001,0.01,LOW,cos_hour
TX_MON_11104,29153.0,8,1.98,0,Legitimate,LEGITIMATE,0.0008,0.08,LOW,log_amount
TX_MON_11105,36917.0,10,15.0,0,Legitimate,LEGITIMATE,0.0001,0.01,LOW,V28
TX_MON_11106,157877.0,19,83.5,0,Legitimate,LEGITIMATE,0.0025,0.25,LOW,V4
TX_MON_11107,37795.0,10,200.92,0,Legitimate,LEGITIMATE,0.0002,0.02,LOW,V25
TX_MON_11108,115968.0,8,24.99,0,Legitimate,LEGITIMATE,0.0,0.0,LOW,V25
TX_MON_11109,100501.0,3,0.76,1,Fraud,FRAUD,0.9905,99.05,HIGH,V14
TX_MON_11110,121627.0,9,8.15,0,Legitimate,LEGITIMATE,0.0003,0.03,LOW,V25
TX_MON_11111,159921.0,20,12.99,0,Legitimate,LEGITIMATE,0.0008,0.08,LOW,V26
TX_MON_11112,41147.0,11,88.23,1,Fraud,FRAUD,0.9981,99.81,HIGH,V14
TX_MON_11113,19913.0,5,10.0,0,Legitimate,LEGITIMATE,0.0005,0.05,LOW,cos_hour
TX_MON_11114,153388.0,18,3.59,0,Legitimate,LEGITIMATE,0.0002,0.02,LOW,cos_hour
TX_MON_11115,167396.0,22,15.0,0,Legitimate,LEGITIMATE,0.0005,0.05,LOW,V10
TX_MON_11116,171012.0,23,66.9,0,Legitimate,LEGITIMATE,0.0002,0.02,LOW,V21
TX_MON_11117,34519.0,9,9.99,0,Legitimate,LEGITIMATE,0.0004,0.04,LOW,V28
TX_MON_11118,65433.0,18,17.99,0,Legitimate,LEGITIMATE,0.0008,0.08,LOW,cos_hour
TX_MON_11119,90997.0,1,98.25,0,Legitimate,LEGITIMATE,0.0049,0.49,LOW,V4
TX_MON_11120,60227.0,16,127.73,0,Legitimate,LEGITIMATE,0.0001,0.01,LOW,V27
TX_MON_11121,74856.0,20,0.77,0,Legitimate,LEGITIMATE,0.0001,0.01,LOW,sin_hour
TX_MON_11122,85001.0,23,59.9,0,Legitimate,LEGITIMATE,0.0007,0.07,LOW,sin_hour
TX_MON_11123,136098.0,13,10.29,0,Legitimate,LEGITIMATE,0.0001,0.01,LOW,V1
TX_MON_11124,134791.0,13,38.9,0,Legitimate,LEGITIMATE,0.0002,0.02,LOW,sin_hour
TX_MON_11125,162984.0,21,54.72,0,Legitimate,LEGITIMATE,0.0033,0.33,LOW,V1
TX_MON_11126,80494.0,22,30.0,0,Legitimate,LEGITIMATE,0.0006,0.06,LOW,sin_hour
TX_MON_11127,36415.0,10,75.0,0,Legitimate,LEGITIMATE,0.0004,0.04,LOW,V1
TX_MON_11128,120148.0,9,128.0,0,Legitimate,LEGITIMATE,0.0,0.0,LOW,V20
TX_MON_11129,171034.0,23,344.0,0,Legitimate,LEGITIMATE,0.0004,0.04,LOW,Amount
TX_MON_11130,66724.0,18,2.5,0,Legitimate,LEGITIMATE,0.0008,0.08,LOW,cos_hour
TX_MON_11131,140337.0,14,218.0,0,Legitimate,LEGITIMATE,0.0039,0.39,LOW,sin_hour
TX_MON_11132,47778.0,13,319.75,0,Legitimate,LEGITIMATE,0.0014,0.14,LOW,Amount
TX_MON_11133,134718.0,13,1.0,0,Legitimate,LEGITIMATE,0.0057,0.57,LOW,sin_hour
TX_MON_11134,84575.0,23,79.0,0,Legitimate,LEGITIMATE,0.0001,0.01,LOW,sin_hour
TX_MON_11135,383.0,0,16.0,0,Legitimate,LEGITIMATE,0.0013,0.13,LOW,V14
TX_MON_11136,60261.0,16,2.58,0,Legitimate,LEGITIMATE,0.0002,0.02,LOW,log_amount
TX_MON_11137,140740.0,15,600.2,0,Legitimate,LEGITIMATE,0.0017,0.17,LOW,Amount
TX_MON_11138,96556.0,2,1856.09,0,Legitimate,LEGITIMATE,0.001,0.1,LOW,Amount
TX_MON_11139,134122.0,13,8.95,0,Legitimate,LEGITIMATE,0.0,0.0,LOW,sin_hour
TX_MON_11140,71589.0,19,71.38,0,Legitimate,LEGITIMATE,0.0004,0.04,LOW,cos_hour
TX_MON_11141,62896.0,17,10.0,0,Legitimate,LEGITIMATE,0.0002,0.02,LOW,cos_hour
TX_MON_11142,155044.0,19,106.78,0,Legitimate,LEGITIMATE,0.0036,0.36,LOW,cos_hour
TX_MON_11143,38451.0,10,18.5,0,Legitimate,LEGITIMATE,0.0021,0.21,LOW,V20
TX_MON_11144,148457.0,17,41.1,0,Legitimate,LEGITIMATE,0.0008,0.08,LOW,cos_hour
TX_MON_11145,27784.0,7,23.36,1,Fraud,FRAUD,0.9694,96.94,HIGH,V14
TX_MON_11146,95427.0,2,0.01,0,Legitimate,LEGITIMATE,0.0004,0.04,LOW,log_amount
TX_MON_11147,33860.0,9,3.5,0,Legitimate,LEGITIMATE,0.0003,0.03,LOW,log_amount
TX_MON_11148,25223.0,7,89.99,0,Legitimate,LEGITIMATE,0.0029,0.29,LOW,V1
TX_MON_11149,62395.0,17,5.85,0,Legitimate,LEGITIMATE,0.0002,0.02,LOW,cos_hour
TX_MON_11150,149495.0,17,191.76,0,Legitimate,LEGITIMATE,0.0005,0.05,LOW,cos_hour
TX_MON_11151,151499.0,18,25.79,0,Legitimate,LEGITIMATE,0.0003,0.03,LOW,V14
TX_MON_11152,38498.0,10,9.99,0,Legitimate,LEGITIMATE,0.0009,0.09,LOW,V28
TX_MON_11153,152053.0,18,24.99,0,Legitimate,LEGITIMATE,0.0004,0.04,LOW,cos_hour
TX_MON_11154,157097.0,19,55.0,0,Legitimate,LEGITIMATE,0.0001,0.01,LOW,cos_hour
TX_MON_11155,153440.0,18,50.0,0,Legitimate,LEGITIMATE,0.001,0.1,LOW,V22
TX_MON_11156,61676.0,17,351.63,0,Legitimate,LEGITIMATE,0.0006,0.06,LOW,Amount
TX_MON_11157,104758.0,5,85.21,0,Legitimate,LEGITIMATE,0.0009,0.09,LOW,cos_hour
TX_MON_11158,78965.0,21,19.73,0,Legitimate,LEGITIMATE,0.0014,0.14,LOW,sin_hour
TX_MON_11159,82854.0,23,7.18,0,Legitimate,LEGITIMATE,0.0001,0.01,LOW,sin_hour
TX_MON_11160,37613.0,10,59.8,0,Legitimate,LEGITIMATE,0.0001,0.01,LOW,V1
TX_MON_11161,153534.0,18,2.0,0,Legitimate,LEGITIMATE,0.0004,0.04,LOW,cos_hour
TX_MON_11162,157262.0,19,29.97,0,Legitimate,LEGITIMATE,0.001,0.1,LOW,V20
TX_MON_11163,54855.0,15,1.0,0,Legitimate,LEGITIMATE,0.0278,2.78,LOW,sin_hour
TX_MON_11164,55939.0,15,19.99,0,Legitimate,LEGITIMATE,0.0001,0.01,LOW,V25
TX_MON_11165,59532.0,16,23.0,0,Legitimate,LEGITIMATE,0.0001,0.01,LOW,V1
TX_MON_11166,166857.0,22,21.9,0,Legitimate,LEGITIMATE,0.0001,0.01,LOW,sin_hour
TX_MON_11167,37649.0,10,50.0,0,Legitimate,LEGITIMATE,0.0001,0.01,LOW,V8
TX_MON_11168,38347.0,10,134.88,0,Legitimate,LEGITIMATE,0.0,0.0,LOW,V20
TX_MON_11169,20459.0,5,160.0,0,Legitimate,LEGITIMATE,0.0001,0.01,LOW,V22
TX_MON_11170,132337.0,12,74.0,0,Legitimate,LEGITIMATE,0.0003,0.03,LOW,sin_hour
TX_MON_11171,26788.0,7,190.0,0,Legitimate,LEGITIMATE,0.0058,0.58,LOW,V4
TX_MON_11172,37328.0,10,78.0,0,Legitimate,LEGITIMATE,0.0006,0.06,LOW,V20
TX_MON_11173,50594.0,14,32.0,0,Legitimate,LEGITIMATE,0.0005,0.05,LOW,V8
TX_MON_11174,122149.0,9,82.0,0,Legitimate,LEGITIMATE,0.0004,0.04,LOW,V18
TX_MON_11175,138184.0,14,28.0,0,Legitimate,LEGITIMATE,0.0005,0.05,LOW,sin_hour
TX_MON_11176,129222.0,11,4.87,1,Fraud,FRAUD,0.9987,99.87,HIGH,V14
TX_MON_11177,110145.0,6,2.12,0,Legitimate,LEGITIMATE,0.0,0.0,LOW,cos_hour
TX_MON_11178,124841.0,10,26.35,0,Legitimate,LEGITIMATE,0.1685,16.85,LOW,V14
TX_MON_11179,74967.0,20,1.46,0,Legitimate,LEGITIMATE,0.0,0.0,LOW,log_amount
TX_MON_11180,147061.0,16,1.46,0,Legitimate,LEGITIMATE,0.0001,0.01,LOW,log_amount
TX_MON_11181,143135.0,15,47.85,0,Legitimate,LEGITIMATE,0.0001,0.01,LOW,V27
TX_MON_11182,54705.0,15,3.0,0,Legitimate,LEGITIMATE,0.0048,0.48,LOW,sin_hour
TX_MON_11183,117659.0,8,77.0,0,Legitimate,LEGITIMATE,0.0002,0.02,LOW,V17
TX_MON_11184,30467.0,8,1.52,0,Legitimate,LEGITIMATE,0.0009,0.09,LOW,V4
TX_MON_11185,78026.0,21,72.35,0,Legitimate,LEGITIMATE,0.0015,0.15,LOW,V4
TX_MON_11186,11844.0,3,4.9,0,Legitimate,LEGITIMATE,0.0001,0.01,LOW,V20
TX_MON_11187,109297.0,6,0.0,1,Fraud,FRAUD,0.9778,97.78,HIGH,V14
TX_MON_11188,101817.0,4,558.6,0,Legitimate,LEGITIMATE,0.0003,0.03,LOW,Amount
TX_MON_11189,119019.0,9,1198.55,0,Legitimate,LEGITIMATE,0.0002,0.02,LOW,V10
TX_MON_11190,47653.0,13,180.0,0,Legitimate,LEGITIMATE,0.0004,0.04,LOW,sin_hour
TX_MON_11191,133501.0,13,328.0,0,Legitimate,LEGITIMATE,0.0004,0.04,LOW,Amount
TX_MON_11192,149668.0,17,2.68,0,Legitimate,LEGITIMATE,0.0001,0.01,LOW,cos_hour
TX_MON_11193,88292.0,0,34.73,0,Legitimate,LEGITIMATE,0.0002,0.02,LOW,V21
TX_MON_11194,44016.0,12,29.74,0,Legitimate,LEGITIMATE,0.0004,0.04,LOW,sin_hour
TX_MON_11195,64744.0,17,54.99,0,Legitimate,LEGITIMATE,0.0001,0.01,LOW,cos_hour
TX_MON_11196,32023.0,8,36.29,0,Legitimate,LEGITIMATE,0.0001,0.01,LOW,V28
TX_MON_11197,80938.0,22,60.0,0,Legitimate,LEGITIMATE,0.0006,0.06,LOW,sin_hour
TX_MON_11198,39813.0,11,23.39,0,Legitimate,LEGITIMATE,0.0022,0.22,LOW,V4
TX_MON_11199,155662.0,19,0.77,1,Fraud,FRAUD,0.9973,99.73,HIGH,V14
TX_MON_11200,40745.0,11,10.43,0,Legitimate,LEGITIMATE,0.001,0.1,LOW,V4
TX_MON_11201,159844.0,20,45.51,1,Fraud,FRAUD,0.9951,99.51,HIGH,V14
TX_MON_11202,65622.0,18,64.96,0,Legitimate,LEGITIMATE,0.0004,0.04,LOW,V21
TX_MON_11203,155798.0,19,1.98,0,Legitimate,LEGITIMATE,0.0001,0.01,LOW,cos_hour
TX_MON_11204,76305.0,21,73.43,0,Legitimate,LEGITIMATE,0.0028,0.28,LOW,sin_hour
TX_MON_11205,8169.0,2,1.0,1,Fraud,FRAUD,0.9869,98.69,HIGH,V14
TX_MON_11206,67643.0,18,1.0,0,Legitimate,LEGITIMATE,0.0001,0.01,LOW,cos_hour
TX_MON_11207,153145.0,18,0.89,0,Legitimate,LEGITIMATE,0.0001,0.01,LOW,cos_hour
TX_MON_11208,76857.0,21,1.0,1,Fraud,FRAUD,0.9915,99.15,HIGH,V14
TX_MON_11209,154323.0,18,28.6,0,Legitimate,LEGITIMATE,0.0002,0.02,LOW,cos_hour
TX_MON_11210,129741.0,12,1.0,1,Fraud,FRAUD,0.9978,99.78,HIGH,V14
TX_MON_11211,62662.0,17,58.13,0,Legitimate,LEGITIMATE,0.0004,0.04,LOW,cos_hour
TX_MON_11212,146638.0,16,74.36,0,Legitimate,LEGITIMATE,0.0004,0.04,LOW,V26
TX_MON_11213,63937.0,17,30.0,0,Legitimate,LEGITIMATE,0.0019,0.19,LOW,cos_hour
TX_MON_11214,123172.0,10,123.03,0,Legitimate,LEGITIMATE,0.0001,0.01,LOW,V18
TX_MON_11215,136249.0,13,88.0,0,Legitimate,LEGITIMATE,0.0022,0.22,LOW,sin_hour
TX_MON_11216,99758.0,3,12.08,0,Legitimate,LEGITIMATE,0.0001,0.01,LOW,V23
TX_MON_11217,146018.0,16,41.29,0,Legitimate,LEGITIMATE,0.0003,0.03,LOW,V6
TX_MON_11218,137353.0,14,1.79,0,Legitimate,LEGITIMATE,0.0001,0.01,LOW,log_amount
TX_MON_11219,65826.0,18,319.8,0,Legitimate,LEGITIMATE,0.0004,0.04,LOW,Amount
TX_MON_11220,75624.0,21,40.98,0,Legitimate,LEGITIMATE,0.0012,0.12,LOW,sin_hour
TX_MON_11221,151088.0,17,20.5,0,Legitimate,LEGITIMATE,0.0002,0.02,LOW,cos_hour
TX_MON_11222,131980.0,12,1.0,0,Legitimate,LEGITIMATE,0.0,0.0,LOW,sin_hour
TX_MON_11223,122136.0,9,3.9,0,Legitimate,LEGITIMATE,0.0001,0.01,LOW,log_amount
TX_MON_11224,32742.0,9,53.65,0,Legitimate,LEGITIMATE,0.0001,0.01,LOW,V11
TX_MON_11225,30791.0,8,232.0,0,Legitimate,LEGITIMATE,0.0028,0.28,LOW,Amount
TX_MON_11226,153212.0,18,95.47,0,Legitimate,LEGITIMATE,0.0001,0.01,LOW,cos_hour
TX_MON_11227,34599.0,9,236.92,0,Legitimate,LEGITIMATE,0.0006,0.06,LOW,V1
TX_MON_11228,166504.0,22,37.17,0,Legitimate,LEGITIMATE,0.0028,0.28,LOW,V4
TX_MON_11229,77587.0,21,100.02,0,Legitimate,LEGITIMATE,0.0034,0.34,LOW,V4
TX_MON_11230,57130.0,15,0.85,0,Legitimate,LEGITIMATE,0.0,0.0,LOW,V3
TX_MON_11231,163776.0,21,590.1,0,Legitimate,LEGITIMATE,0.0006,0.06,LOW,Amount
TX_MON_11232,137881.0,14,182.18,0,Legitimate,LEGITIMATE,0.0001,0.01,LOW,sin_hour
TX_MON_11233,133724.0,13,4.99,0,Legitimate,LEGITIMATE,0.0001,0.01,LOW,sin_hour
TX_MON_11234,140402.0,15,1.54,0,Legitimate,LEGITIMATE,0.005,0.5,LOW,V11
TX_MON_11235,146780.0,16,80.1,0,Legitimate,LEGITIMATE,0.0004,0.04,LOW,V20
TX_MON_11236,97360.0,3,39.0,0,Legitimate,LEGITIMATE,0.0003,0.03,LOW,V12
TX_MON_11237,116819.0,8,1.78,0,Legitimate,LEGITIMATE,0.0001,0.01,LOW,log_amount
TX_MON_11238,154181.0,18,0.76,1,Fraud,FRAUD,0.9874,98.74,HIGH,V14
TX_MON_11239,164057.0,21,47.73,0,Legitimate,LEGITIMATE,0.0004,0.04,LOW,V20
TX_MON_11240,167116.0,22,0.99,0,Legitimate,LEGITIMATE,0.0002,0.02,LOW,sin_hour
TX_MON_11241,457.0,0,121.48,0,Legitimate,LEGITIMATE,0.0006,0.06,LOW,V1
TX_MON_11242,29041.0,8,1.0,0,Legitimate,LEGITIMATE,0.0001,0.01,LOW,V1
TX_MON_11243,24949.0,6,35.22,0,Legitimate,LEGITIMATE,0.0,0.0,LOW,V10
TX_MON_11244,79698.0,22,0.89,0,Legitimate,LEGITIMATE,0.0005,0.05,LOW,sin_hour
TX_MON_11245,168747.0,22,1.98,0,Legitimate,LEGITIMATE,0.0,0.0,LOW,sin_hour
TX_MON_11246,121076.0,9,1.98,0,Legitimate,LEGITIMATE,0.0001,0.01,LOW,log_amount
TX_MON_11247,117456.0,8,1.0,0,Legitimate,LEGITIMATE,0.0004,0.04,LOW,V14
TX_MON_11248,47547.0,13,201.99,0,Legitimate,LEGITIMATE,0.0005,0.05,LOW,sin_hour
TX_MON_11249,71831.0,19,45.93,0,Legitimate,LEGITIMATE,0.0007,0.07,LOW,cos_hour
TX_MON_11250,82271.0,22,110.0,0,Legitimate,LEGITIMATE,0.0002,0.02,LOW,sin_hour
TX_MON_11251,57160.0,15,20.0,0,Legitimate,LEGITIMATE,0.0002,0.02,LOW,V27
TX_MON_11252,136881.0,14,1.98,0,Legitimate,LEGITIMATE,0.0038,0.38,LOW,log_amount
TX_MON_11253,47545.0,13,0.76,1,Fraud,LEGITIMATE,0.0093,0.93,LOW,sin_hour
TX_MON_11254,75473.0,20,1.0,0,Legitimate,LEGITIMATE,0.0051,0.51,LOW,sin_hour
TX_MON_11255,38296.0,10,79.9,0,Legitimate,LEGITIMATE,0.0002,0.02,LOW,V20
TX_MON_11256,16797.0,4,149.0,0,Legitimate,LEGITIMATE,0.0006,0.06,LOW,cos_hour
TX_MON_11257,49287.0,13,828.55,0,Legitimate,LEGITIMATE,0.0001,0.01,LOW,Amount
TX_MON_11258,87931.0,0,1.0,0,Legitimate,LEGITIMATE,0.0,0.0,LOW,V3
TX_MON_11259,168028.0,22,10.39,0,Legitimate,LEGITIMATE,0.0051,0.51,LOW,sin_hour
TX_MON_11260,138408.0,14,111.0,0,Legitimate,LEGITIMATE,0.0014,0.14,LOW,sin_hour
TX_MON_11261,45674.0,12,0.89,0,Legitimate,LEGITIMATE,0.0005,0.05,LOW,sin_hour
TX_MON_11262,144281.0,16,55.85,0,Legitimate,LEGITIMATE,0.0001,0.01,LOW,V22
TX_MON_11263,140658.0,15,472.42,0,Legitimate,LEGITIMATE,0.0505,5.05,LOW,Amount
TX_MON_11264,94452.0,2,127.69,0,Legitimate,LEGITIMATE,0.0002,0.02,LOW,V12
TX_MON_11265,102676.0,4,119.74,1,Fraud,FRAUD,0.9985,99.85,HIGH,V14
TX_MON_11266,127640.0,11,59.99,0,Legitimate,LEGITIMATE,0.0015,0.15,LOW,V14
TX_MON_11267,134255.0,13,10.99,0,Legitimate,LEGITIMATE,0.0004,0.04,LOW,sin_hour
TX_MON_11268,31557.0,8,6.99,0,Legitimate,LEGITIMATE,0.0002,0.02,LOW,V28
TX_MON_11269,63750.0,17,3.76,0,Legitimate,LEGITIMATE,0.0005,0.05,LOW,cos_hour
TX_MON_11270,13231.0,3,12.08,0,Legitimate,LEGITIMATE,0.0002,0.02,LOW,V12
TX_MON_11271,157670.0,19,49.99,0,Legitimate,LEGITIMATE,0.0003,0.03,LOW,cos_hour
TX_MON_11272,157529.0,19,9.95,0,Legitimate,LEGITIMATE,0.0001,0.01,LOW,cos_hour
TX_MON_11273,153965.0,18,1.0,0,Legitimate,LEGITIMATE,0.0003,0.03,LOW,cos_hour
TX_MON_11274,27083.0,7,0.89,0,Legitimate,LEGITIMATE,0.0002,0.02,LOW,cos_hour
TX_MON_11275,142203.0,15,12.39,0,Legitimate,LEGITIMATE,0.0003,0.03,LOW,V20
TX_MON_11276,129551.0,11,20.18,0,Legitimate,LEGITIMATE,0.003,0.3,LOW,sin_hour
TX_MON_11277,152339.0,18,11.66,0,Legitimate,LEGITIMATE,0.0024,0.24,LOW,V20
TX_MON_11278,30975.0,8,60.9,0,Legitimate,LEGITIMATE,0.0002,0.02,LOW,V23
TX_MON_11279,76778.0,21,4.95,0,Legitimate,LEGITIMATE,0.0003,0.03,LOW,V28
TX_MON_11280,12393.0,3,179.66,1,Fraud,FRAUD,0.9969,99.69,HIGH,V14
TX_MON_11281,123396.0,10,35.0,0,Legitimate,LEGITIMATE,0.0,0.0,LOW,V26
TX_MON_11282,120707.0,9,11.11,0,Legitimate,LEGITIMATE,0.0004,0.04,LOW,V1
TX_MON_11283,53418.0,14,1.0,0,Legitimate,LEGITIMATE,0.0022,0.22,LOW,sin_hour
TX_MON_11284,72384.0,20,27.5,0,Legitimate,LEGITIMATE,0.0097,0.97,LOW,V4
TX_MON_11285,119897.0,9,55.0,0,Legitimate,LEGITIMATE,0.0111,1.11,LOW,V1
TX_MON_11286,58525.0,16,4.49,0,Legitimate,LEGITIMATE,0.0001,0.01,LOW,log_amount
TX_MON_11287,50895.0,14,6.24,0,Legitimate,LEGITIMATE,0.001,0.1,LOW,V12
TX_MON_11288,117542.0,8,1.29,0,Legitimate,LEGITIMATE,0.0012,0.12,LOW,log_amount
TX_MON_11289,83385.0,23,166.74,0,Legitimate,LEGITIMATE,0.0004,0.04,LOW,V1
TX_MON_11290,163504.0,21,22.72,0,Legitimate,LEGITIMATE,0.0027,0.27,LOW,V4
TX_MON_11291,70229.0,19,3.79,1,Fraud,FRAUD,0.998,99.8,HIGH,V14
TX_MON_11292,135289.0,13,7.13,0,Legitimate,LEGITIMATE,0.0353,3.53,LOW,sin_hour
TX_MON_11293,118306.0,8,28.63,0,Legitimate,LEGITIMATE,0.0002,0.02,LOW,V22
TX_MON_11294,148327.0,17,429.89,0,Legitimate,LEGITIMATE,0.0326,3.26,LOW,Amount
TX_MON_11295,148468.0,17,0.76,1,Fraud,FRAUD,0.9952,99.52,HIGH,V14
TX_MON_11296,52934.0,14,0.76,1,Fraud,LEGITIMATE,0.1955,19.55,LOW,V4
TX_MON_11297,160763.0,20,0.89,0,Legitimate,LEGITIMATE,0.0008,0.08,LOW,sin_hour
TX_MON_11298,32695.0,9,95.5,0,Legitimate,LEGITIMATE,0.0,0.0,LOW,V23
TX_MON_11299,30176.0,8,3.0,0,Legitimate,LEGITIMATE,0.0001,0.01,LOW,log_amount
TX_MON_11300,77148.0,21,8.94,0,Legitimate,LEGITIMATE,0.0009,0.09,LOW,V1
TX_MON_11301,143147.0,15,26.5,0,Legitimate,LEGITIMATE,0.0001,0.01,LOW,V20
TX_MON_11302,121356.0,9,7.95,0,Legitimate,LEGITIMATE,0.0,0.0,LOW,V22
TX_MON_11303,124998.0,10,49.99,0,Legitimate,LEGITIMATE,0.0008,0.08,LOW,V1
TX_MON_11304,146628.0,16,4.21,0,Legitimate,LEGITIMATE,0.0124,1.24,LOW,V1
TX_MON_11305,143224.0,15,376.0,0,Legitimate,LEGITIMATE,0.0012,0.12,LOW,Amount
TX_MON_11306,168973.0,22,70.16,0,Legitimate,LEGITIMATE,0.0074,0.74,LOW,V1
TX_MON_11307,127047.0,11,0.76,0,Legitimate,LEGITIMATE,0.0,0.0,LOW,log_amount
TX_MON_11308,38357.0,10,915.0,0,Legitimate,LEGITIMATE,0.0016,0.16,LOW,Amount
TX_MON_11309,112051.0,7,2.0,0,Legitimate,LEGITIMATE,0.0001,0.01,LOW,cos_hour
TX_MON_11310,149733.0,17,8.99,0,Legitimate,LEGITIMATE,0.0,0.0,LOW,cos_hour
TX_MON_11311,27701.0,7,105.58,0,Legitimate,LEGITIMATE,0.0009,0.09,LOW,V4
TX_MON_11312,148465.0,17,96.0,0,Legitimate,LEGITIMATE,0.0,0.0,LOW,cos_hour
TX_MON_11313,82834.0,23,163.8,0,Legitimate,LEGITIMATE,0.0002,0.02,LOW,sin_hour
TX_MON_11314,79919.0,22,41.95,0,Legitimate,LEGITIMATE,0.0003,0.03,LOW,sin_hour
TX_MON_11315,111122.0,6,1.0,0,Legitimate,LEGITIMATE,0.0001,0.01,LOW,V1
TX_MON_11316,127819.0,11,1.98,0,Legitimate,LEGITIMATE,0.0001,0.01,LOW,log_amount
TX_MON_11317,86990.0,0,6.31,0,Legitimate,LEGITIMATE,0.0001,0.01,LOW,V6
TX_MON_11318,52508.0,14,139.0,0,Legitimate,LEGITIMATE,0.0055,0.55,LOW,sin_hour
TX_MON_11319,155666.0,19,5.16,0,Legitimate,LEGITIMATE,0.0002,0.02,LOW,cos_hour
TX_MON_11320,75060.0,20,32.55,0,Legitimate,LEGITIMATE,0.0001,0.01,LOW,sin_hour
TX_MON_11321,47950.0,13,147.09,0,Legitimate,LEGITIMATE,0.0002,0.02,LOW,sin_hour
TX_MON_11322,171539.0,23,2.58,0,Legitimate,LEGITIMATE,0.0003,0.03,LOW,sin_hour
TX_MON_11323,121251.0,9,0.89,0,Legitimate,LEGITIMATE,0.0005,0.05,LOW,log_amount
TX_MON_11324,147003.0,16,26.0,0,Legitimate,LEGITIMATE,0.0,0.0,LOW,cos_hour
TX_MON_11325,157416.0,19,43.52,0,Legitimate,LEGITIMATE,0.0005,0.05,LOW,cos_hour
TX_MON_11326,102619.0,4,1.0,1,Fraud,FRAUD,0.9981,99.81,HIGH,V14
TX_MON_11327,37842.0,10,1.0,0,Legitimate,LEGITIMATE,0.0001,0.01,LOW,log_amount
TX_MON_11328,43759.0,12,17.1,0,Legitimate,LEGITIMATE,0.0001,0.01,LOW,V4
TX_MON_11329,130298.0,12,88.48,0,Legitimate,LEGITIMATE,0.0024,0.24,LOW,V1
TX_MON_11330,132261.0,12,0.99,0,Legitimate,LEGITIMATE,0.0002,0.02,LOW,V20
TX_MON_11331,143755.0,15,100.0,0,Legitimate,LEGITIMATE,0.0001,0.01,LOW,V28
TX_MON_11332,146373.0,16,7.0,0,Legitimate,LEGITIMATE,0.0001,0.01,LOW,V22
TX_MON_11333,50163.0,13,199.0,0,Legitimate,LEGITIMATE,0.0076,0.76,LOW,V1
TX_MON_11334,50134.0,13,2.31,0,Legitimate,LEGITIMATE,0.0039,0.39,LOW,log_amount
TX_MON_11335,111914.0,7,100.0,0,Legitimate,LEGITIMATE,0.0009,0.09,LOW,cos_hour
TX_MON_11336,63024.0,17,0.69,0,Legitimate,LEGITIMATE,0.0003,0.03,LOW,log_amount
TX_MON_11337,84433.0,23,221.97,0,Legitimate,LEGITIMATE,0.0005,0.05,LOW,sin_hour
TX_MON_11338,102669.0,4,0.0,1,Fraud,FRAUD,0.9983,99.83,HIGH,V14
TX_MON_11339,153510.0,18,3.74,0,Legitimate,LEGITIMATE,0.0003,0.03,LOW,cos_hour
TX_MON_11340,67998.0,18,3.59,0,Legitimate,LEGITIMATE,0.0004,0.04,LOW,cos_hour
TX_MON_11341,129972.0,12,73.0,0,Legitimate,LEGITIMATE,0.0002,0.02,LOW,sin_hour
TX_MON_11342,161354.0,20,33.9,0,Legitimate,LEGITIMATE,0.0003,0.03,LOW,sin_hour
TX_MON_11343,133631.0,13,329.79,0,Legitimate,LEGITIMATE,0.0009,0.09,LOW,Amount
TX_MON_11344,87320.0,0,208.0,0,Legitimate,LEGITIMATE,0.0001,0.01,LOW,V14
TX_MON_11345,142157.0,15,14.68,0,Legitimate,LEGITIMATE,0.0147,1.47,LOW,V14
TX_MON_11346,14486.0,4,39.0,0,Legitimate,LEGITIMATE,0.0001,0.01,LOW,cos_hour
TX_MON_11347,30029.0,8,28.11,0,Legitimate,LEGITIMATE,0.0008,0.08,LOW,V4
TX_MON_11348,40371.0,11,1.0,0,Legitimate,LEGITIMATE,0.0027,0.27,LOW,V17
TX_MON_11349,52873.0,14,28.82,0,Legitimate,LEGITIMATE,0.0003,0.03,LOW,sin_hour
TX_MON_11350,50445.0,14,53.0,0,Legitimate,LEGITIMATE,0.0,0.0,LOW,sin_hour
TX_MON_11351,159023.0,20,46.0,0,Legitimate,LEGITIMATE,0.0005,0.05,LOW,cos_hour
TX_MON_11352,92429.0,1,3.0,0,Legitimate,LEGITIMATE,0.2658,26.58,LOW,V4
TX_MON_11353,61348.0,17,7.68,0,Legitimate,LEGITIMATE,0.0001,0.01,LOW,cos_hour
TX_MON_11354,35362.0,9,0.77,0,Legitimate,LEGITIMATE,0.0,0.0,LOW,log_amount
TX_MON_11355,160975.0,20,31.0,0,Legitimate,LEGITIMATE,0.0416,4.16,LOW,V8
TX_MON_11356,48629.0,13,231.0,0,Legitimate,LEGITIMATE,0.0005,0.05,LOW,sin_hour
TX_MON_11357,122656.0,10,81.0,0,Legitimate,LEGITIMATE,0.0001,0.01,LOW,V1
TX_MON_11358,135176.0,13,13.99,0,Legitimate,LEGITIMATE,0.0001,0.01,LOW,sin_hour
TX_MON_11359,55658.0,15,10.0,0,Legitimate,LEGITIMATE,0.0007,0.07,LOW,sin_hour
TX_MON_11360,77336.0,21,114.9,0,Legitimate,LEGITIMATE,0.0004,0.04,LOW,sin_hour
TX_MON_11361,51155.0,14,147.88,0,Legitimate,LEGITIMATE,0.0173,1.73,LOW,V4
TX_MON_11362,122108.0,9,95.65,0,Legitimate,LEGITIMATE,0.0001,0.01,LOW,V28
TX_MON_11363,145593.0,16,122.0,0,Legitimate,LEGITIMATE,0.0,0.0,LOW,V18
TX_MON_11364,48449.0,13,0.92,0,Legitimate,LEGITIMATE,0.0007,0.07,LOW,sin_hour
TX_MON_11365,131264.0,12,94.36,0,Legitimate,LEGITIMATE,0.0007,0.07,LOW,sin_hour
TX_MON_11366,124131.0,10,144.0,0,Legitimate,LEGITIMATE,0.0001,0.01,LOW,V8
TX_MON_11367,42568.0,11,0.89,0,Legitimate,LEGITIMATE,0.001,0.1,LOW,V8
TX_MON_11368,30241.0,8,99.95,0,Legitimate,LEGITIMATE,0.0001,0.01,LOW,V28
TX_MON_11369,81402.0,22,23.54,0,Legitimate,LEGITIMATE,0.0003,0.03,LOW,sin_hour
TX_MON_11370,53658.0,14,0.0,1,Fraud,FRAUD,0.9991,99.91,HIGH,V14
TX_MON_11371,118723.0,8,9.99,0,Legitimate,LEGITIMATE,0.0001,0.01,LOW,V18
TX_MON_11372,62840.0,17,27.23,0,Legitimate,LEGITIMATE,0.0,0.0,LOW,cos_hour
TX_MON_11373,50792.0,14,0.76,0,Legitimate,LEGITIMATE,0.0009,0.09,LOW,V4
TX_MON_11374,145768.0,16,216.0,0,Legitimate,LEGITIMATE,0.0001,0.01,LOW,cos_hour
TX_MON_11375,65358.0,18,31.91,1,Fraud,FRAUD,0.5727,57.27,MEDIUM,V26
TX_MON_11376,116416.0,8,124.0,0,Legitimate,LEGITIMATE,0.0,0.0,LOW,V6
TX_MON_11377,52613.0,14,1.29,0,Legitimate,LEGITIMATE,0.0003,0.03,LOW,sin_hour
TX_MON_11378,46288.0,12,19.54,0,Legitimate,LEGITIMATE,0.0004,0.04,LOW,sin_hour
TX_MON_11379,74602.0,20,3.77,0,Legitimate,LEGITIMATE,0.0004,0.04,LOW,sin_hour
TX_MON_11380,130874.0,12,36.57,0,Legitimate,LEGITIMATE,0.0,0.0,LOW,sin_hour
TX_MON_11381,75465.0,20,533.0,0,Legitimate,LEGITIMATE,0.0019,0.19,LOW,Amount
TX_MON_11382,80303.0,22,2.0,0,Legitimate,LEGITIMATE,0.0028,0.28,LOW,sin_hour
TX_MON_11383,145833.0,16,20.0,0,Legitimate,LEGITIMATE,0.0008,0.08,LOW,V8
TX_MON_11384,29088.0,8,2.67,0,Legitimate,LEGITIMATE,0.0003,0.03,LOW,log_amount
TX_MON_11385,156636.0,19,1.29,0,Legitimate,LEGITIMATE,0.0001,0.01,LOW,V1
TX_MON_11386,75725.0,21,16.73,0,Legitimate,LEGITIMATE,0.0019,0.19,LOW,V17
TX_MON_11387,79085.0,21,835.0,0,Legitimate,LEGITIMATE,0.0002,0.02,LOW,Amount
TX_MON_11388,85849.0,23,1.0,0,Legitimate,LEGITIMATE,0.0003,0.03,LOW,sin_hour
TX_MON_11389,144183.0,16,3.94,0,Legitimate,LEGITIMATE,0.0067,0.67,LOW,V4
TX_MON_11390,73743.0,20,44.0,0,Legitimate,LEGITIMATE,0.0005,0.05,LOW,V17
TX_MON_11391,85743.0,23,1.0,0,Legitimate,LEGITIMATE,0.0004,0.04,LOW,V20
TX_MON_11392,31434.0,8,12.15,0,Legitimate,LEGITIMATE,0.0002,0.02,LOW,V4
TX_MON_11393,159457.0,20,9.42,0,Legitimate,LEGITIMATE,0.0,0.0,LOW,sin_hour
TX_MON_11394,53476.0,14,429.21,0,Legitimate,LEGITIMATE,0.0004,0.04,LOW,V4
TX_MON_11395,166668.0,22,1.79,0,Legitimate,LEGITIMATE,0.0001,0.01,LOW,sin_hour
TX_MON_11396,132573.0,12,85.53,0,Legitimate,LEGITIMATE,0.0002,0.02,LOW,sin_hour
TX_MON_11397,97685.0,3,80.0,0,Legitimate,LEGITIMATE,0.0039,0.39,LOW,V21
TX_MON_11398,83212.0,23,158.0,0,Legitimate,LEGITIMATE,0.0004,0.04,LOW,sin_hour
TX_MON_11399,120764.0,9,9.9,0,Legitimate,LEGITIMATE,0.0013,0.13,LOW,V14
TX_MON_11400,62330.0,17,1.0,1,Fraud,FRAUD,0.9878,98.78,HIGH,V14
TX_MON_11401,93879.0,2,30.31,1,Fraud,FRAUD,0.9995,99.95,HIGH,V14
TX_MON_11402,28807.0,8,9.99,0,Legitimate,LEGITIMATE,0.0002,0.02,LOW,V28
TX_MON_11403,81255.0,22,67.98,0,Legitimate,LEGITIMATE,0.0,0.0,LOW,sin_hour
TX_MON_11404,70847.0,19,168.95,0,Legitimate,LEGITIMATE,0.0036,0.36,LOW,V23
TX_MON_11405,134293.0,13,36.41,0,Legitimate,LEGITIMATE,0.0002,0.02,LOW,sin_hour
TX_MON_11406,3744.0,1,16.21,0,Legitimate,LEGITIMATE,0.0001,0.01,LOW,V12
TX_MON_11407,170121.0,23,9.83,0,Legitimate,LEGITIMATE,0.0001,0.01,LOW,sin_hour
TX_MON_11408,122772.0,10,19.03,0,Legitimate,LEGITIMATE,0.0001,0.01,LOW,V21
TX_MON_11409,128803.0,11,175.9,1,Fraud,FRAUD,0.9955,99.55,HIGH,V14
TX_MON_11410,70943.0,19,12.31,0,Legitimate,LEGITIMATE,0.0106,1.06,LOW,cos_hour
TX_MON_11411,90097.0,1,7.19,0,Legitimate,LEGITIMATE,0.0,0.0,LOW,V10
TX_MON_11412,71682.0,19,750.25,0,Legitimate,LEGITIMATE,0.0016,0.16,LOW,Amount
TX_MON_11413,44499.0,12,27.2,0,Legitimate,LEGITIMATE,0.0004,0.04,LOW,sin_hour
TX_MON_11414,116003.0,8,29.99,0,Legitimate,LEGITIMATE,0.0,0.0,LOW,V22
TX_MON_11415,52917.0,14,2.99,0,Legitimate,LEGITIMATE,0.0009,0.09,LOW,V1
TX_MON_11416,83934.0,23,1.0,1,Fraud,FRAUD,0.9971,99.71,HIGH,V14
TX_MON_11417,42916.0,11,1.0,0,Legitimate,LEGITIMATE,0.0002,0.02,LOW,sin_hour
TX_MON_11418,42146.0,11,39.0,0,Legitimate,LEGITIMATE,0.0,0.0,LOW,sin_hour
TX_MON_11419,121629.0,9,4.49,0,Legitimate,LEGITIMATE,0.0003,0.03,LOW,V1
TX_MON_11420,46915.0,13,29.57,0,Legitimate,LEGITIMATE,0.0001,0.01,LOW,sin_hour
TX_MON_11421,44108.0,12,23.72,0,Legitimate,LEGITIMATE,0.0001,0.01,LOW,sin_hour
TX_MON_11422,20931.0,5,1.0,1,Fraud,FRAUD,0.9981,99.81,HIGH,V14
TX_MON_11423,102067.0,4,500.0,0,Legitimate,LEGITIMATE,0.0003,0.03,LOW,Amount
TX_MON_11424,120229.0,9,11.62,0,Legitimate,LEGITIMATE,0.0028,0.28,LOW,V11
TX_MON_11425,34435.0,9,5.52,0,Legitimate,LEGITIMATE,0.0049,0.49,LOW,V1
TX_MON_11426,155381.0,19,5.12,0,Legitimate,LEGITIMATE,0.0009,0.09,LOW,cos_hour
TX_MON_11427,147827.0,17,1.29,0,Legitimate,LEGITIMATE,0.0006,0.06,LOW,cos_hour
TX_MON_11428,145552.0,16,38.91,0,Legitimate,LEGITIMATE,0.0005,0.05,LOW,V19
TX_MON_11429,93599.0,1,1.0,0,Legitimate,LEGITIMATE,0.0004,0.04,LOW,V12
TX_MON_11430,49945.0,13,2.0,0,Legitimate,LEGITIMATE,0.0001,0.01,LOW,log_amount
TX_MON_11431,153224.0,18,19.98,0,Legitimate,LEGITIMATE,0.0034,0.34,LOW,cos_hour
TX_MON_11432,46176.0,12,1.98,0,Legitimate,LEGITIMATE,0.0013,0.13,LOW,sin_hour
TX_MON_11433,151727.0,18,46.53,0,Legitimate,LEGITIMATE,0.0032,0.32,LOW,cos_hour
TX_MON_11434,2018.0,0,187.0,0,Legitimate,LEGITIMATE,0.0021,0.21,LOW,V1
TX_MON_11435,12093.0,3,0.0,1,Fraud,FRAUD,0.9986,99.86,HIGH,V14
TX_MON_11436,58983.0,16,48.67,0,Legitimate,LEGITIMATE,0.0006,0.06,LOW,V20
TX_MON_11437,147326.0,16,551.53,0,Legitimate,LEGITIMATE,0.0768,7.68,LOW,Amount
TX_MON_11438,146227.0,16,37.04,0,Legitimate,LEGITIMATE,0.0,0.0,LOW,V20
TX_MON_11439,130743.0,12,20.0,0,Legitimate,LEGITIMATE,0.0001,0.01,LOW,V20
TX_MON_11440,72003.0,20,2.0,0,Legitimate,LEGITIMATE,0.0012,0.12,LOW,V11
TX_MON_11441,69489.0,19,49.95,0,Legitimate,LEGITIMATE,0.0,0.0,LOW,cos_hour
TX_MON_11442,154493.0,18,35.0,1,Fraud,FRAUD,0.9964,99.64,HIGH,V14
TX_MON_11443,76217.0,21,7.99,0,Legitimate,LEGITIMATE,0.0003,0.03,LOW,V1
TX_MON_11444,39337.0,10,4.0,0,Legitimate,LEGITIMATE,0.0016,0.16,LOW,log_amount
TX_MON_11445,153515.0,18,11.9,0,Legitimate,LEGITIMATE,0.0001,0.01,LOW,cos_hour
TX_MON_11446,134280.0,13,26.44,0,Legitimate,LEGITIMATE,0.0003,0.03,LOW,sin_hour
TX_MON_11447,57399.0,15,94.99,0,Legitimate,LEGITIMATE,0.0,0.0,LOW,V24
TX_MON_11448,40747.0,11,131.1,0,Legitimate,LEGITIMATE,0.0001,0.01,LOW,sin_hour
TX_MON_11449,46801.0,13,337.13,0,Legitimate,LEGITIMATE,0.0016,0.16,LOW,Amount
TX_MON_11450,66764.0,18,1.5,0,Legitimate,LEGITIMATE,0.0001,0.01,LOW,cos_hour
TX_MON_11451,126517.0,11,7.49,0,Legitimate,LEGITIMATE,0.0019,0.19,LOW,V1
TX_MON_11452,124685.0,10,9.99,0,Legitimate,LEGITIMATE,0.0,0.0,LOW,V26
TX_MON_11453,136229.0,13,50.6,0,Legitimate,LEGITIMATE,0.0001,0.01,LOW,sin_hour
TX_MON_11454,52681.0,14,30.0,0,Legitimate,LEGITIMATE,0.0009,0.09,LOW,sin_hour
TX_MON_11455,147165.0,16,487.0,0,Legitimate,LEGITIMATE,0.0001,0.01,LOW,Amount
TX_MON_11456,81919.0,22,58.78,0,Legitimate,LEGITIMATE,0.0002,0.02,LOW,sin_hour
TX_MON_11457,56098.0,15,170.92,1,Fraud,FRAUD,0.9984,99.84,HIGH,V14
TX_MON_11458,53407.0,14,4.99,0,Legitimate,LEGITIMATE,0.003,0.3,LOW,sin_hour
TX_MON_11459,52517.0,14,10.1,0,Legitimate,LEGITIMATE,0.0068,0.68,LOW,V4
TX_MON_11460,102480.0,4,0.0,1,Fraud,FRAUD,0.9964,99.64,HIGH,V14
TX_MON_11461,162343.0,21,0.89,0,Legitimate,LEGITIMATE,0.0001,0.01,LOW,sin_hour
TX_MON_11462,115672.0,8,11.5,0,Legitimate,LEGITIMATE,0.0001,0.01,LOW,V6
TX_MON_11463,83796.0,23,33.76,0,Legitimate,LEGITIMATE,0.0002,0.02,LOW,sin_hour
TX_MON_11464,74095.0,20,25.0,0,Legitimate,LEGITIMATE,0.0016,0.16,LOW,sin_hour
TX_MON_11465,133508.0,13,7.18,0,Legitimate,LEGITIMATE,0.0,0.0,LOW,sin_hour
TX_MON_11466,77900.0,21,12.31,0,Legitimate,LEGITIMATE,0.0968,9.68,LOW,V14
TX_MON_11467,152273.0,18,7.7,0,Legitimate,LEGITIMATE,0.0006,0.06,LOW,cos_hour
TX_MON_11468,58911.0,16,19.99,0,Legitimate,LEGITIMATE,0.0,0.0,LOW,V28
TX_MON_11469,47886.0,13,45.64,0,Legitimate,LEGITIMATE,0.009,0.9,LOW,V4
TX_MON_11470,84134.0,23,2.69,0,Legitimate,LEGITIMATE,0.001,0.1,LOW,sin_hour
TX_MON_11471,18088.0,5,1218.89,1,Fraud,FRAUD,0.9973,99.73,HIGH,V14
TX_MON_11472,45014.0,12,1.0,0,Legitimate,LEGITIMATE,0.001,0.1,LOW,sin_hour
TX_MON_11473,43002.0,11,20.0,0,Legitimate,LEGITIMATE,0.0,0.0,LOW,sin_hour
TX_MON_11474,78210.0,21,51.89,0,Legitimate,LEGITIMATE,0.001,0.1,LOW,V20
TX_MON_11475,120506.0,9,97.83,0,Legitimate,LEGITIMATE,0.0003,0.03,LOW,V7
TX_MON_11476,124476.0,10,12.85,0,Legitimate,LEGITIMATE,0.0001,0.01,LOW,V23
TX_MON_11477,128136.0,11,52.95,0,Legitimate,LEGITIMATE,0.0,0.0,LOW,sin_hour
TX_MON_11478,149582.0,17,1.1,1,Fraud,FRAUD,0.9989,99.89,HIGH,V14
TX_MON_11479,70917.0,19,36.9,0,Legitimate,LEGITIMATE,0.0002,0.02,LOW,cos_hour
TX_MON_11480,36774.0,10,16.0,0,Legitimate,LEGITIMATE,0.0001,0.01,LOW,V20
TX_MON_11481,153671.0,18,24.93,0,Legitimate,LEGITIMATE,0.0002,0.02,LOW,cos_hour
TX_MON_11482,138063.0,14,3.59,0,Legitimate,LEGITIMATE,0.0048,0.48,LOW,sin_hour
TX_MON_11483,156234.0,19,0.69,0,Legitimate,LEGITIMATE,0.0002,0.02,LOW,log_amount
TX_MON_11484,153544.0,18,6.6,0,Legitimate,LEGITIMATE,0.0007,0.07,LOW,cos_hour
TX_MON_11485,170526.0,23,39.95,0,Legitimate,LEGITIMATE,0.0002,0.02,LOW,sin_hour
TX_MON_11486,111929.0,7,22.0,0,Legitimate,LEGITIMATE,0.0001,0.01,LOW,cos_hour
TX_MON_11487,152597.0,18,64.0,0,Legitimate,LEGITIMATE,0.0009,0.09,LOW,cos_hour
TX_MON_11488,79540.0,22,0.2,1,Fraud,LEGITIMATE,0.0014,0.14,LOW,V4
TX_MON_11489,40749.0,11,0.02,0,Legitimate,LEGITIMATE,0.0002,0.02,LOW,log_amount
TX_MON_11490,166425.0,22,391.5,0,Legitimate,LEGITIMATE,0.0001,0.01,LOW,Amount
TX_MON_11491,160205.0,20,5.91,0,Legitimate,LEGITIMATE,0.0044,0.44,LOW,V18
TX_MON_11492,163846.0,21,1.0,0,Legitimate,LEGITIMATE,0.0001,0.01,LOW,V20
TX_MON_11493,167496.0,22,161.15,0,Legitimate,LEGITIMATE,0.0002,0.02,LOW,sin_hour
TX_MON_11494,123898.0,10,248.99,0,Legitimate,LEGITIMATE,0.0001,0.01,LOW,V20
TX_MON_11495,154609.0,18,36.4,0,Legitimate,LEGITIMATE,0.0063,0.63,LOW,cos_hour
TX_MON_11496,135093.0,13,121.64,0,Legitimate,LEGITIMATE,0.0003,0.03,LOW,sin_hour
TX_MON_11497,68100.0,18,1.18,0,Legitimate,LEGITIMATE,0.0013,0.13,LOW,cos_hour
TX_MON_11498,149309.0,17,11.98,0,Legitimate,LEGITIMATE,0.0002,0.02,LOW,cos_hour
TX_MON_11499,37183.0,10,4.49,0,Legitimate,LEGITIMATE,0.0004,0.04,LOW,log_amount
TX_MON_11500,129843.0,12,1.51,0,Legitimate,LEGITIMATE,0.0042,0.42,LOW,V4
TX_MON_11501,70455.0,19,56.0,0,Legitimate,LEGITIMATE,0.0005,0.05,LOW,cos_hour
TX_MON_11502,63568.0,17,8.99,0,Legitimate,LEGITIMATE,0.0001,0.01,LOW,cos_hour
TX_MON_11503,76168.0,21,1.29,0,Legitimate,LEGITIMATE,0.0005,0.05,LOW,V11
TX_MON_11504,41138.0,11,340.11,1,Fraud,FRAUD,0.9985,99.85,HIGH,V14
TX_MON_11505,71665.0,19,1.98,0,Legitimate,LEGITIMATE,0.0009,0.09,LOW,log_amount
TX_MON_11506,84789.0,23,354.33,1,Fraud,FRAUD,0.8107,81.07,HIGH,Amount
TX_MON_11507,40766.0,11,10.94,0,Legitimate,LEGITIMATE,0.0001,0.01,LOW,V4
TX_MON_11508,76253.0,21,121.9,0,Legitimate,LEGITIMATE,0.0005,0.05,LOW,V1
TX_MON_11509,49912.0,13,94.99,0,Legitimate,LEGITIMATE,0.0001,0.01,LOW,sin_hour
TX_MON_11510,49873.0,13,1.52,0,Legitimate,LEGITIMATE,0.0011,0.11,LOW,V4
TX_MON_11511,25095.0,6,3.12,1,Fraud,FRAUD,0.8434,84.34,HIGH,V4
TX_MON_11512,61858.0,17,193.0,0,Legitimate,LEGITIMATE,0.0004,0.04,LOW,cos_hour
TX_MON_11513,136967.0,14,10.0,0,Legitimate,LEGITIMATE,0.0,0.0,LOW,sin_hour
TX_MON_11514,35263.0,9,99.0,0,Legitimate,LEGITIMATE,0.0001,0.01,LOW,V1
TX_MON_11515,80626.0,22,4.47,0,Legitimate,LEGITIMATE,0.0,0.0,LOW,sin_hour
TX_MON_11516,120400.0,9,5.55,0,Legitimate,LEGITIMATE,0.0051,0.51,LOW,log_amount
TX_MON_11517,65238.0,18,9.99,0,Legitimate,LEGITIMATE,0.0004,0.04,LOW,cos_hour
TX_MON_11518,32396.0,8,436.13,0,Legitimate,LEGITIMATE,0.0007,0.07,LOW,V14
TX_MON_11519,111758.0,7,11.16,0,Legitimate,LEGITIMATE,0.0001,0.01,LOW,cos_hour
TX_MON_11520,47679.0,13,39.95,0,Legitimate,LEGITIMATE,0.0009,0.09,LOW,sin_hour
TX_MON_11521,14495.0,4,15.95,0,Legitimate,LEGITIMATE,0.0002,0.02,LOW,V12
TX_MON_11522,165607.0,22,90.16,0,Legitimate,LEGITIMATE,0.004,0.4,LOW,sin_hour
TX_MON_11523,164718.0,21,1.98,0,Legitimate,LEGITIMATE,0.0,0.0,LOW,sin_hour
TX_MON_11524,114810.0,7,25.46,0,Legitimate,LEGITIMATE,0.0,0.0,LOW,V27
TX_MON_11525,2652.0,0,82.18,0,Legitimate,LEGITIMATE,0.0023,0.23,LOW,sin_hour
TX_MON_11526,93824.0,2,8.54,1,Fraud,FRAUD,0.998,99.8,HIGH,V14
TX_MON_11527,128755.0,11,153.83,0,Legitimate,LEGITIMATE,0.0001,0.01,LOW,sin_hour
TX_MON_11528,159044.0,20,809.75,0,Legitimate,LEGITIMATE,0.0254,2.54,LOW,V4
TX_MON_11529,73096.0,20,45.0,0,Legitimate,LEGITIMATE,0.0008,0.08,LOW,cos_hour
TX_MON_11530,72470.0,20,24.82,0,Legitimate,LEGITIMATE,0.001,0.1,LOW,cos_hour
TX_MON_11531,155006.0,19,4.71,0,Legitimate,LEGITIMATE,0.0004,0.04,LOW,cos_hour
TX_MON_11532,158002.0,19,3.7,0,Legitimate,LEGITIMATE,0.0006,0.06,LOW,log_amount
TX_MON_11533,2419.0,0,217.0,0,Legitimate,LEGITIMATE,0.0,0.0,LOW,Amount
TX_MON_11534,67243.0,18,36.05,0,Legitimate,LEGITIMATE,0.0001,0.01,LOW,cos_hour
TX_MON_11535,90233.0,1,9.7,0,Legitimate,LEGITIMATE,0.0005,0.05,LOW,V1
TX_MON_11536,90166.0,1,11.61,0,Legitimate,LEGITIMATE,0.0001,0.01,LOW,V12
TX_MON_11537,110552.0,6,80.22,1,Fraud,FRAUD,0.9897,98.97,HIGH,V14
TX_MON_11538,160968.0,20,0.0,0,Legitimate,LEGITIMATE,0.0001,0.01,LOW,sin_hour
TX_MON_11539,146947.0,16,27.59,0,Legitimate,LEGITIMATE,0.0385,3.85,LOW,V14
TX_MON_11540,81278.0,22,2.99,0,Legitimate,LEGITIMATE,0.0004,0.04,LOW,sin_hour
TX_MON_11541,165008.0,21,0.89,0,Legitimate,LEGITIMATE,0.0001,0.01,LOW,sin_hour
TX_MON_11542,85109.0,23,46.12,0,Legitimate,LEGITIMATE,0.0002,0.02,LOW,V20
TX_MON_11543,141442.0,15,15.0,0,Legitimate,LEGITIMATE,0.0,0.0,LOW,sin_hour
TX_MON_11544,85379.0,23,28.22,0,Legitimate,LEGITIMATE,0.0001,0.01,LOW,sin_hour
TX_MON_11545,27226.0,7,115.22,0,Legitimate,LEGITIMATE,0.0015,0.15,LOW,V1
TX_MON_11546,55856.0,15,22.27,0,Legitimate,LEGITIMATE,0.0003,0.03,LOW,V1
TX_MON_11547,66926.0,18,425.07,0,Legitimate,LEGITIMATE,0.0011,0.11,LOW,Amount
TX_MON_11548,38909.0,10,37.76,0,Legitimate,LEGITIMATE,0.0004,0.04,LOW,V4
TX_MON_11549,153124.0,18,9.12,0,Legitimate,LEGITIMATE,0.0014,0.14,LOW,cos_hour
TX_MON_11550,128539.0,11,10.0,0,Legitimate,LEGITIMATE,0.0,0.0,LOW,V22
TX_MON_11551,136931.0,14,0.89,0,Legitimate,LEGITIMATE,0.0001,0.01,LOW,sin_hour
TX_MON_11552,136946.0,14,0.89,0,Legitimate,LEGITIMATE,0.0005,0.05,LOW,sin_hour
TX_MON_11553,32774.0,9,100.0,0,Legitimate,LEGITIMATE,0.0019,0.19,LOW,V4
TX_MON_11554,35243.0,9,4.49,0,Legitimate,LEGITIMATE,0.0004,0.04,LOW,log_amount
TX_MON_11555,147392.0,16,2.69,0,Legitimate,LEGITIMATE,0.0001,0.01,LOW,V20
TX_MON_11556,144280.0,16,7.65,0,Legitimate,LEGITIMATE,0.0011,0.11,LOW,V1
TX_MON_11557,57521.0,15,40.0,0,Legitimate,LEGITIMATE,0.0,0.0,LOW,V14
TX_MON_11558,170888.0,23,5.49,0,Legitimate,LEGITIMATE,0.0001,0.01,LOW,sin_hour
TX_MON_11559,101486.0,4,47.38,0,Legitimate,LEGITIMATE,0.0014,0.14,LOW,V8
TX_MON_11560,53132.0,14,8.23,0,Legitimate,LEGITIMATE,0.0091,0.91,LOW,V20
TX_MON_11561,145688.0,16,7.7,0,Legitimate,LEGITIMATE,0.0001,0.01,LOW,V22
TX_MON_11562,151163.0,17,0.79,0,Legitimate,LEGITIMATE,0.0005,0.05,LOW,cos_hour
TX_MON_11563,82734.0,22,12.0,0,Legitimate,LEGITIMATE,0.0003,0.03,LOW,sin_hour
TX_MON_11564,74052.0,20,0.79,0,Legitimate,LEGITIMATE,0.0022,0.22,LOW,V4
TX_MON_11565,152664.0,18,283.6,0,Legitimate,LEGITIMATE,0.0022,0.22,LOW,V16
TX_MON_11566,140424.0,15,102.0,0,Legitimate,LEGITIMATE,0.0004,0.04,LOW,sin_hour
TX_MON_11567,122155.0,9,423.75,0,Legitimate,LEGITIMATE,0.001,0.1,LOW,Amount
TX_MON_11568,31083.0,8,55.0,0,Legitimate,LEGITIMATE,0.0005,0.05,LOW,V28
TX_MON_11569,119040.0,9,9.99,0,Legitimate,LEGITIMATE,0.0001,0.01,LOW,V1
TX_MON_11570,154127.0,18,72.46,0,Legitimate,LEGITIMATE,0.0004,0.04,LOW,V1
TX_MON_11571,142389.0,15,57.78,0,Legitimate,LEGITIMATE,0.0002,0.02,LOW,V20
TX_MON_11572,55584.0,15,75.0,0,Legitimate,LEGITIMATE,0.0001,0.01,LOW,sin_hour
TX_MON_11573,144994.0,16,2.28,0,Legitimate,LEGITIMATE,0.0007,0.07,LOW,log_amount
TX_MON_11574,161012.0,20,11.99,0,Legitimate,LEGITIMATE,0.0002,0.02,LOW,sin_hour
TX_MON_11575,67899.0,18,32.1,0,Legitimate,LEGITIMATE,0.0,0.0,LOW,cos_hour
TX_MON_11576,51370.0,14,62.97,0,Legitimate,LEGITIMATE,0.0002,0.02,LOW,sin_hour
TX_MON_11577,57341.0,15,82.96,0,Legitimate,LEGITIMATE,0.0002,0.02,LOW,V11
TX_MON_11578,143262.0,15,42.48,0,Legitimate,LEGITIMATE,0.1392,13.92,LOW,V4
TX_MON_11579,59091.0,16,4.99,0,Legitimate,LEGITIMATE,0.0026,0.26,LOW,log_amount
TX_MON_11580,89746.0,0,38.21,0,Legitimate,LEGITIMATE,0.0001,0.01,LOW,V1
TX_MON_11581,148601.0,17,112.0,0,Legitimate,LEGITIMATE,0.0003,0.03,LOW,cos_hour
TX_MON_11582,76826.0,21,254.76,1,Fraud,FRAUD,0.9992,99.92,HIGH,V14
TX_MON_11583,53497.0,14,0.76,0,Legitimate,LEGITIMATE,0.008,0.8,LOW,sin_hour
TX_MON_11584,146888.0,16,34.9,0,Legitimate,LEGITIMATE,0.0001,0.01,LOW,V1
TX_MON_11585,85285.0,23,252.92,1,Fraud,FRAUD,0.9983,99.83,HIGH,V14
TX_MON_11586,42481.0,11,15.16,0,Legitimate,LEGITIMATE,0.0004,0.04,LOW,V4
TX_MON_11587,68405.0,19,44.02,0,Legitimate,LEGITIMATE,0.0002,0.02,LOW,cos_hour
TX_MON_11588,26585.0,7,99.99,1,Fraud,FRAUD,0.9979,99.79,HIGH,V14
TX_MON_11589,67306.0,18,102.1,0,Legitimate,LEGITIMATE,0.0003,0.03,LOW,cos_hour
TX_MON_11590,155059.0,19,1126.0,0,Legitimate,LEGITIMATE,0.0047,0.47,LOW,Amount
TX_MON_11591,58542.0,16,175.0,0,Legitimate,LEGITIMATE,0.0001,0.01,LOW,V6
TX_MON_11592,10855.0,3,16.99,0,Legitimate,LEGITIMATE,0.0016,0.16,LOW,V12
TX_MON_11593,33379.0,9,14.9,0,Legitimate,LEGITIMATE,0.0,0.0,LOW,V28
TX_MON_11594,98697.0,3,67.56,0,Legitimate,LEGITIMATE,0.001,0.1,LOW,V12
TX_MON_11595,48678.0,13,48.84,0,Legitimate,LEGITIMATE,0.0024,0.24,LOW,sin_hour
TX_MON_11596,74002.0,20,5.49,0,Legitimate,LEGITIMATE,0.0007,0.07,LOW,sin_hour
TX_MON_11597,31493.0,8,9.9,0,Legitimate,LEGITIMATE,0.0002,0.02,LOW,V1
TX_MON_11598,81348.0,22,31.28,0,Legitimate,LEGITIMATE,0.0003,0.03,LOW,sin_hour
TX_MON_11599,1430.0,0,1.0,0,Legitimate,LEGITIMATE,0.0,0.0,LOW,sin_hour
TX_MON_11600,39729.0,11,776.83,1,Fraud,FRAUD,0.9004,90.04,HIGH,V14
TX_MON_11601,132147.0,12,9.0,0,Legitimate,LEGITIMATE,0.0001,0.01,LOW,sin_hour
TX_MON_11602,87202.0,0,451.27,1,Fraud,LEGITIMATE,0.1203,12.03,LOW,V4
TX_MON_11603,32343.0,8,75.0,0,Legitimate,LEGITIMATE,0.0004,0.04,LOW,V1
TX_MON_11604,61303.0,17,7.38,0,Legitimate,LEGITIMATE,0.0002,0.02,LOW,cos_hour
TX_MON_11605,148097.0,17,1.0,0,Legitimate,LEGITIMATE,0.0002,0.02,LOW,V19
TX_MON_11606,143400.0,15,9.39,0,Legitimate,LEGITIMATE,0.0003,0.03,LOW,V26
TX_MON_11607,43578.0,12,99.99,0,Legitimate,LEGITIMATE,0.0001,0.01,LOW,sin_hour
TX_MON_11608,144383.0,16,28.4,0,Legitimate,LEGITIMATE,0.0002,0.02,LOW,V1
TX_MON_11609,1441.0,0,82.74,0,Legitimate,LEGITIMATE,0.0002,0.02,LOW,sin_hour
TX_MON_11610,32308.0,8,11.5,0,Legitimate,LEGITIMATE,0.0035,0.35,LOW,V20
TX_MON_11611,88599.0,0,108.47,0,Legitimate,LEGITIMATE,0.0055,0.55,LOW,V4
TX_MON_11612,123164.0,10,1.59,0,Legitimate,LEGITIMATE,0.0001,0.01,LOW,log_amount
TX_MON_11613,61221.0,17,12.31,0,Legitimate,LEGITIMATE,0.0002,0.02,LOW,cos_hour
TX_MON_11614,83769.0,23,333.6,0,Legitimate,LEGITIMATE,0.0005,0.05,LOW,Amount
TX_MON_11615,129371.0,11,0.0,1,Fraud,FRAUD,0.9962,99.62,HIGH,V14
TX_MON_11616,41851.0,11,139.9,1,Fraud,FRAUD,0.9983,99.83,HIGH,V14
TX_MON_11617,93965.0,2,11.4,1,Fraud,FRAUD,0.9987,99.87,HIGH,V14
TX_MON_11618,115117.0,7,19.95,0,Legitimate,LEGITIMATE,0.0002,0.02,LOW,V11
TX_MON_11619,41229.0,11,36.8,0,Legitimate,LEGITIMATE,0.0003,0.03,LOW,V25
TX_MON_11620,139951.0,14,723.21,1,Fraud,FRAUD,0.8941,89.41,HIGH,V14
TX_MON_11621,58951.0,16,395.26,0,Legitimate,LEGITIMATE,0.001,0.1,LOW,Amount
TX_MON_11622,151612.0,18,1.18,0,Legitimate,LEGITIMATE,0.0001,0.01,LOW,cos_hour
TX_MON_11623,68159.0,18,94.99,0,Legitimate,LEGITIMATE,0.0004,0.04,LOW,V4
TX_MON_11624,129985.0,12,17.0,0,Legitimate,LEGITIMATE,0.0001,0.01,LOW,sin_hour
TX_MON_11625,57824.0,16,24.95,0,Legitimate,LEGITIMATE,0.0003,0.03,LOW,V1
TX_MON_11626,46703.0,12,16.0,0,Legitimate,LEGITIMATE,0.0006,0.06,LOW,sin_hour
TX_MON_11627,37776.0,10,99.99,0,Legitimate,LEGITIMATE,0.0001,0.01,LOW,V1
TX_MON_11628,28411.0,7,351.65,0,Legitimate,LEGITIMATE,0.0002,0.02,LOW,Amount
TX_MON_11629,79265.0,22,1.0,0,Legitimate,LEGITIMATE,0.0002,0.02,LOW,log_amount
TX_MON_11630,154284.0,18,12.0,0,Legitimate,LEGITIMATE,0.0002,0.02,LOW,cos_hour
TX_MON_11631,46567.0,12,25.18,0,Legitimate,LEGITIMATE,0.0002,0.02,LOW,sin_hour
TX_MON_11632,163092.0,21,54.95,0,Legitimate,LEGITIMATE,0.0002,0.02,LOW,sin_hour
TX_MON_11633,166902.0,22,5.36,0,Legitimate,LEGITIMATE,0.0,0.0,LOW,sin_hour
TX_MON_11634,74734.0,20,14.99,0,Legitimate,LEGITIMATE,0.0012,0.12,LOW,sin_hour
TX_MON_11635,106228.0,5,5.49,0,Legitimate,LEGITIMATE,0.0012,0.12,LOW,V4
TX_MON_11636,33068.0,9,56.0,0,Legitimate,LEGITIMATE,0.0001,0.01,LOW,V28
TX_MON_11637,72024.0,20,5.94,0,Legitimate,LEGITIMATE,0.0067,0.67,LOW,V8
TX_MON_11638,80886.0,22,0.89,0,Legitimate,LEGITIMATE,0.0014,0.14,LOW,V14
TX_MON_11639,56931.0,15,0.99,0,Legitimate,LEGITIMATE,0.0035,0.35,LOW,V11
TX_MON_11640,137496.0,14,15.95,0,Legitimate,LEGITIMATE,0.0001,0.01,LOW,sin_hour
TX_MON_11641,105001.0,5,9.52,0,Legitimate,LEGITIMATE,0.0001,0.01,LOW,V12
TX_MON_11642,112633.0,7,68.72,0,Legitimate,LEGITIMATE,0.0105,1.05,LOW,cos_hour
TX_MON_11643,48170.0,13,15.21,0,Legitimate,LEGITIMATE,0.0001,0.01,LOW,sin_hour
TX_MON_11644,40892.0,11,0.76,1,Fraud,FRAUD,0.9956,99.56,HIGH,V14
TX_MON_11645,25025.0,6,1.29,0,Legitimate,LEGITIMATE,0.0006,0.06,LOW,V12
TX_MON_11646,131866.0,12,465.0,0,Legitimate,LEGITIMATE,0.0004,0.04,LOW,Amount
TX_MON_11647,14444.0,4,14.95,0,Legitimate,LEGITIMATE,0.0002,0.02,LOW,cos_hour
TX_MON_11648,25231.0,7,99.99,1,Fraud,FRAUD,0.9959,99.59,HIGH,V14
TX_MON_11649,28625.0,7,99.99,1,Fraud,FRAUD,0.9977,99.77,HIGH,V14
TX_MON_11650,35212.0,9,1.98,0,Legitimate,LEGITIMATE,0.0006,0.06,LOW,log_amount
TX_MON_11651,133958.0,13,130.21,1,Fraud,FRAUD,0.9962,99.62,HIGH,V14
TX_MON_11652,45891.0,12,10.0,0,Legitimate,LEGITIMATE,0.0003,0.03,LOW,V10
TX_MON_11653,62523.0,17,9.99,0,Legitimate,LEGITIMATE,0.0001,0.01,LOW,cos_hour
TX_MON_11654,134337.0,13,1280.0,0,Legitimate,LEGITIMATE,0.0001,0.01,LOW,Amount
TX_MON_11655,61189.0,16,8.98,0,Legitimate,LEGITIMATE,0.001,0.1,LOW,cos_hour
TX_MON_11656,75157.0,20,53.5,0,Legitimate,LEGITIMATE,0.001,0.1,LOW,sin_hour
TX_MON_11657,132961.0,12,186.72,0,Legitimate,LEGITIMATE,0.0001,0.01,LOW,sin_hour
TX_MON_11658,75719.0,21,2.39,0,Legitimate,LEGITIMATE,0.0008,0.08,LOW,log_amount
TX_MON_11659,126493.0,11,8.99,0,Legitimate,LEGITIMATE,0.0001,0.01,LOW,sin_hour
TX_MON_11660,148938.0,17,9.12,0,Legitimate,LEGITIMATE,0.0003,0.03,LOW,cos_hour
TX_MON_11661,41233.0,11,0.0,1,Fraud,FRAUD,0.9986,99.86,HIGH,V14
TX_MON_11662,26166.0,7,124.4,0,Legitimate,LEGITIMATE,0.118,11.8,LOW,V14
TX_MON_11663,49546.0,13,109.0,0,Legitimate,LEGITIMATE,0.0008,0.08,LOW,sin_hour
TX_MON_11664,66045.0,18,7.57,0,Legitimate,LEGITIMATE,0.0025,0.25,LOW,V4
TX_MON_11665,117691.0,8,1.29,0,Legitimate,LEGITIMATE,0.0003,0.03,LOW,log_amount
TX_MON_11666,41273.0,11,173.07,1,Fraud,FRAUD,0.9989,99.89,HIGH,V14
TX_MON_11667,154581.0,18,3.79,0,Legitimate,LEGITIMATE,0.014,1.4,LOW,V14
TX_MON_11668,72060.0,20,0.89,0,Legitimate,LEGITIMATE,0.0003,0.03,LOW,cos_hour
TX_MON_11669,124361.0,10,12.99,0,Legitimate,LEGITIMATE,0.0,0.0,LOW,V15
TX_MON_11670,126089.0,11,55.0,0,Legitimate,LEGITIMATE,0.0002,0.02,LOW,V28
TX_MON_11671,40318.0,11,48.96,0,Legitimate,LEGITIMATE,0.0001,0.01,LOW,V28
TX_MON_11672,147586.0,16,0.76,0,Legitimate,LEGITIMATE,0.0002,0.02,LOW,cos_hour
TX_MON_11673,148142.0,17,259.37,0,Legitimate,LEGITIMATE,0.0021,0.21,LOW,V8
TX_MON_11674,150773.0,17,99.75,0,Legitimate,LEGITIMATE,0.0001,0.01,LOW,cos_hour
TX_MON_11675,162467.0,21,157.0,0,Legitimate,LEGITIMATE,0.002,0.2,LOW,V19
TX_MON_11676,36397.0,10,144.98,0,Legitimate,LEGITIMATE,0.0002,0.02,LOW,V25
TX_MON_11677,155542.0,19,3.14,1,Fraud,FRAUD,0.8645,86.45,HIGH,V14
TX_MON_11678,74212.0,20,19.46,0,Legitimate,LEGITIMATE,0.0095,0.95,LOW,V4
TX_MON_11679,61534.0,17,64.47,0,Legitimate,LEGITIMATE,0.0001,0.01,LOW,cos_hour
TX_MON_11680,45149.0,12,32.0,0,Legitimate,LEGITIMATE,0.0001,0.01,LOW,sin_hour
TX_MON_11681,36495.0,10,9.99,0,Legitimate,LEGITIMATE,0.001,0.1,LOW,V28
TX_MON_11682,155783.0,19,13.0,0,Legitimate,LEGITIMATE,0.0001,0.01,LOW,cos_hour
TX_MON_11683,116005.0,8,3.48,0,Legitimate,LEGITIMATE,0.0001,0.01,LOW,log_amount
TX_MON_11684,151910.0,18,10.11,0,Legitimate,LEGITIMATE,0.0001,0.01,LOW,cos_hour
TX_MON_11685,57583.0,15,1.0,0,Legitimate,LEGITIMATE,0.0005,0.05,LOW,V1
TX_MON_11686,41673.0,11,1427.0,0,Legitimate,LEGITIMATE,0.001,0.1,LOW,V4
TX_MON_11687,147288.0,16,34.6,0,Legitimate,LEGITIMATE,0.0023,0.23,LOW,V4
TX_MON_11688,25315.0,7,99.99,0,Legitimate,LEGITIMATE,0.0002,0.02,LOW,V14
TX_MON_11689,115961.0,8,7.86,0,Legitimate,LEGITIMATE,0.0003,0.03,LOW,V4
TX_MON_11690,59853.0,16,347.0,0,Legitimate,LEGITIMATE,0.0006,0.06,LOW,Amount
TX_MON_11691,72295.0,20,0.89,0,Legitimate,LEGITIMATE,0.0002,0.02,LOW,cos_hour
TX_MON_11692,166825.0,22,1.98,0,Legitimate,LEGITIMATE,0.0017,0.17,LOW,sin_hour
TX_MON_11693,102572.0,4,0.01,1,Fraud,FRAUD,0.9909,99.09,HIGH,V4
TX_MON_11694,149371.0,17,39.95,0,Legitimate,LEGITIMATE,0.0,0.0,LOW,cos_hour
TX_MON_11695,53641.0,14,24.0,0,Legitimate,LEGITIMATE,0.0009,0.09,LOW,sin_hour
TX_MON_11696,112948.0,7,53.98,0,Legitimate,LEGITIMATE,0.0007,0.07,LOW,V1
TX_MON_11697,129629.0,12,13.99,0,Legitimate,LEGITIMATE,0.0001,0.01,LOW,sin_hour
TX_MON_11698,142197.0,15,19.89,0,Legitimate,LEGITIMATE,0.0024,0.24,LOW,V1
TX_MON_11699,147347.0,16,2.53,0,Legitimate,LEGITIMATE,0.0003,0.03,LOW,log_amount
TX_MON_11700,150577.0,17,193.6,0,Legitimate,LEGITIMATE,0.0003,0.03,LOW,cos_hour
TX_MON_11701,57919.0,16,61.61,0,Legitimate,LEGITIMATE,0.0013,0.13,LOW,V4
TX_MON_11702,129334.0,11,0.85,0,Legitimate,LEGITIMATE,0.0001,0.01,LOW,log_amount
TX_MON_11703,134090.0,13,2.69,0,Legitimate,LEGITIMATE,0.0023,0.23,LOW,log_amount
TX_MON_11704,83720.0,23,44.85,0,Legitimate,LEGITIMATE,0.0004,0.04,LOW,sin_hour
TX_MON_11705,11008.0,3,39.0,0,Legitimate,LEGITIMATE,0.0001,0.01,LOW,V6
TX_MON_11706,68789.0,19,3.9,0,Legitimate,LEGITIMATE,0.0014,0.14,LOW,cos_hour
TX_MON_11707,148387.0,17,134.0,0,Legitimate,LEGITIMATE,0.0009,0.09,LOW,cos_hour
TX_MON_11708,50187.0,13,64.99,0,Legitimate,LEGITIMATE,0.0042,0.42,LOW,sin_hour
TX_MON_11709,34245.0,9,6.42,0,Legitimate,LEGITIMATE,0.0043,0.43,LOW,V4
TX_MON_11710,42894.0,11,1499.0,0,Legitimate,LEGITIMATE,0.0004,0.04,LOW,V4
TX_MON_11711,59660.0,16,41.33,0,Legitimate,LEGITIMATE,0.0005,0.05,LOW,V4
TX_MON_11712,51150.0,14,36.3,0,Legitimate,LEGITIMATE,0.0004,0.04,LOW,V22
TX_MON_11713,151029.0,17,10.7,1,Fraud,FRAUD,0.9991,99.91,HIGH,V14
TX_MON_11714,50040.0,13,36.3,0,Legitimate,LEGITIMATE,0.0004,0.04,LOW,sin_hour
TX_MON_11715,7535.0,2,1.0,1,Fraud,FRAUD,0.9979,99.79,HIGH,V14
TX_MON_11716,37437.0,10,269.0,0,Legitimate,LEGITIMATE,0.0005,0.05,LOW,V1
TX_MON_11717,158951.0,20,0.89,0,Legitimate,LEGITIMATE,0.0017,0.17,LOW,V11
TX_MON_11718,155054.0,19,0.77,1,Fraud,FRAUD,0.9984,99.84,HIGH,V14
TX_MON_11719,77569.0,21,1.29,0,Legitimate,LEGITIMATE,0.0006,0.06,LOW,V28
TX_MON_11720,124505.0,10,15.0,0,Legitimate,LEGITIMATE,0.0007,0.07,LOW,V1
TX_MON_11721,55286.0,15,19.98,0,Legitimate,LEGITIMATE,0.0001,0.01,LOW,sin_hour
TX_MON_11722,43851.0,12,83.71,0,Legitimate,LEGITIMATE,0.0001,0.01,LOW,sin_hour
TX_MON_11723,37401.0,10,0.76,0,Legitimate,LEGITIMATE,0.0009,0.09,LOW,log_amount
TX_MON_11724,138405.0,14,40.0,0,Legitimate,LEGITIMATE,0.0853,8.53,LOW,V14
TX_MON_11725,53412.0,14,37.58,0,Legitimate,LEGITIMATE,0.0002,0.02,LOW,sin_hour
TX_MON_11726,46823.0,13,46.28,0,Legitimate,LEGITIMATE,0.0002,0.02,LOW,sin_hour
TX_MON_11727,41525.0,11,25.4,0,Legitimate,LEGITIMATE,0.0001,0.01,LOW,sin_hour
TX_MON_11728,69110.0,19,12.95,0,Legitimate,LEGITIMATE,0.0002,0.02,LOW,cos_hour
TX_MON_11729,156651.0,19,24.95,0,Legitimate,LEGITIMATE,0.0001,0.01,LOW,cos_hour
TX_MON_11730,123850.0,10,9.99,0,Legitimate,LEGITIMATE,0.0001,0.01,LOW,V26
TX_MON_11731,43132.0,11,1182.91,0,Legitimate,LEGITIMATE,0.0024,0.24,LOW,V4
TX_MON_11732,44810.0,12,55.7,0,Legitimate,LEGITIMATE,0.0027,0.27,LOW,V11
TX_MON_11733,65783.0,18,7.14,0,Legitimate,LEGITIMATE,0.0002,0.02,LOW,cos_hour
TX_MON_11734,58217.0,16,5.09,1,Fraud,FRAUD,0.9085,90.85,HIGH,V14
TX_MON_11735,33594.0,9,79.8,0,Legitimate,LEGITIMATE,0.0001,0.01,LOW,V25
TX_MON_11736,9641.0,2,4.0,0,Legitimate,LEGITIMATE,0.0,0.0,LOW,V12
TX_MON_11737,121711.0,9,113.85,0,Legitimate,LEGITIMATE,0.0,0.0,LOW,V22
TX_MON_11738,78383.0,21,46.0,0,Legitimate,LEGITIMATE,0.0008,0.08,LOW,sin_hour
TX_MON_11739,88895.0,0,17.77,0,Legitimate,LEGITIMATE,0.0054,0.54,LOW,V11
TX_MON_11740,100878.0,4,15.95,0,Legitimate,LEGITIMATE,0.0003,0.03,LOW,cos_hour
TX_MON_11741,86692.0,0,521.91,0,Legitimate,LEGITIMATE,0.0017,0.17,LOW,Amount
TX_MON_11742,104931.0,5,2.12,0,Legitimate,LEGITIMATE,0.0002,0.02,LOW,V12
TX_MON_11743,141027.0,15,117.93,0,Legitimate,LEGITIMATE,0.0001,0.01,LOW,sin_hour
TX_MON_11744,134170.0,13,148.95,0,Legitimate,LEGITIMATE,0.001,0.1,LOW,sin_hour
TX_MON_11745,153691.0,18,179.99,0,Legitimate,LEGITIMATE,0.0001,0.01,LOW,cos_hour
TX_MON_11746,51687.0,14,15.0,0,Legitimate,LEGITIMATE,0.0002,0.02,LOW,sin_hour
TX_MON_11747,10519.0,2,9.8,0,Legitimate,LEGITIMATE,0.0001,0.01,LOW,V12
TX_MON_11748,90676.0,1,6.99,1,Fraud,FRAUD,0.883,88.3,HIGH,V7
TX_MON_11749,73511.0,20,0.76,0,Legitimate,LEGITIMATE,0.0015,0.15,LOW,V18
TX_MON_11750,23.0,0,41.88,0,Legitimate,LEGITIMATE,0.0003,0.03,LOW,sin_hour
TX_MON_11751,124679.0,10,45.0,0,Legitimate,LEGITIMATE,0.0001,0.01,LOW,V22
TX_MON_11752,141106.0,15,16.0,0,Legitimate,LEGITIMATE,0.0002,0.02,LOW,sin_hour
TX_MON_11753,50153.0,13,72.95,0,Legitimate,LEGITIMATE,0.0001,0.01,LOW,sin_hour
TX_MON_11754,67150.0,18,489.71,1,Fraud,FRAUD,0.9984,99.84,HIGH,V14
TX_MON_11755,62655.0,17,283.0,0,Legitimate,LEGITIMATE,0.0005,0.05,LOW,Amount
TX_MON_11756,63971.0,17,403.59,0,Legitimate,LEGITIMATE,0.0005,0.05,LOW,Amount
TX_MON_11757,166941.0,22,0.89,0,Legitimate,LEGITIMATE,0.0,0.0,LOW,sin_hour
TX_MON_11758,144480.0,16,1.78,0,Legitimate,LEGITIMATE,0.0001,0.01,LOW,V1
TX_MON_11759,149864.0,17,37.49,0,Legitimate,LEGITIMATE,0.0001,0.01,LOW,cos_hour
TX_MON_11760,31084.0,8,44.9,0,Legitimate,LEGITIMATE,0.0002,0.02,LOW,V6
TX_MON_11761,113924.0,7,14.68,0,Legitimate,LEGITIMATE,0.0,0.0,LOW,cos_hour
TX_MON_11762,113194.0,7,28.0,0,Legitimate,LEGITIMATE,0.0,0.0,LOW,cos_hour
TX_MON_11763,150494.0,17,1.0,1,Fraud,LEGITIMATE,0.1682,16.82,LOW,V14
TX_MON_11764,9444.0,2,11.73,0,Legitimate,LEGITIMATE,0.0001,0.01,LOW,V6
TX_MON_11765,86356.0,23,114.0,0,Legitimate,LEGITIMATE,0.0002,0.02,LOW,sin_hour
TX_MON_11766,81372.0,22,7.57,1,Fraud,FRAUD,0.977,97.7,HIGH,V14
TX_MON_11767,93888.0,2,1.0,1,Fraud,FRAUD,0.9988,99.88,HIGH,V14
TX_MON_11768,145602.0,16,4.6,0,Legitimate,LEGITIMATE,0.0001,0.01,LOW,log_amount
TX_MON_11769,141565.0,15,4.49,1,Fraud,FRAUD,0.7804,78.04,HIGH,V1
TX_MON_11770,160967.0,20,13.16,0,Legitimate,LEGITIMATE,0.0006,0.06,LOW,sin_hour
TX_MON_11771,125232.0,10,31.42,0,Legitimate,LEGITIMATE,0.0009,0.09,LOW,V1
TX_MON_11772,133013.0,12,319.6,0,Legitimate,LEGITIMATE,0.0023,0.23,LOW,Amount
TX_MON_11773,34641.0,9,0.99,0,Legitimate,LEGITIMATE,0.0006,0.06,LOW,V28
TX_MON_11774,137468.0,14,15.99,0,Legitimate,LEGITIMATE,0.0002,0.02,LOW,V20
TX_MON_11775,60532.0,16,69.0,0,Legitimate,LEGITIMATE,0.0016,0.16,LOW,V1
TX_MON_11776,148647.0,17,70.0,0,Legitimate,LEGITIMATE,0.0001,0.01,LOW,cos_hour
TX_MON_11777,142382.0,15,4.56,0,Legitimate,LEGITIMATE,0.0001,0.01,LOW,log_amount
TX_MON_11778,64271.0,17,11.75,0,Legitimate,LEGITIMATE,0.0003,0.03,LOW,cos_hour
TX_MON_11779,10961.0,3,15.95,0,Legitimate,LEGITIMATE,0.0002,0.02,LOW,V28
TX_MON_11780,66029.0,18,72.8,0,Legitimate,LEGITIMATE,0.0004,0.04,LOW,cos_hour
TX_MON_11781,1899.0,0,107.94,0,Legitimate,LEGITIMATE,0.0001,0.01,LOW,V28
TX_MON_11782,55083.0,15,18.96,0,Legitimate,LEGITIMATE,0.0006,0.06,LOW,sin_hour
TX_MON_11783,123726.0,10,32.5,0,Legitimate,LEGITIMATE,0.0001,0.01,LOW,V23
TX_MON_11784,62341.0,17,1.1,1,Fraud,FRAUD,0.9992,99.92,HIGH,V14
TX_MON_11785,19466.0,5,11.85,0,Legitimate,LEGITIMATE,0.0,0.0,LOW,V10
TX_MON_11786,166133.0,22,30.7,0,Legitimate,LEGITIMATE,0.0,0.0,LOW,sin_hour
TX_MON_11787,157207.0,19,4.97,1,Fraud,FRAUD,0.9974,99.74,HIGH,V14
TX_MON_11788,155608.0,19,9.99,0,Legitimate,LEGITIMATE,0.0013,0.13,LOW,cos_hour
TX_MON_11789,74257.0,20,117.98,0,Legitimate,LEGITIMATE,0.0006,0.06,LOW,V4
TX_MON_11790,61596.0,17,51.34,0,Legitimate,LEGITIMATE,0.0001,0.01,LOW,cos_hour
TX_MON_11791,28521.0,7,100.0,0,Legitimate,LEGITIMATE,0.0001,0.01,LOW,V22
TX_MON_11792,87029.0,0,32.17,0,Legitimate,LEGITIMATE,0.0001,0.01,LOW,V10
TX_MON_11793,53620.0,14,23.66,0,Legitimate,LEGITIMATE,0.0013,0.13,LOW,sin_hour
TX_MON_11794,148255.0,17,21.95,0,Legitimate,LEGITIMATE,0.0003,0.03,LOW,cos_hour
TX_MON_11795,59286.0,16,32.0,0,Legitimate,LEGITIMATE,0.0079,0.79,LOW,V11
TX_MON_11796,172777.0,23,0.89,0,Legitimate,LEGITIMATE,0.0001,0.01,LOW,sin_hour
TX_MON_11797,160154.0,20,9.98,0,Legitimate,LEGITIMATE,0.0,0.0,LOW,V9
TX_MON_11798,4995.0,1,0.77,0,Legitimate,LEGITIMATE,0.0,0.0,LOW,V12
TX_MON_11799,40295.0,11,5.0,0,Legitimate,LEGITIMATE,0.0012,0.12,LOW,log_amount
TX_MON_11800,149096.0,17,0.0,1,Fraud,FRAUD,0.9949,99.49,HIGH,V14
TX_MON_11801,158856.0,20,231.88,0,Legitimate,LEGITIMATE,0.0125,1.25,LOW,cos_hour
TX_MON_11802,127677.0,11,4.0,0,Legitimate,LEGITIMATE,0.0001,0.01,LOW,V8
TX_MON_11803,108867.0,6,13.0,0,Legitimate,LEGITIMATE,0.0002,0.02,LOW,V12
TX_MON_11804,37261.0,10,124.94,0,Legitimate,LEGITIMATE,0.0012,0.12,LOW,V1
TX_MON_11805,143684.0,15,7.59,0,Legitimate,LEGITIMATE,0.0017,0.17,LOW,V4
TX_MON_11806,54545.0,15,36.16,0,Legitimate,LEGITIMATE,0.0019,0.19,LOW,sin_hour
TX_MON_11807,137571.0,14,74.0,0,Legitimate,LEGITIMATE,0.0013,0.13,LOW,V21
TX_MON_11808,116770.0,8,34.4,0,Legitimate,LEGITIMATE,0.0,0.0,LOW,V15
TX_MON_11809,42504.0,11,11.5,0,Legitimate,LEGITIMATE,0.001,0.1,LOW,V13
TX_MON_11810,168372.0,22,0.76,0,Legitimate,LEGITIMATE,0.0007,0.07,LOW,V14
TX_MON_11811,150599.0,17,469.0,0,Legitimate,LEGITIMATE,0.0003,0.03,LOW,Amount
TX_MON_11812,158176.0,19,69.99,0,Legitimate,LEGITIMATE,0.0004,0.04,LOW,cos_hour
TX_MON_11813,37254.0,10,51.85,0,Legitimate,LEGITIMATE,0.0,0.0,LOW,V11
TX_MON_11814,27632.0,7,62.39,0,Legitimate,LEGITIMATE,0.0004,0.04,LOW,V6
TX_MON_11815,153653.0,18,247.86,1,Fraud,FRAUD,0.9788,97.88,HIGH,V17
TX_MON_11816,33113.0,9,0.0,0,Legitimate,LEGITIMATE,0.0,0.0,LOW,log_amount
TX_MON_11817,123259.0,10,29.99,0,Legitimate,LEGITIMATE,0.0,0.0,LOW,V13
TX_MON_11818,87533.0,0,1.98,0,Legitimate,LEGITIMATE,0.0001,0.01,LOW,log_amount
TX_MON_11819,143619.0,15,9.99,0,Legitimate,LEGITIMATE,0.0001,0.01,LOW,V26
TX_MON_11820,128212.0,11,153.99,0,Legitimate,LEGITIMATE,0.0003,0.03,LOW,sin_hour
TX_MON_11821,926.0,0,1.0,0,Legitimate,LEGITIMATE,0.0001,0.01,LOW,sin_hour
TX_MON_11822,78042.0,21,9.99,0,Legitimate,LEGITIMATE,0.0005,0.05,LOW,V11
TX_MON_11823,167.0,0,1.0,0,Legitimate,LEGITIMATE,0.0139,1.39,LOW,V14
TX_MON_11824,157105.0,19,110.0,0,Legitimate,LEGITIMATE,0.001,0.1,LOW,V22
TX_MON_11825,158004.0,19,1.29,0,Legitimate,LEGITIMATE,0.0009,0.09,LOW,cos_hour
TX_MON_11826,37167.0,10,12.31,1,Fraud,FRAUD,0.4903,49.03,MEDIUM,V14
TX_MON_11827,80698.0,22,8.96,0,Legitimate,LEGITIMATE,0.0003,0.03,LOW,sin_hour
TX_MON_11828,144616.0,16,47.96,0,Legitimate,LEGITIMATE,0.0,0.0,LOW,V18
TX_MON_11829,144782.0,16,95.0,0,Legitimate,LEGITIMATE,0.0015,0.15,LOW,V8
TX_MON_11830,76380.0,21,18.42,0,Legitimate,LEGITIMATE,0.0002,0.02,LOW,sin_hour
TX_MON_11831,32655.0,9,60.98,0,Legitimate,LEGITIMATE,0.0005,0.05,LOW,V15
TX_MON_11832,31315.0,8,104.0,0,Legitimate,LEGITIMATE,0.0005,0.05,LOW,V1
TX_MON_11833,153610.0,18,20.35,0,Legitimate,LEGITIMATE,0.0004,0.04,LOW,cos_hour
TX_MON_11834,52795.0,14,9.99,0,Legitimate,LEGITIMATE,0.0029,0.29,LOW,sin_hour
TX_MON_11835,123386.0,10,75.0,0,Legitimate,LEGITIMATE,0.0001,0.01,LOW,V16
TX_MON_11836,75007.0,20,0.81,0,Legitimate,LEGITIMATE,0.0056,0.56,LOW,V14
TX_MON_11837,73817.0,20,24.48,0,Legitimate,LEGITIMATE,0.0002,0.02,LOW,V20
TX_MON_11838,63922.0,17,2.69,0,Legitimate,LEGITIMATE,0.0054,0.54,LOW,V1
TX_MON_11839,68502.0,19,10.98,0,Legitimate,LEGITIMATE,0.0,0.0,LOW,cos_hour
TX_MON_11840,406.0,0,0.0,1,Fraud,FRAUD,0.9811,98.11,HIGH,V14
TX_MON_11841,80488.0,22,5.38,0,Legitimate,LEGITIMATE,0.0001,0.01,LOW,sin_hour
TX_MON_11842,54384.0,15,40.0,0,Legitimate,LEGITIMATE,0.0127,1.27,LOW,V16
TX_MON_11843,130575.0,12,2.27,0,Legitimate,LEGITIMATE,0.0003,0.03,LOW,log_amount
TX_MON_11844,38290.0,10,37.53,0,Legitimate,LEGITIMATE,0.0001,0.01,LOW,V18
TX_MON_11845,142750.0,15,9.96,0,Legitimate,LEGITIMATE,0.0,0.0,LOW,V25
TX_MON_11846,2933.0,0,1.0,0,Legitimate,LEGITIMATE,0.0001,0.01,LOW,log_amount
TX_MON_11847,34140.0,9,18.15,0,Legitimate,LEGITIMATE,0.0,0.0,LOW,V16
TX_MON_11848,113162.0,7,1.0,0,Legitimate,LEGITIMATE,0.0003,0.03,LOW,cos_hour
TX_MON_11849,123107.0,10,46.0,0,Legitimate,LEGITIMATE,0.0,0.0,LOW,V11
TX_MON_11850,143456.0,15,1.0,1,Fraud,FRAUD,0.9991,99.91,HIGH,V14
TX_MON_11851,95556.0,2,0.01,0,Legitimate,LEGITIMATE,0.0006,0.06,LOW,log_amount
TX_MON_11852,45330.0,12,23.09,0,Legitimate,LEGITIMATE,0.0002,0.02,LOW,sin_hour
TX_MON_11853,39389.0,10,74.99,0,Legitimate,LEGITIMATE,0.0002,0.02,LOW,V20
TX_MON_11854,61783.0,17,749.0,0,Legitimate,LEGITIMATE,0.0005,0.05,LOW,Amount
TX_MON_11855,108927.0,6,1.78,0,Legitimate,LEGITIMATE,0.0001,0.01,LOW,cos_hour
TX_MON_11856,72784.0,20,29.99,0,Legitimate,LEGITIMATE,0.0024,0.24,LOW,V1
TX_MON_11857,139861.0,14,11.03,0,Legitimate,LEGITIMATE,0.0011,0.11,LOW,sin_hour
TX_MON_11858,54994.0,15,1378.0,0,Legitimate,LEGITIMATE,0.0003,0.03,LOW,Amount
TX_MON_11859,33752.0,9,1.29,0,Legitimate,LEGITIMATE,0.0003,0.03,LOW,log_amount
TX_MON_11860,57953.0,16,29.05,0,Legitimate,LEGITIMATE,0.0003,0.03,LOW,V19
TX_MON_11861,33998.0,9,144.63,0,Legitimate,LEGITIMATE,0.0001,0.01,LOW,V13
TX_MON_11862,40613.0,11,79.95,0,Legitimate,LEGITIMATE,0.0003,0.03,LOW,V1
TX_MON_11863,150034.0,17,7.7,0,Legitimate,LEGITIMATE,0.0004,0.04,LOW,cos_hour
TX_MON_11864,142416.0,15,1.52,0,Legitimate,LEGITIMATE,0.0002,0.02,LOW,log_amount
TX_MON_11865,139816.0,14,0.69,1,Fraud,FRAUD,0.8975,89.75,HIGH,V22
TX_MON_11866,31684.0,8,4.39,0,Legitimate,LEGITIMATE,0.0002,0.02,LOW,log_amount
TX_MON_11867,46347.0,12,1.0,0,Legitimate,LEGITIMATE,0.1499,14.99,LOW,sin_hour
TX_MON_11868,150988.0,17,12.07,0,Legitimate,LEGITIMATE,0.0005,0.05,LOW,V4
TX_MON_11869,78602.0,21,242.05,0,Legitimate,LEGITIMATE,0.0015,0.15,LOW,V4
TX_MON_11870,34450.0,9,20.0,0,Legitimate,LEGITIMATE,0.0001,0.01,LOW,V28
TX_MON_11871,62584.0,17,29.9,0,Legitimate,LEGITIMATE,0.0007,0.07,LOW,cos_hour
TX_MON_11872,139882.0,14,28.75,0,Legitimate,LEGITIMATE,0.0029,0.29,LOW,V4
TX_MON_11873,143643.0,15,9.99,0,Legitimate,LEGITIMATE,0.0004,0.04,LOW,V1
TX_MON_11874,135050.0,13,60.37,0,Legitimate,LEGITIMATE,0.0001,0.01,LOW,sin_hour
TX_MON_11875,169392.0,23,1.29,0,Legitimate,LEGITIMATE,0.0,0.0,LOW,sin_hour
TX_MON_11876,121818.0,9,258.0,0,Legitimate,LEGITIMATE,0.0001,0.01,LOW,V8
TX_MON_11877,140468.0,15,3.9,0,Legitimate,LEGITIMATE,0.0002,0.02,LOW,V20
TX_MON_11878,92788.0,1,460.82,0,Legitimate,LEGITIMATE,0.0023,0.23,LOW,V4
TX_MON_11879,142584.0,15,6.98,0,Legitimate,LEGITIMATE,0.0001,0.01,LOW,V7
TX_MON_11880,79833.0,22,384.0,0,Legitimate,LEGITIMATE,0.0002,0.02,LOW,Amount
TX_MON_11881,80142.0,22,182.2,0,Legitimate,LEGITIMATE,0.0016,0.16,LOW,sin_hour
TX_MON_11882,48439.0,13,8.99,0,Legitimate,LEGITIMATE,0.0001,0.01,LOW,sin_hour
TX_MON_11883,19762.0,5,1.0,1,Fraud,FRAUD,0.9981,99.81,HIGH,V14
TX_MON_11884,155828.0,19,14.99,0,Legitimate,LEGITIMATE,0.0001,0.01,LOW,cos_hour
TX_MON_11885,149320.0,17,799.99,0,Legitimate,LEGITIMATE,0.0005,0.05,LOW,Amount
TX_MON_11886,68602.0,19,21.82,0,Legitimate,LEGITIMATE,0.0012,0.12,LOW,V4
TX_MON_11887,34982.0,9,46.4,0,Legitimate,LEGITIMATE,0.0001,0.01,LOW,V1
TX_MON_11888,124741.0,10,36.0,0,Legitimate,LEGITIMATE,0.0002,0.02,LOW,V25
TX_MON_11889,39835.0,11,59.05,0,Legitimate,LEGITIMATE,0.0001,0.01,LOW,V1
TX_MON_11890,30916.0,8,29.92,0,Legitimate,LEGITIMATE,0.0001,0.01,LOW,V8
TX_MON_11891,81743.0,22,8.99,0,Legitimate,LEGITIMATE,0.0001,0.01,LOW,sin_hour
TX_MON_11892,77777.0,21,1.29,0,Legitimate,LEGITIMATE,0.0038,0.38,LOW,V28
TX_MON_11893,127337.0,11,555.23,0,Legitimate,LEGITIMATE,0.0001,0.01,LOW,Amount
TX_MON_11894,123111.0,10,68.33,0,Legitimate,LEGITIMATE,0.0004,0.04,LOW,V17
TX_MON_11895,144081.0,16,6.95,0,Legitimate,LEGITIMATE,0.0002,0.02,LOW,log_amount
TX_MON_11896,83956.0,23,53.89,0,Legitimate,LEGITIMATE,0.0002,0.02,LOW,V4
TX_MON_11897,136218.0,13,1.0,0,Legitimate,LEGITIMATE,0.0,0.0,LOW,sin_hour
TX_MON_11898,34687.0,9,19.02,1,Fraud,FRAUD,0.998,99.8,HIGH,V14
TX_MON_11899,159675.0,20,19.9,0,Legitimate,LEGITIMATE,0.0,0.0,LOW,cos_hour
TX_MON_11900,69123.0,19,19.0,0,Legitimate,LEGITIMATE,0.0004,0.04,LOW,cos_hour
TX_MON_11901,118670.0,8,20.0,0,Legitimate,LEGITIMATE,0.0004,0.04,LOW,V11
TX_MON_11902,158544.0,20,7.84,0,Legitimate,LEGITIMATE,0.0004,0.04,LOW,cos_hour
TX_MON_11903,42662.0,11,120.58,0,Legitimate,LEGITIMATE,0.0001,0.01,LOW,V4
TX_MON_11904,34489.0,9,89.99,0,Legitimate,LEGITIMATE,0.0009,0.09,LOW,V4
TX_MON_11905,165598.0,21,1.0,0,Legitimate,LEGITIMATE,0.0001,0.01,LOW,sin_hour
TX_MON_11906,65046.0,18,121.33,0,Legitimate,LEGITIMATE,0.0005,0.05,LOW,V16
TX_MON_11907,151906.0,18,10.0,0,Legitimate,LEGITIMATE,0.0002,0.02,LOW,cos_hour
TX_MON_11908,56636.0,15,971.0,0,Legitimate,LEGITIMATE,0.0025,0.25,LOW,Amount
TX_MON_11909,165864.0,22,1.29,0,Legitimate,LEGITIMATE,0.0013,0.13,LOW,sin_hour
TX_MON_11910,129389.0,11,119.29,0,Legitimate,LEGITIMATE,0.0002,0.02,LOW,sin_hour
TX_MON_11911,95522.0,2,8.76,0,Legitimate,LEGITIMATE,0.0,0.0,LOW,V3
TX_MON_11912,163057.0,21,153.98,0,Legitimate,LEGITIMATE,0.0305,3.05,LOW,sin_hour
TX_MON_11913,133036.0,12,493.36,0,Legitimate,LEGITIMATE,0.0003,0.03,LOW,Amount
TX_MON_11914,169450.0,23,23.15,0,Legitimate,LEGITIMATE,0.0003,0.03,LOW,sin_hour
TX_MON_11915,153210.0,18,39.0,0,Legitimate,LEGITIMATE,0.0001,0.01,LOW,cos_hour
TX_MON_11916,167495.0,22,28.5,0,Legitimate,LEGITIMATE,0.0002,0.02,LOW,sin_hour
TX_MON_11917,122762.0,10,139.0,0,Legitimate,LEGITIMATE,0.0002,0.02,LOW,V22
TX_MON_11918,130717.0,12,44.0,0,Legitimate,LEGITIMATE,0.0,0.0,LOW,V20
TX_MON_11919,125200.0,10,40.0,1,Fraud,FRAUD,0.9895,98.95,HIGH,V14
TX_MON_11920,33929.0,9,60.05,0,Legitimate,LEGITIMATE,0.0004,0.04,LOW,V26
TX_MON_11921,172424.0,23,59.43,0,Legitimate,LEGITIMATE,0.0001,0.01,LOW,sin_hour
TX_MON_11922,130119.0,12,1.98,0,Legitimate,LEGITIMATE,0.0003,0.03,LOW,log_amount
TX_MON_11923,60374.0,16,152.65,0,Legitimate,LEGITIMATE,0.0001,0.01,LOW,cos_hour
TX_MON_11924,118696.0,8,1.29,0,Legitimate,LEGITIMATE,0.0042,0.42,LOW,log_amount
TX_MON_11925,28242.0,7,730.86,1,Fraud,FRAUD,0.9809,98.09,HIGH,V14
TX_MON_11926,22397.0,6,58.0,0,Legitimate,LEGITIMATE,0.0001,0.01,LOW,V12
TX_MON_11927,166723.0,22,89.95,0,Legitimate,LEGITIMATE,0.0,0.0,LOW,sin_hour
TX_MON_11928,62169.0,17,34.99,0,Legitimate,LEGITIMATE,0.0002,0.02,LOW,cos_hour
TX_MON_11929,95026.0,2,833.6,0,Legitimate,LEGITIMATE,0.0026,0.26,LOW,V4
TX_MON_11930,157290.0,19,13.13,0,Legitimate,LEGITIMATE,0.0,0.0,LOW,V21
TX_MON_11931,85588.0,23,10.59,0,Legitimate,LEGITIMATE,0.0001,0.01,LOW,V4
TX_MON_11932,41413.0,11,106.55,1,Fraud,FRAUD,0.9993,99.93,HIGH,V14
TX_MON_11933,55279.0,15,1.0,1,Fraud,FRAUD,0.9981,99.81,HIGH,V14
TX_MON_11934,47590.0,13,67.42,0,Legitimate,LEGITIMATE,0.0076,0.76,LOW,V1
TX_MON_11935,68258.0,18,20.0,0,Legitimate,LEGITIMATE,0.0006,0.06,LOW,cos_hour
TX_MON_11936,46710.0,12,48.19,0,Legitimate,LEGITIMATE,0.001,0.1,LOW,sin_hour
TX_MON_11937,128371.0,11,15.75,0,Legitimate,LEGITIMATE,0.0004,0.04,LOW,V1
TX_MON_11938,86379.0,23,6.99,0,Legitimate,LEGITIMATE,0.0011,0.11,LOW,sin_hour
TX_MON_11939,161419.0,20,2.0,0,Legitimate,LEGITIMATE,0.0006,0.06,LOW,V3
TX_MON_11940,142564.0,15,98.18,0,Legitimate,LEGITIMATE,0.001,0.1,LOW,sin_hour
TX_MON_11941,65948.0,18,15.27,0,Legitimate,LEGITIMATE,0.0008,0.08,LOW,cos_hour
TX_MON_11942,152118.0,18,29.99,0,Legitimate,LEGITIMATE,0.0002,0.02,LOW,V14
TX_MON_11943,150532.0,17,1.0,0,Legitimate,LEGITIMATE,0.0004,0.04,LOW,cos_hour
TX_MON_11944,11080.0,3,1.0,1,Fraud,FRAUD,0.9972,99.72,HIGH,V14
TX_MON_11945,80185.0,22,33.13,0,Legitimate,LEGITIMATE,0.003,0.3,LOW,sin_hour
TX_MON_11946,160563.0,20,95.0,0,Legitimate,LEGITIMATE,0.0001,0.01,LOW,V18
TX_MON_11947,157179.0,19,9.12,0,Legitimate,LEGITIMATE,0.0021,0.21,LOW,cos_hour
TX_MON_11948,67145.0,18,236.17,0,Legitimate,LEGITIMATE,0.0003,0.03,LOW,cos_hour
TX_MON_11949,53451.0,14,8.0,1,Fraud,FRAUD,0.9975,99.75,HIGH,V14
TX_MON_11950,109053.0,6,26.9,0,Legitimate,LEGITIMATE,0.0001,0.01,LOW,cos_hour
TX_MON_11951,154599.0,18,6.74,1,Fraud,FRAUD,0.998,99.8,HIGH,V14
TX_MON_11952,103808.0,4,2.27,1,Fraud,FRAUD,0.9887,98.87,HIGH,V14
TX_MON_11953,28637.0,7,48.0,0,Legitimate,LEGITIMATE,0.0001,0.01,LOW,V28
TX_MON_11954,92140.0,1,2.69,0,Legitimate,LEGITIMATE,0.0007,0.07,LOW,V1
TX_MON_11955,121238.0,9,144.62,1,Fraud,FRAUD,0.9976,99.76,HIGH,V14
TX_MON_11956,148670.0,17,43.72,0,Legitimate,LEGITIMATE,0.0001,0.01,LOW,cos_hour
TX_MON_11957,144560.0,16,9.59,0,Legitimate,LEGITIMATE,0.0,0.0,LOW,cos_hour
TX_MON_11958,37830.0,10,0.89,0,Legitimate,LEGITIMATE,0.0003,0.03,LOW,log_amount
TX_MON_11959,63322.0,17,95.14,0,Legitimate,LEGITIMATE,0.0001,0.01,LOW,cos_hour
TX_MON_11960,68896.0,19,3.59,0,Legitimate,LEGITIMATE,0.0018,0.18,LOW,cos_hour
TX_MON_11961,146812.0,16,21.56,0,Legitimate,LEGITIMATE,0.0,0.0,LOW,V10
TX_MON_11962,66629.0,18,110.0,0,Legitimate,LEGITIMATE,0.0012,0.12,LOW,V20
TX_MON_11963,53648.0,14,104.45,0,Legitimate,LEGITIMATE,0.0005,0.05,LOW,sin_hour
TX_MON_11964,36693.0,10,21.25,0,Legitimate,LEGITIMATE,0.0005,0.05,LOW,V20
TX_MON_11965,31973.0,8,0.77,0,Legitimate,LEGITIMATE,0.0001,0.01,LOW,log_amount
TX_MON_11966,148388.0,17,44.82,0,Legitimate,LEGITIMATE,0.0006,0.06,LOW,V1
TX_MON_11967,38528.0,10,47.86,0,Legitimate,LEGITIMATE,0.0027,0.27,LOW,V16
TX_MON_11968,93484.0,1,8.32,0,Legitimate,LEGITIMATE,0.0025,0.25,LOW,V12
TX_MON_11969,18835.0,5,9.87,0,Legitimate,LEGITIMATE,0.004,0.4,LOW,V4
TX_MON_11970,67819.0,18,0.76,0,Legitimate,LEGITIMATE,0.0437,4.37,LOW,V14
TX_MON_11971,47990.0,13,38.58,0,Legitimate,LEGITIMATE,0.0009,0.09,LOW,sin_hour
TX_MON_11972,164859.0,21,8.99,0,Legitimate,LEGITIMATE,0.0001,0.01,LOW,sin_hour
TX_MON_11973,40446.0,11,139.0,0,Legitimate,LEGITIMATE,0.0008,0.08,LOW,V1
TX_MON_11974,80109.0,22,4.78,0,Legitimate,LEGITIMATE,0.0001,0.01,LOW,sin_hour
TX_MON_11975,60549.0,16,4.49,0,Legitimate,LEGITIMATE,0.0024,0.24,LOW,V1
TX_MON_11976,133048.0,12,39.94,0,Legitimate,LEGITIMATE,0.0003,0.03,LOW,sin_hour
TX_MON_11977,137231.0,14,29.95,0,Legitimate,LEGITIMATE,0.0001,0.01,LOW,sin_hour
TX_MON_11978,78237.0,21,196.0,0,Legitimate,LEGITIMATE,0.0012,0.12,LOW,sin_hour
TX_MON_11979,55378.0,15,8.99,0,Legitimate,LEGITIMATE,0.0005,0.05,LOW,sin_hour
TX_MON_11980,160467.0,20,6.89,0,Legitimate,LEGITIMATE,0.0,0.0,LOW,sin_hour
TX_MON_11981,163400.0,21,35.97,0,Legitimate,LEGITIMATE,0.0032,0.32,LOW,V26
TX_MON_11982,33223.0,9,23.93,0,Legitimate,LEGITIMATE,0.0001,0.01,LOW,V18
TX_MON_11983,85573.0,23,1.0,1,Fraud,FRAUD,0.9985,99.85,HIGH,V14
TX_MON_11984,51813.0,14,69.99,0,Legitimate,LEGITIMATE,0.0056,0.56,LOW,V8
TX_MON_11985,71167.0,19,55.0,0,Legitimate,LEGITIMATE,0.0001,0.01,LOW,cos_hour
TX_MON_11986,67697.0,18,239.54,0,Legitimate,LEGITIMATE,0.0,0.0,LOW,cos_hour
TX_MON_11987,33498.0,9,81.6,0,Legitimate,LEGITIMATE,0.0002,0.02,LOW,V13
TX_MON_11988,58230.0,16,9.99,0,Legitimate,LEGITIMATE,0.0001,0.01,LOW,V8
TX_MON_11989,46150.0,12,489.75,0,Legitimate,LEGITIMATE,0.01,1.0,LOW,Amount
TX_MON_11990,78282.0,21,70.32,0,Legitimate,LEGITIMATE,0.0005,0.05,LOW,sin_hour
TX_MON_11991,38403.0,10,55.61,0,Legitimate,LEGITIMATE,0.0015,0.15,LOW,V28
TX_MON_11992,36454.0,10,4.95,0,Legitimate,LEGITIMATE,0.007,0.7,LOW,V4
TX_MON_11993,137758.0,14,39.3,0,Legitimate,LEGITIMATE,0.0027,0.27,LOW,sin_hour
TX_MON_11994,45213.0,12,16.99,0,Legitimate,LEGITIMATE,0.0017,0.17,LOW,V4
TX_MON_11995,155342.0,19,161.86,0,Legitimate,LEGITIMATE,0.0026,0.26,LOW,cos_hour
TX_MON_11996,39341.0,10,394.2,0,Legitimate,LEGITIMATE,0.0008,0.08,LOW,Amount
TX_MON_11997,121814.0,9,35.16,0,Legitimate,LEGITIMATE,0.0016,0.16,LOW,V1
TX_MON_11998,29913.0,8,135.63,0,Legitimate,LEGITIMATE,0.0094,0.94,LOW,V14
TX_MON_11999,127253.0,11,6.7,0,Legitimate,LEGITIMATE,0.0001,0.01,LOW,sin_hour
TX_MON_12000,1220.0,0,3.59,0,Legitimate,LEGITIMATE,0.0003,0.03,LOW,sin_hour
TX_MON_12001,53883.0,14,25.0,0,Legitimate,LEGITIMATE,0.0003,0.03,LOW,sin_hour
TX_MON_12002,26931.0,7,99.99,1,Fraud,FRAUD,0.9979,99.79,HIGH,V14
TX_MON_12003,37877.0,10,28.6,0,Legitimate,LEGITIMATE,0.0005,0.05,LOW,V1
TX_MON_12004,66964.0,18,45.0,0,Legitimate,LEGITIMATE,0.0008,0.08,LOW,cos_hour
TX_MON_12005,66037.0,18,7.53,1,Fraud,FRAUD,0.998,99.8,HIGH,V14
TX_MON_12006,109298.0,6,186.13,1,Fraud,FRAUD,0.9894,98.94,HIGH,V14
TX_MON_12007,37920.0,10,227.65,0,Legitimate,LEGITIMATE,0.0001,0.01,LOW,V22
TX_MON_12008,71671.0,19,183.5,0,Legitimate,LEGITIMATE,0.0032,0.32,LOW,V1
TX_MON_12009,144026.0,16,1.29,0,Legitimate,LEGITIMATE,0.0001,0.01,LOW,log_amount
TX_MON_12010,63592.0,17,9.82,0,Legitimate,LEGITIMATE,0.0041,0.41,LOW,V4
TX_MON_12011,125088.0,10,192.65,0,Legitimate,LEGITIMATE,0.0001,0.01,LOW,V22
TX_MON_12012,142710.0,15,67.53,0,Legitimate,LEGITIMATE,0.0009,0.09,LOW,V1
TX_MON_12013,34256.0,9,19.02,1,Fraud,FRAUD,0.9957,99.57,HIGH,V14
TX_MON_12014,125040.0,10,0.99,0,Legitimate,LEGITIMATE,0.0,0.0,LOW,log_amount
TX_MON_12015,34196.0,9,34.8,0,Legitimate,LEGITIMATE,0.0001,0.01,LOW,V1
TX_MON_12016,56630.0,15,1.22,0,Legitimate,LEGITIMATE,0.0002,0.02,LOW,log_amount
TX_MON_12017,102114.0,4,0.0,1,Fraud,FRAUD,0.9758,97.58,HIGH,V17
TX_MON_12018,80548.0,22,47.4,0,Legitimate,LEGITIMATE,0.0002,0.02,LOW,sin_hour
TX_MON_12019,124986.0,10,28.75,0,Legitimate,LEGITIMATE,0.0001,0.01,LOW,V26
TX_MON_12020,135250.0,13,119.97,0,Legitimate,LEGITIMATE,0.0309,3.09,LOW,V14
TX_MON_12021,151831.0,18,7.7,0,Legitimate,LEGITIMATE,0.0,0.0,LOW,cos_hour
TX_MON_12022,159917.0,20,63.23,0,Legitimate,LEGITIMATE,0.0002,0.02,LOW,V25
TX_MON_12023,124769.0,10,45.51,0,Legitimate,LEGITIMATE,0.0,0.0,LOW,V28
TX_MON_12024,44411.0,12,64.96,0,Legitimate,LEGITIMATE,0.0005,0.05,LOW,sin_hour
TX_MON_12025,32647.0,9,38.95,0,Legitimate,LEGITIMATE,0.0,0.0,LOW,V12
TX_MON_12026,38788.0,10,15.97,0,Legitimate,LEGITIMATE,0.0023,0.23,LOW,V1
TX_MON_12027,144808.0,16,667.55,1,Fraud,FRAUD,0.9984,99.84,HIGH,V14
TX_MON_12028,48609.0,13,1.79,0,Legitimate,LEGITIMATE,0.0001,0.01,LOW,sin_hour
TX_MON_12029,141630.0,15,23.43,0,Legitimate,LEGITIMATE,0.0021,0.21,LOW,V21
TX_MON_12030,42424.0,11,2.17,0,Legitimate,LEGITIMATE,0.0025,0.25,LOW,V4
TX_MON_12031,571.0,0,2.89,0,Legitimate,LEGITIMATE,0.0013,0.13,LOW,V1
TX_MON_12032,166003.0,22,113.0,0,Legitimate,LEGITIMATE,0.0078,0.78,LOW,V14
TX_MON_12033,94153.0,2,88.5,0,Legitimate,LEGITIMATE,0.0,0.0,LOW,V12
TX_MON_12034,77520.0,21,24.3,0,Legitimate,LEGITIMATE,0.0009,0.09,LOW,sin_hour
TX_MON_12035,131972.0,12,40.86,0,Legitimate,LEGITIMATE,0.0004,0.04,LOW,V4
TX_MON_12036,75639.0,21,11.22,0,Legitimate,LEGITIMATE,0.0001,0.01,LOW,V10
TX_MON_12037,65045.0,18,66.07,0,Legitimate,LEGITIMATE,0.0001,0.01,LOW,cos_hour
TX_MON_12038,113446.0,7,6.99,0,Legitimate,LEGITIMATE,0.0128,1.28,LOW,V14
TX_MON_12039,113436.0,7,4.0,0,Legitimate,LEGITIMATE,0.0001,0.01,LOW,V20
TX_MON_12040,68075.0,18,124.41,0,Legitimate,LEGITIMATE,0.0084,0.84,LOW,V4
TX_MON_12041,35882.0,9,90.34,0,Legitimate,LEGITIMATE,0.0011,0.11,LOW,V1
TX_MON_12042,92102.0,1,600.73,1,Fraud,FRAUD,0.9864,98.64,HIGH,V14
TX_MON_12043,144059.0,16,2.2,0,Legitimate,LEGITIMATE,0.0003,0.03,LOW,log_amount
TX_MON_12044,85201.0,23,24.0,0,Legitimate,LEGITIMATE,0.0004,0.04,LOW,sin_hour
TX_MON_12045,39657.0,11,49.95,0,Legitimate,LEGITIMATE,0.0001,0.01,LOW,V25
TX_MON_12046,28499.0,7,1.0,0,Legitimate,LEGITIMATE,0.0002,0.02,LOW,log_amount
TX_MON_12047,69447.0,19,178.0,0,Legitimate,LEGITIMATE,0.0001,0.01,LOW,cos_hour
TX_MON_12048,87418.0,0,0.0,0,Legitimate,LEGITIMATE,0.0007,0.07,LOW,V4
TX_MON_12049,29531.0,8,0.68,1,Fraud,FRAUD,0.9332,93.32,HIGH,V14
TX_MON_12050,68796.0,19,11.5,0,Legitimate,LEGITIMATE,0.0011,0.11,LOW,cos_hour
TX_MON_12051,144645.0,16,96.0,0,Legitimate,LEGITIMATE,0.0,0.0,LOW,V8
TX_MON_12052,148714.0,17,38.31,0,Legitimate,LEGITIMATE,0.002,0.2,LOW,cos_hour
TX_MON_12053,135483.0,13,1.0,0,Legitimate,LEGITIMATE,0.0,0.0,LOW,sin_hour
TX_MON_12054,72212.0,20,43.7,0,Legitimate,LEGITIMATE,0.0005,0.05,LOW,cos_hour
TX_MON_12055,152036.0,18,1.0,1,Fraud,FRAUD,0.999,99.9,HIGH,V14
TX_MON_12056,67660.0,18,1.98,0,Legitimate,LEGITIMATE,0.0002,0.02,LOW,V13
TX_MON_12057,32217.0,8,20.0,0,Legitimate,LEGITIMATE,0.0003,0.03,LOW,V1
TX_MON_12058,65701.0,18,1.79,0,Legitimate,LEGITIMATE,0.0006,0.06,LOW,cos_hour
TX_MON_12059,147397.0,16,320.0,0,Legitimate,LEGITIMATE,0.0001,0.01,LOW,Amount
TX_MON_12060,155108.0,19,8.73,0,Legitimate,LEGITIMATE,0.0002,0.02,LOW,cos_hour
TX_MON_12061,140090.0,14,14.99,0,Legitimate,LEGITIMATE,0.0521,5.21,LOW,V1
TX_MON_12062,143490.0,15,68.62,0,Legitimate,LEGITIMATE,0.0003,0.03,LOW,V22
TX_MON_12063,13504.0,3,12.08,0,Legitimate,LEGITIMATE,0.0,0.0,LOW,V12
TX_MON_12064,65035.0,18,9.8,0,Legitimate,LEGITIMATE,0.0002,0.02,LOW,cos_hour
TX_MON_12065,42247.0,11,1.0,1,Fraud,FRAUD,0.9954,99.54,HIGH,V14
TX_MON_12066,120883.0,9,4.05,0,Legitimate,LEGITIMATE,0.0002,0.02,LOW,log_amount
TX_MON_12067,151003.0,17,94.6,0,Legitimate,LEGITIMATE,0.0001,0.01,LOW,cos_hour
TX_MON_12068,53296.0,14,2.7,0,Legitimate,LEGITIMATE,0.0036,0.36,LOW,log_amount
TX_MON_12069,40867.0,11,60.98,0,Legitimate,LEGITIMATE,0.0,0.0,LOW,sin_hour
TX_MON_12070,167740.0,22,39.9,0,Legitimate,LEGITIMATE,0.0532,5.32,LOW,V14
TX_MON_12071,4258.0,1,7.15,0,Legitimate,LEGITIMATE,0.0002,0.02,LOW,V11
TX_MON_12072,69331.0,19,11.45,0,Legitimate,LEGITIMATE,0.0001,0.01,LOW,cos_hour
TX_MON_12073,120683.0,9,3.0,0,Legitimate,LEGITIMATE,0.0003,0.03,LOW,log_amount
TX_MON_12074,73932.0,20,30.9,0,Legitimate,LEGITIMATE,0.0001,0.01,LOW,V4
TX_MON_12075,117954.0,8,42.69,0,Legitimate,LEGITIMATE,0.0003,0.03,LOW,V20
TX_MON_12076,160339.0,20,48.94,0,Legitimate,LEGITIMATE,0.0006,0.06,LOW,cos_hour
TX_MON_12077,124722.0,10,1.56,0,Legitimate,LEGITIMATE,0.0018,0.18,LOW,log_amount
TX_MON_12078,62622.0,17,125.42,0,Legitimate,LEGITIMATE,0.0013,0.13,LOW,cos_hour
TX_MON_12079,126681.0,11,54.32,0,Legitimate,LEGITIMATE,0.0317,3.17,LOW,V14
TX_MON_12080,144119.0,16,8.99,0,Legitimate,LEGITIMATE,0.0,0.0,LOW,V6
TX_MON_12081,163670.0,21,36.0,0,Legitimate,LEGITIMATE,0.0,0.0,LOW,V26
TX_MON_12082,150756.0,17,15.0,0,Legitimate,LEGITIMATE,0.0,0.0,LOW,cos_hour
TX_MON_12083,87857.0,0,1.0,0,Legitimate,LEGITIMATE,0.0,0.0,LOW,sin_hour
TX_MON_12084,121592.0,9,162.81,0,Legitimate,LEGITIMATE,0.0003,0.03,LOW,V1
TX_MON_12085,134124.0,13,50.0,0,Legitimate,LEGITIMATE,0.0,0.0,LOW,sin_hour
TX_MON_12086,128609.0,11,2.27,0,Legitimate,LEGITIMATE,0.003,0.3,LOW,V4
TX_MON_12087,54174.0,15,2.0,0,Legitimate,LEGITIMATE,0.0025,0.25,LOW,sin_hour
TX_MON_12088,69559.0,19,35.9,0,Legitimate,LEGITIMATE,0.0001,0.01,LOW,cos_hour
TX_MON_12089,134443.0,13,137.05,0,Legitimate,LEGITIMATE,0.0002,0.02,LOW,sin_hour
TX_MON_12090,128621.0,11,17.89,0,Legitimate,LEGITIMATE,0.0001,0.01,LOW,sin_hour
TX_MON_12091,70080.0,19,1.0,0,Legitimate,LEGITIMATE,0.0002,0.02,LOW,V20
TX_MON_12092,46925.0,13,1.0,1,Fraud,FRAUD,0.7835,78.35,HIGH,V1
TX_MON_12093,84366.0,23,10.59,0,Legitimate,LEGITIMATE,0.0002,0.02,LOW,V4
TX_MON_12094,87364.0,0,39.77,0,Legitimate,LEGITIMATE,0.0027,0.27,LOW,sin_hour
TX_MON_12095,73659.0,20,134.9,0,Legitimate,LEGITIMATE,0.0003,0.03,LOW,V1
TX_MON_12096,158864.0,20,1.98,0,Legitimate,LEGITIMATE,0.0013,0.13,LOW,V11
TX_MON_12097,158564.0,20,29.99,0,Legitimate,LEGITIMATE,0.0007,0.07,LOW,cos_hour
TX_MON_12098,93853.0,2,44.9,1,Fraud,FRAUD,0.9983,99.83,HIGH,V14
TX_MON_12099,58514.0,16,122.38,0,Legitimate,LEGITIMATE,0.0002,0.02,LOW,V25
TX_MON_12100,61660.0,17,120.0,0,Legitimate,LEGITIMATE,0.0,0.0,LOW,cos_hour
TX_MON_12101,138036.0,14,0.01,0,Legitimate,LEGITIMATE,0.0004,0.04,LOW,log_amount
TX_MON_12102,156057.0,19,49.99,0,Legitimate,LEGITIMATE,0.0001,0.01,LOW,cos_hour
TX_MON_12103,35897.0,9,0.89,0,Legitimate,LEGITIMATE,0.0003,0.03,LOW,log_amount
TX_MON_12104,138553.0,14,78.89,0,Legitimate,LEGITIMATE,0.0,0.0,LOW,V20
TX_MON_12105,98843.0,3,23.0,0,Legitimate,LEGITIMATE,0.0005,0.05,LOW,V12
TX_MON_12106,25147.0,6,1.29,0,Legitimate,LEGITIMATE,0.0004,0.04,LOW,V12
TX_MON_12107,70955.0,19,32.47,0,Legitimate,LEGITIMATE,0.0003,0.03,LOW,V20
TX_MON_12108,163455.0,21,20.0,0,Legitimate,LEGITIMATE,0.0002,0.02,LOW,sin_hour
TX_MON_12109,141519.0,15,18.99,0,Legitimate,LEGITIMATE,0.0006,0.06,LOW,sin_hour
TX_MON_12110,27614.0,7,14.63,0,Legitimate,LEGITIMATE,0.0004,0.04,LOW,cos_hour
TX_MON_12111,144872.0,16,42.0,0,Legitimate,LEGITIMATE,0.0001,0.01,LOW,V22
TX_MON_12112,136530.0,13,81.32,0,Legitimate,LEGITIMATE,0.0002,0.02,LOW,sin_hour
TX_MON_12113,121466.0,9,77.39,0,Legitimate,LEGITIMATE,0.0009,0.09,LOW,V3
TX_MON_12114,25567.0,7,0.76,0,Legitimate,LEGITIMATE,0.0108,1.08,LOW,V1
TX_MON_12115,140368.0,14,550.0,0,Legitimate,LEGITIMATE,0.0007,0.07,LOW,Amount
TX_MON_12116,171333.0,23,2.31,0,Legitimate,LEGITIMATE,0.0,0.0,LOW,sin_hour
TX_MON_12117,82270.0,22,0.89,0,Legitimate,LEGITIMATE,0.0011,0.11,LOW,V21
TX_MON_12118,140796.0,15,41.6,0,Legitimate,LEGITIMATE,0.0013,0.13,LOW,sin_hour
TX_MON_12119,134806.0,13,166.99,0,Legitimate,LEGITIMATE,0.0001,0.01,LOW,V20
TX_MON_12120,46033.0,12,57.5,0,Legitimate,LEGITIMATE,0.0013,0.13,LOW,V1
TX_MON_12121,4118.0,1,1.98,0,Legitimate,LEGITIMATE,0.0001,0.01,LOW,log_amount
TX_MON_12122,31666.0,8,2312.26,0,Legitimate,LEGITIMATE,0.0013,0.13,LOW,Amount
TX_MON_12123,7607.0,2,11.5,0,Legitimate,LEGITIMATE,0.0006,0.06,LOW,V12
TX_MON_12124,2252.0,0,11.5,0,Legitimate,LEGITIMATE,0.0003,0.03,LOW,sin_hour
TX_MON_12125,33361.0,9,12.0,0,Legitimate,LEGITIMATE,0.0017,0.17,LOW,V20
TX_MON_12126,147261.0,16,159.0,0,Legitimate,LEGITIMATE,0.0,0.0,LOW,V1
TX_MON_12127,85181.0,23,2.0,1,Fraud,FRAUD,0.9958,99.58,HIGH,V14
TX_MON_12128,39900.0,11,0.77,0,Legitimate,LEGITIMATE,0.0,0.0,LOW,log_amount
TX_MON_12129,36020.0,10,9.0,0,Legitimate,LEGITIMATE,0.0002,0.02,LOW,V1
TX_MON_12130,62593.0,17,2.02,0,Legitimate,LEGITIMATE,0.0003,0.03,LOW,cos_hour
TX_MON_12131,46711.0,12,0.89,0,Legitimate,LEGITIMATE,0.0003,0.03,LOW,sin_hour
TX_MON_12132,76845.0,21,1.0,1,Fraud,FRAUD,0.9948,99.48,HIGH,V14
TX_MON_12133,53224.0,14,39.98,0,Legitimate,LEGITIMATE,0.0001,0.01,LOW,sin_hour
TX_MON_12134,34289.0,9,45.0,0,Legitimate,LEGITIMATE,0.0002,0.02,LOW,V6
TX_MON_12135,124733.0,10,18.7,0,Legitimate,LEGITIMATE,0.0097,0.97,LOW,V14
TX_MON_12136,54134.0,15,1.98,0,Legitimate,LEGITIMATE,0.0018,0.18,LOW,sin_hour
TX_MON_12137,91214.0,1,25.0,0,Legitimate,LEGITIMATE,0.0051,0.51,LOW,V12
TX_MON_12138,61208.0,17,42.81,0,Legitimate,LEGITIMATE,0.0009,0.09,LOW,V1
TX_MON_12139,85576.0,23,240.77,1,Fraud,FRAUD,0.9978,99.78,HIGH,V14
TX_MON_12140,45996.0,12,170.15,0,Legitimate,LEGITIMATE,0.0002,0.02,LOW,V20
TX_MON_12141,35050.0,9,0.77,0,Legitimate,LEGITIMATE,0.0014,0.14,LOW,V20
TX_MON_12142,142454.0,15,155.0,0,Legitimate,LEGITIMATE,0.0005,0.05,LOW,V22
TX_MON_12143,100563.0,3,75.93,0,Legitimate,LEGITIMATE,0.0002,0.02,LOW,cos_hour
TX_MON_12144,88847.0,0,6.1,0,Legitimate,LEGITIMATE,0.0002,0.02,LOW,sin_hour
TX_MON_12145,58185.0,16,37.9,0,Legitimate,LEGITIMATE,0.001,0.1,LOW,V25
TX_MON_12146,134991.0,13,75.0,0,Legitimate,LEGITIMATE,0.0,0.0,LOW,sin_hour
TX_MON_12147,142746.0,15,35.65,0,Legitimate,LEGITIMATE,0.003,0.3,LOW,V4
TX_MON_12148,75214.0,20,9.6,0,Legitimate,LEGITIMATE,0.0007,0.07,LOW,sin_hour
TX_MON_12149,127594.0,11,413.0,0,Legitimate,LEGITIMATE,0.0005,0.05,LOW,Amount
TX_MON_12150,132571.0,12,5.0,0,Legitimate,LEGITIMATE,0.0001,0.01,LOW,V22
TX_MON_12151,140450.0,15,40.0,0,Legitimate,LEGITIMATE,0.0019,0.19,LOW,sin_hour
TX_MON_12152,63416.0,17,144.84,0,Legitimate,LEGITIMATE,0.0006,0.06,LOW,cos_hour
TX_MON_12153,77268.0,21,1.98,0,Legitimate,LEGITIMATE,0.0002,0.02,LOW,V11
TX_MON_12154,66493.0,18,696.65,0,Legitimate,LEGITIMATE,0.0001,0.01,LOW,cos_hour
TX_MON_12155,76619.0,21,0.77,0,Legitimate,LEGITIMATE,0.0,0.0,LOW,V25
TX_MON_12156,142881.0,15,368.0,0,Legitimate,LEGITIMATE,0.0003,0.03,LOW,Amount
TX_MON_12157,150159.0,17,3.85,0,Legitimate,LEGITIMATE,0.0,0.0,LOW,cos_hour
TX_MON_12158,82289.0,22,1.0,1,Fraud,FRAUD,0.9965,99.65,HIGH,V14
TX_MON_12159,117535.0,8,1.29,0,Legitimate,LEGITIMATE,0.0009,0.09,LOW,log_amount
TX_MON_12160,22652.0,6,11.85,0,Legitimate,LEGITIMATE,0.0002,0.02,LOW,cos_hour
TX_MON_12161,58862.0,16,79.0,0,Legitimate,LEGITIMATE,0.0001,0.01,LOW,V28
TX_MON_12162,149597.0,17,10.75,0,Legitimate,LEGITIMATE,0.0032,0.32,LOW,V14
TX_MON_12163,38670.0,10,10.0,0,Legitimate,LEGITIMATE,0.0002,0.02,LOW,V19
TX_MON_12164,55496.0,15,28.0,0,Legitimate,LEGITIMATE,0.0152,1.52,LOW,V4
TX_MON_12165,133097.0,12,12.32,0,Legitimate,LEGITIMATE,0.0005,0.05,LOW,sin_hour
TX_MON_12166,60187.0,16,6.53,0,Legitimate,LEGITIMATE,0.0024,0.24,LOW,log_amount
TX_MON_12167,143170.0,15,49.99,0,Legitimate,LEGITIMATE,0.0002,0.02,LOW,V22
TX_MON_12168,62854.0,17,20.01,0,Legitimate,LEGITIMATE,0.0329,3.29,LOW,V16
TX_MON_12169,7543.0,2,1.0,1,Fraud,FRAUD,0.9969,99.69,HIGH,V14
TX_MON_12170,48858.0,13,3.48,0,Legitimate,LEGITIMATE,0.0253,2.53,LOW,sin_hour
TX_MON_12171,96643.0,2,11.0,0,Legitimate,LEGITIMATE,0.0001,0.01,LOW,V12
TX_MON_12172,164017.0,21,451.57,0,Legitimate,LEGITIMATE,0.0031,0.31,LOW,V4
TX_MON_12173,57466.0,15,36.26,0,Legitimate,LEGITIMATE,0.0017,0.17,LOW,V1
TX_MON_12174,64844.0,18,93.84,0,Legitimate,LEGITIMATE,0.0002,0.02,LOW,cos_hour
TX_MON_12175,139745.0,14,45.0,0,Legitimate,LEGITIMATE,0.0016,0.16,LOW,V1
TX_MON_12176,134904.0,13,195.8,0,Legitimate,LEGITIMATE,0.1486,14.86,LOW,V14
TX_MON_12177,159341.0,20,64.0,0,Legitimate,LEGITIMATE,0.0001,0.01,LOW,V20
TX_MON_12178,66896.0,18,197.26,0,Legitimate,LEGITIMATE,0.0008,0.08,LOW,V4
TX_MON_12179,28364.0,7,49.65,0,Legitimate,LEGITIMATE,0.0001,0.01,LOW,V21
TX_MON_12180,137207.0,14,59.0,0,Legitimate,LEGITIMATE,0.0027,0.27,LOW,V1
TX_MON_12181,19911.0,5,20.0,0,Legitimate,LEGITIMATE,0.0003,0.03,LOW,cos_hour
TX_MON_12182,48507.0,13,60.0,0,Legitimate,LEGITIMATE,0.001,0.1,LOW,sin_hour
TX_MON_12183,155965.0,19,0.77,1,Fraud,FRAUD,0.9955,99.55,HIGH,V14
TX_MON_12184,154241.0,18,9.99,0,Legitimate,LEGITIMATE,0.0001,0.01,LOW,cos_hour
TX_MON_12185,69689.0,19,8.9,0,Legitimate,LEGITIMATE,0.0005,0.05,LOW,cos_hour
TX_MON_12186,67514.0,18,37.1,0,Legitimate,LEGITIMATE,0.0251,2.51,LOW,V16
TX_MON_12187,49504.0,13,49.9,0,Legitimate,LEGITIMATE,0.011,1.1,LOW,V14
TX_MON_12188,140069.0,14,5.0,0,Legitimate,LEGITIMATE,0.0003,0.03,LOW,sin_hour
TX_MON_12189,121649.0,9,1.79,0,Legitimate,LEGITIMATE,0.0001,0.01,LOW,log_amount
TX_MON_12190,82091.0,22,25.01,0,Legitimate,LEGITIMATE,0.0006,0.06,LOW,sin_hour
TX_MON_12191,70842.0,19,14.88,0,Legitimate,LEGITIMATE,0.0015,0.15,LOW,cos_hour
TX_MON_12192,117542.0,8,218.45,0,Legitimate,LEGITIMATE,0.0002,0.02,LOW,V1
TX_MON_12193,52382.0,14,117.69,0,Legitimate,LEGITIMATE,0.001,0.1,LOW,sin_hour
TX_MON_12194,162341.0,21,2.58,0,Legitimate,LEGITIMATE,0.0004,0.04,LOW,log_amount
TX_MON_12195,44519.0,12,196.2,0,Legitimate,LEGITIMATE,0.012,1.2,LOW,V1
TX_MON_12196,127715.0,11,636.15,0,Legitimate,LEGITIMATE,0.0004,0.04,LOW,Amount
TX_MON_12197,54670.0,15,9.19,0,Legitimate,LEGITIMATE,0.0009,0.09,LOW,sin_hour
TX_MON_12198,157072.0,19,9.99,0,Legitimate,LEGITIMATE,0.0003,0.03,LOW,cos_hour
TX_MON_12199,159197.0,20,1.29,0,Legitimate,LEGITIMATE,0.0009,0.09,LOW,log_amount
TX_MON_12200,171372.0,23,66.0,0,Legitimate,LEGITIMATE,0.0001,0.01,LOW,sin_hour
TX_MON_12201,136944.0,14,19.95,0,Legitimate,LEGITIMATE,0.0,0.0,LOW,sin_hour
TX_MON_12202,39068.0,10,1.29,0,Legitimate,LEGITIMATE,0.0008,0.08,LOW,V14
TX_MON_12203,122608.0,10,2125.87,1,Fraud,FRAUD,0.8406,84.06,HIGH,V21
TX_MON_12204,69915.0,19,0.01,0,Legitimate,LEGITIMATE,0.0001,0.01,LOW,log_amount
TX_MON_12205,155029.0,19,14.27,0,Legitimate,LEGITIMATE,0.0001,0.01,LOW,cos_hour
TX_MON_12206,154278.0,18,1504.93,1,Fraud,FRAUD,0.9964,99.64,HIGH,V14
TX_MON_12207,142873.0,15,9.09,0,Legitimate,LEGITIMATE,0.0054,0.54,LOW,V4
TX_MON_12208,160251.0,20,0.77,0,Legitimate,LEGITIMATE,0.0001,0.01,LOW,V25
TX_MON_12209,133528.0,13,118.97,0,Legitimate,LEGITIMATE,0.0002,0.02,LOW,V20
TX_MON_12210,44151.0,12,139.98,0,Legitimate,LEGITIMATE,0.0007,0.07,LOW,sin_hour
TX_MON_12211,148664.0,17,3.0,0,Legitimate,LEGITIMATE,0.0001,0.01,LOW,cos_hour
TX_MON_12212,88487.0,0,9.99,0,Legitimate,LEGITIMATE,0.0003,0.03,LOW,V17
TX_MON_12213,38290.0,10,300.0,0,Legitimate,LEGITIMATE,0.0001,0.01,LOW,Amount
TX_MON_12214,54187.0,15,0.99,0,Legitimate,LEGITIMATE,0.0017,0.17,LOW,sin_hour
TX_MON_12215,35496.0,9,12.13,0,Legitimate,LEGITIMATE,0.0002,0.02,LOW,V25
TX_MON_12216,17235.0,4,2.29,0,Legitimate,LEGITIMATE,0.0007,0.07,LOW,cos_hour
TX_MON_12217,58003.0,16,10.54,0,Legitimate,LEGITIMATE,0.0002,0.02,LOW,V27
TX_MON_12218,53937.0,14,261.87,1,Fraud,FRAUD,0.9893,98.93,HIGH,V14
TX_MON_12219,120729.0,9,0.89,0,Legitimate,LEGITIMATE,0.0006,0.06,LOW,log_amount
TX_MON_12220,74446.0,20,29.0,0,Legitimate,LEGITIMATE,0.0006,0.06,LOW,sin_hour
TX_MON_12221,73737.0,20,39.99,0,Legitimate,LEGITIMATE,0.0012,0.12,LOW,V20
TX_MON_12222,147134.0,16,2.69,0,Legitimate,LEGITIMATE,0.0024,0.24,LOW,V1
TX_MON_12223,35193.0,9,25.0,0,Legitimate,LEGITIMATE,0.0004,0.04,LOW,V6
TX_MON_12224,11229.0,3,53.33,0,Legitimate,LEGITIMATE,0.0001,0.01,LOW,V20
TX_MON_12225,124701.0,10,14.38,0,Legitimate,LEGITIMATE,0.0004,0.04,LOW,V4
TX_MON_12226,64067.0,17,204.0,0,Legitimate,LEGITIMATE,0.0007,0.07,LOW,cos_hour
TX_MON_12227,164018.0,21,1.0,0,Legitimate,LEGITIMATE,0.0001,0.01,LOW,sin_hour
TX_MON_12228,42430.0,11,59.35,0,Legitimate,LEGITIMATE,0.0001,0.01,LOW,V1
TX_MON_12229,157537.0,19,0.99,0,Legitimate,LEGITIMATE,0.0001,0.01,LOW,cos_hour
TX_MON_12230,155823.0,19,10.0,0,Legitimate,LEGITIMATE,0.0001,0.01,LOW,cos_hour
TX_MON_12231,140293.0,14,0.77,1,Fraud,FRAUD,0.9822,98.22,HIGH,V14
TX_MON_12232,157696.0,19,0.89,0,Legitimate,LEGITIMATE,0.0,0.0,LOW,cos_hour
TX_MON_12233,124360.0,10,189.75,0,Legitimate,LEGITIMATE,0.0001,0.01,LOW,V22
TX_MON_12234,134769.0,13,925.31,1,Fraud,FRAUD,0.997,99.7,HIGH,V14
TX_MON_12235,82215.0,22,1.29,0,Legitimate,LEGITIMATE,0.0005,0.05,LOW,sin_hour
TX_MON_12236,44247.0,12,1380.55,0,Legitimate,LEGITIMATE,0.0018,0.18,LOW,Amount
TX_MON_12237,117738.0,8,30.34,0,Legitimate,LEGITIMATE,0.0272,2.72,LOW,V4
TX_MON_12238,64068.0,17,276.0,0,Legitimate,LEGITIMATE,0.0009,0.09,LOW,cos_hour
TX_MON_12239,40197.0,11,6.6,0,Legitimate,LEGITIMATE,0.0002,0.02,LOW,V6
TX_MON_12240,141139.0,15,1.98,0,Legitimate,LEGITIMATE,0.0011,0.11,LOW,V8
TX_MON_12241,144262.0,16,15.0,0,Legitimate,LEGITIMATE,0.0001,0.01,LOW,V6
TX_MON_12242,131357.0,12,121.4,0,Legitimate,LEGITIMATE,0.0004,0.04,LOW,V4
TX_MON_12243,125475.0,10,9.7,0,Legitimate,LEGITIMATE,0.0001,0.01,LOW,V25
TX_MON_12244,66051.0,18,38.94,0,Legitimate,LEGITIMATE,0.0001,0.01,LOW,cos_hour
TX_MON_12245,38899.0,10,1.0,0,Legitimate,LEGITIMATE,0.0002,0.02,LOW,log_amount
TX_MON_12246,76937.0,21,65.0,0,Legitimate,LEGITIMATE,0.0013,0.13,LOW,sin_hour
TX_MON_12247,125643.0,10,89.99,0,Legitimate,LEGITIMATE,0.0,0.0,LOW,V3
TX_MON_12248,72861.0,20,37.31,0,Legitimate,LEGITIMATE,0.0043,0.43,LOW,V1
TX_MON_12249,156486.0,19,58.94,0,Legitimate,LEGITIMATE,0.0001,0.01,LOW,cos_hour
TX_MON_12250,141156.0,15,14.9,0,Legitimate,LEGITIMATE,0.0009,0.09,LOW,sin_hour
TX_MON_12251,44321.0,12,177.7,0,Legitimate,LEGITIMATE,0.0001,0.01,LOW,sin_hour
TX_MON_12252,53550.0,14,14.99,0,Legitimate,LEGITIMATE,0.0027,0.27,LOW,sin_hour
TX_MON_12253,83181.0,23,1.0,0,Legitimate,LEGITIMATE,0.0001,0.01,LOW,sin_hour
TX_MON_12254,77197.0,21,1.79,0,Legitimate,LEGITIMATE,0.0005,0.05,LOW,sin_hour
TX_MON_12255,70885.0,19,1.29,0,Legitimate,LEGITIMATE,0.0002,0.02,LOW,cos_hour
TX_MON_12256,148193.0,17,120.93,0,Legitimate,LEGITIMATE,0.0015,0.15,LOW,V16
TX_MON_12257,164060.0,21,12.1,0,Legitimate,LEGITIMATE,0.0003,0.03,LOW,V22
TX_MON_12258,75981.0,21,1.78,0,Legitimate,LEGITIMATE,0.0002,0.02,LOW,sin_hour
TX_MON_12259,142033.0,15,49.99,0,Legitimate,LEGITIMATE,0.0485,4.85,LOW,V14
TX_MON_12260,126662.0,11,18.8,0,Legitimate,LEGITIMATE,0.0003,0.03,LOW,V4
TX_MON_12261,61918.0,17,950.0,0,Legitimate,LEGITIMATE,0.0003,0.03,LOW,Amount
TX_MON_12262,61108.0,16,101.5,1,Fraud,FRAUD,0.9992,99.92,HIGH,V14
TX_MON_12263,68016.0,18,122.34,0,Legitimate,LEGITIMATE,0.0019,0.19,LOW,cos_hour
TX_MON_12264,30694.0,8,125.9,0,Legitimate,LEGITIMATE,0.0002,0.02,LOW,V25
TX_MON_12265,154200.0,18,30.0,0,Legitimate,LEGITIMATE,0.0002,0.02,LOW,cos_hour
TX_MON_12266,128802.0,11,4.8,0,Legitimate,LEGITIMATE,0.0001,0.01,LOW,log_amount
TX_MON_12267,153287.0,18,1.0,0,Legitimate,LEGITIMATE,0.0001,0.01,LOW,cos_hour
TX_MON_12268,32628.0,9,273.77,0,Legitimate,LEGITIMATE,0.0002,0.02,LOW,Amount
TX_MON_12269,48884.0,13,19.73,1,Fraud,FRAUD,0.9835,98.35,HIGH,V14
TX_MON_12270,4649.0,1,19.99,0,Legitimate,LEGITIMATE,0.0001,0.01,LOW,V12
TX_MON_12271,158428.0,20,3.59,0,Legitimate,LEGITIMATE,0.0001,0.01,LOW,V1
TX_MON_12272,130141.0,12,45.98,0,Legitimate,LEGITIMATE,0.0,0.0,LOW,sin_hour
TX_MON_12273,52790.0,14,109.99,0,Legitimate,LEGITIMATE,0.0065,0.65,LOW,sin_hour
TX_MON_12274,85389.0,23,9.2,0,Legitimate,LEGITIMATE,0.0003,0.03,LOW,sin_hour
TX_MON_12275,39956.0,11,4.99,0,Legitimate,LEGITIMATE,0.0018,0.18,LOW,log_amount
TX_MON_12276,122270.0,9,33.38,0,Legitimate,LEGITIMATE,0.0103,1.03,LOW,V4
TX_MON_12277,154608.0,18,74.99,0,Legitimate,LEGITIMATE,0.0003,0.03,LOW,cos_hour
TX_MON_12278,81965.0,22,11.95,0,Legitimate,LEGITIMATE,0.0001,0.01,LOW,sin_hour
TX_MON_12279,125610.0,10,105.93,0,Legitimate,LEGITIMATE,0.004,0.4,LOW,V4
TX_MON_12280,67602.0,18,7.99,0,Legitimate,LEGITIMATE,0.0005,0.05,LOW,cos_hour
TX_MON_12281,93310.0,1,6.2,0,Legitimate,LEGITIMATE,0.0001,0.01,LOW,V12
TX_MON_12282,62179.0,17,125.76,0,Legitimate,LEGITIMATE,0.0004,0.04,LOW,V1
TX_MON_12283,33336.0,9,25.28,0,Legitimate,LEGITIMATE,0.0004,0.04,LOW,V28
TX_MON_12284,156926.0,19,59.0,0,Legitimate,LEGITIMATE,0.0001,0.01,LOW,cos_hour
TX_MON_12285,121629.0,9,15.0,0,Legitimate,LEGITIMATE,0.0,0.0,LOW,V20
TX_MON_12286,124146.0,10,5.04,0,Legitimate,LEGITIMATE,0.0001,0.01,LOW,log_amount
TX_MON_12287,53255.0,14,2.97,0,Legitimate,LEGITIMATE,0.0008,0.08,LOW,sin_hour
TX_MON_12288,159133.0,20,293.72,0,Legitimate,LEGITIMATE,0.0005,0.05,LOW,Amount
TX_MON_12289,154625.0,18,146.79,0,Legitimate,LEGITIMATE,0.0244,2.44,LOW,cos_hour
TX_MON_12290,148836.0,17,18.0,0,Legitimate,LEGITIMATE,0.0003,0.03,LOW,cos_hour
TX_MON_12291,83235.0,23,32.13,0,Legitimate,LEGITIMATE,0.0017,0.17,LOW,V8
TX_MON_12292,122388.0,9,1.98,0,Legitimate,LEGITIMATE,0.0002,0.02,LOW,log_amount
TX_MON_12293,120995.0,9,12.99,0,Legitimate,LEGITIMATE,0.0002,0.02,LOW,V6
TX_MON_12294,122787.0,10,211.0,0,Legitimate,LEGITIMATE,0.0,0.0,LOW,V11
TX_MON_12295,42017.0,11,12.76,0,Legitimate,LEGITIMATE,0.0,0.0,LOW,sin_hour
TX_MON_12296,73854.0,20,29.0,0,Legitimate,LEGITIMATE,0.0003,0.03,LOW,cos_hour
TX_MON_12297,59675.0,16,11.99,0,Legitimate,LEGITIMATE,0.0006,0.06,LOW,V28
TX_MON_12298,120842.0,9,167.23,0,Legitimate,LEGITIMATE,0.0003,0.03,LOW,V9
TX_MON_12299,46208.0,12,101.44,0,Legitimate,LEGITIMATE,0.0029,0.29,LOW,V1
TX_MON_12300,165549.0,21,4.49,0,Legitimate,LEGITIMATE,0.0001,0.01,LOW,sin_hour
TX_MON_12301,62436.0,17,152.96,0,Legitimate,LEGITIMATE,0.0031,0.31,LOW,V1
TX_MON_12302,112981.0,7,1.0,0,Legitimate,LEGITIMATE,0.0001,0.01,LOW,cos_hour
TX_MON_12303,52419.0,14,42.0,0,Legitimate,LEGITIMATE,0.0012,0.12,LOW,sin_hour
TX_MON_12304,45519.0,12,503.8,0,Legitimate,LEGITIMATE,0.0003,0.03,LOW,V1
TX_MON_12305,121789.0,9,1.29,0,Legitimate,LEGITIMATE,0.0009,0.09,LOW,log_amount
TX_MON_12306,125034.0,10,156.0,0,Legitimate,LEGITIMATE,0.0002,0.02,LOW,V18
TX_MON_12307,73299.0,20,160.0,0,Legitimate,LEGITIMATE,0.0003,0.03,LOW,cos_hour
TX_MON_12308,47433.0,13,171.5,0,Legitimate,LEGITIMATE,0.0005,0.05,LOW,sin_hour
TX_MON_12309,52838.0,14,52.15,0,Legitimate,LEGITIMATE,0.0003,0.03,LOW,sin_hour
TX_MON_12310,145210.0,16,9.97,0,Legitimate,LEGITIMATE,0.0004,0.04,LOW,V1
TX_MON_12311,110814.0,6,11.27,0,Legitimate,LEGITIMATE,0.0001,0.01,LOW,V12
TX_MON_12312,121539.0,9,210.0,0,Legitimate,LEGITIMATE,0.0003,0.03,LOW,V4
TX_MON_12313,78329.0,21,79.0,0,Legitimate,LEGITIMATE,0.0011,0.11,LOW,V20
TX_MON_12314,129175.0,11,16.98,0,Legitimate,LEGITIMATE,0.0001,0.01,LOW,sin_hour
TX_MON_12315,137535.0,14,84.89,0,Legitimate,LEGITIMATE,0.0002,0.02,LOW,sin_hour
TX_MON_12316,41189.0,11,1.98,0,Legitimate,LEGITIMATE,0.0002,0.02,LOW,log_amount
TX_MON_12317,23608.0,6,49.9,0,Legitimate,LEGITIMATE,0.0,0.0,LOW,V20
TX_MON_12318,106064.0,5,1.78,0,Legitimate,LEGITIMATE,0.0001,0.01,LOW,cos_hour
TX_MON_12319,141983.0,15,166.8,0,Legitimate,LEGITIMATE,0.0002,0.02,LOW,sin_hour
TX_MON_12320,124341.0,10,4.49,0,Legitimate,LEGITIMATE,0.0056,0.56,LOW,V1
TX_MON_12321,28812.0,8,9.99,0,Legitimate,LEGITIMATE,0.0003,0.03,LOW,V22
TX_MON_12322,86860.0,0,99.45,0,Legitimate,LEGITIMATE,0.0,0.0,LOW,V22
TX_MON_12323,126457.0,11,194.73,0,Legitimate,LEGITIMATE,0.0001,0.01,LOW,V18
TX_MON_12324,88045.0,0,0.0,0,Legitimate,LEGITIMATE,0.003,0.3,LOW,V4
TX_MON_12325,167600.0,22,4.49,0,Legitimate,LEGITIMATE,0.0,0.0,LOW,sin_hour
TX_MON_12326,69522.0,19,495.0,0,Legitimate,LEGITIMATE,0.0009,0.09,LOW,Amount
TX_MON_12327,62939.0,17,78.91,0,Legitimate,LEGITIMATE,0.0017,0.17,LOW,cos_hour
TX_MON_12328,47723.0,13,30.13,0,Legitimate,LEGITIMATE,0.0001,0.01,LOW,sin_hour
TX_MON_12329,62016.0,17,61.13,0,Legitimate,LEGITIMATE,0.0002,0.02,LOW,cos_hour
TX_MON_12330,40687.0,11,1.78,0,Legitimate,LEGITIMATE,0.0009,0.09,LOW,V1
TX_MON_12331,32647.0,9,35.83,0,Legitimate,LEGITIMATE,0.0006,0.06,LOW,V1
TX_MON_12332,61876.0,17,41.14,0,Legitimate,LEGITIMATE,0.0018,0.18,LOW,V4
TX_MON_12333,152680.0,18,0.74,0,Legitimate,LEGITIMATE,0.0001,0.01,LOW,log_amount
TX_MON_12334,150420.0,17,9.99,0,Legitimate,LEGITIMATE,0.0001,0.01,LOW,cos_hour
TX_MON_12335,143270.0,15,7.57,0,Legitimate,LEGITIMATE,0.0025,0.25,LOW,V4
TX_MON_12336,38765.0,10,307.14,0,Legitimate,LEGITIMATE,0.0286,2.86,LOW,Amount
TX_MON_12337,58929.0,16,0.89,0,Legitimate,LEGITIMATE,0.0003,0.03,LOW,V11
TX_MON_12338,133056.0,12,9.98,0,Legitimate,LEGITIMATE,0.0005,0.05,LOW,sin_hour
TX_MON_12339,123009.0,10,113.56,0,Legitimate,LEGITIMATE,0.0029,0.29,LOW,V4
TX_MON_12340,89581.0,0,133.06,0,Legitimate,LEGITIMATE,0.0001,0.01,LOW,V12
TX_MON_12341,115855.0,8,50.0,0,Legitimate,LEGITIMATE,0.0,0.0,LOW,V7
TX_MON_12342,154553.0,18,1.79,0,Legitimate,LEGITIMATE,0.0028,0.28,LOW,V1
TX_MON_12343,144349.0,16,41.0,0,Legitimate,LEGITIMATE,0.0001,0.01,LOW,V11
TX_MON_12344,141647.0,15,4.57,0,Legitimate,LEGITIMATE,0.0006,0.06,LOW,log_amount
TX_MON_12345,50920.0,14,76.1,0,Legitimate,LEGITIMATE,0.0004,0.04,LOW,sin_hour
TX_MON_12346,78323.0,21,29.9,0,Legitimate,LEGITIMATE,0.0023,0.23,LOW,sin_hour
TX_MON_12347,78532.0,21,55.0,0,Legitimate,LEGITIMATE,0.0009,0.09,LOW,sin_hour
TX_MON_12348,77942.0,21,1.0,0,Legitimate,LEGITIMATE,0.0001,0.01,LOW,log_amount
TX_MON_12349,77529.0,21,45.0,0,Legitimate,LEGITIMATE,0.0011,0.11,LOW,sin_hour
TX_MON_12350,90061.0,1,11.57,0,Legitimate,LEGITIMATE,0.0002,0.02,LOW,V1
TX_MON_12351,90574.0,1,12.39,0,Legitimate,LEGITIMATE,0.0002,0.02,LOW,V12
TX_MON_12352,36566.0,10,104.38,0,Legitimate,LEGITIMATE,0.001,0.1,LOW,V1
TX_MON_12353,25254.0,7,99.99,1,Fraud,FRAUD,0.9959,99.59,HIGH,V14
TX_MON_12354,169884.0,23,50.07,0,Legitimate,LEGITIMATE,0.0,0.0,LOW,sin_hour
TX_MON_12355,164807.0,21,25.0,0,Legitimate,LEGITIMATE,0.0001,0.01,LOW,V20
TX_MON_12356,121806.0,9,140.0,0,Legitimate,LEGITIMATE,0.0001,0.01,LOW,V23
TX_MON_12357,40042.0,11,2.0,0,Legitimate,LEGITIMATE,0.001,0.1,LOW,log_amount
TX_MON_12358,117095.0,8,140.14,0,Legitimate,LEGITIMATE,0.0001,0.01,LOW,V23
TX_MON_12359,146721.0,16,195.0,0,Legitimate,LEGITIMATE,0.0001,0.01,LOW,V17
TX_MON_12360,78012.0,21,1.0,0,Legitimate,LEGITIMATE,0.0006,0.06,LOW,log_amount
TX_MON_12361,136220.0,13,1.29,0,Legitimate,LEGITIMATE,0.0011,0.11,LOW,sin_hour
TX_MON_12362,39077.0,10,64.99,0,Legitimate,LEGITIMATE,0.0002,0.02,LOW,V25
TX_MON_12363,13273.0,3,4.49,0,Legitimate,LEGITIMATE,0.0002,0.02,LOW,V12
TX_MON_12364,56887.0,15,5.0,1,Fraud,FRAUD,0.999,99.9,HIGH,V14
TX_MON_12365,148767.0,17,260.0,0,Legitimate,LEGITIMATE,0.0,0.0,LOW,cos_hour
TX_MON_12366,75859.0,21,1.98,0,Legitimate,LEGITIMATE,0.0007,0.07,LOW,sin_hour
TX_MON_12367,139792.0,14,30.24,0,Legitimate,LEGITIMATE,0.0007,0.07,LOW,sin_hour
TX_MON_12368,11362.0,3,9.99,0,Legitimate,LEGITIMATE,0.0006,0.06,LOW,V4
TX_MON_12369,79032.0,21,13.85,0,Legitimate,LEGITIMATE,0.0001,0.01,LOW,sin_hour
TX_MON_12370,80008.0,22,123.49,0,Legitimate,LEGITIMATE,0.0002,0.02,LOW,sin_hour
TX_MON_12371,75342.0,20,1.98,0,Legitimate,LEGITIMATE,0.0008,0.08,LOW,sin_hour
TX_MON_12372,81965.0,22,2.69,0,Legitimate,LEGITIMATE,0.0003,0.03,LOW,sin_hour
TX_MON_12373,68357.0,18,19.59,1,Fraud,LEGITIMATE,0.3043,30.43,MEDIUM,V16
TX_MON_12374,85052.0,23,0.76,0,Legitimate,LEGITIMATE,0.0046,0.46,LOW,sin_hour
TX_MON_12375,71576.0,19,79.0,0,Legitimate,LEGITIMATE,0.0011,0.11,LOW,cos_hour
TX_MON_12376,62681.0,17,166.48,0,Legitimate,LEGITIMATE,0.0006,0.06,LOW,cos_hour
TX_MON_12377,81788.0,22,22.0,0,Legitimate,LEGITIMATE,0.0002,0.02,LOW,sin_hour
TX_MON_12378,9026.0,2,0.89,0,Legitimate,LEGITIMATE,0.0002,0.02,LOW,V11
TX_MON_12379,54250.0,15,23.0,0,Legitimate,LEGITIMATE,0.0098,0.98,LOW,sin_hour
TX_MON_12380,36482.0,10,30.0,0,Legitimate,LEGITIMATE,0.0002,0.02,LOW,V1
TX_MON_12381,49697.0,13,36.17,0,Legitimate,LEGITIMATE,0.0238,2.38,LOW,V1
TX_MON_12382,132855.0,12,20.97,0,Legitimate,LEGITIMATE,0.015,1.5,LOW,sin_hour
TX_MON_12383,131861.0,12,18.23,0,Legitimate,LEGITIMATE,0.0017,0.17,LOW,sin_hour
TX_MON_12384,37160.0,10,3.78,0,Legitimate,LEGITIMATE,0.0001,0.01,LOW,log_amount
TX_MON_12385,77938.0,21,1.0,0,Legitimate,LEGITIMATE,0.0002,0.02,LOW,log_amount
TX_MON_12386,68546.0,19,199.0,0,Legitimate,LEGITIMATE,0.0,0.0,LOW,cos_hour
TX_MON_12387,30944.0,8,95.75,0,Legitimate,LEGITIMATE,0.0001,0.01,LOW,V1
TX_MON_12388,56966.0,15,8.9,0,Legitimate,LEGITIMATE,0.0003,0.03,LOW,cos_hour
TX_MON_12389,100298.0,3,1.0,1,Fraud,FRAUD,0.9964,99.64,HIGH,V14
TX_MON_12390,149519.0,17,9.99,0,Legitimate,LEGITIMATE,0.0002,0.02,LOW,cos_hour
TX_MON_12391,39720.0,11,84.95,0,Legitimate,LEGITIMATE,0.0002,0.02,LOW,V16
TX_MON_12392,123173.0,10,10.0,0,Legitimate,LEGITIMATE,0.0001,0.01,LOW,V6
TX_MON_12393,53368.0,14,35.85,0,Legitimate,LEGITIMATE,0.0001,0.01,LOW,sin_hour
TX_MON_12394,6368.0,1,0.99,0,Legitimate,LEGITIMATE,0.0003,0.03,LOW,V12
TX_MON_12395,66145.0,18,148.0,0,Legitimate,LEGITIMATE,0.0002,0.02,LOW,cos_hour
TX_MON_12396,142526.0,15,264.98,0,Legitimate,LEGITIMATE,0.0608,6.08,LOW,V8
TX_MON_12397,55055.0,15,669.0,0,Legitimate,LEGITIMATE,0.0007,0.07,LOW,Amount
TX_MON_12398,59562.0,16,136.0,0,Legitimate,LEGITIMATE,0.0003,0.03,LOW,V25
TX_MON_12399,147241.0,16,101.0,0,Legitimate,LEGITIMATE,0.0,0.0,LOW,cos_hour
TX_MON_12400,65416.0,18,4.59,0,Legitimate,LEGITIMATE,0.0017,0.17,LOW,V4
TX_MON_12401,43567.0,12,282.72,0,Legitimate,LEGITIMATE,0.0068,0.68,LOW,Amount
TX_MON_12402,109061.0,6,1.0,0,Legitimate,LEGITIMATE,0.0668,6.68,LOW,V4
TX_MON_12403,28822.0,8,9.99,0,Legitimate,LEGITIMATE,0.0,0.0,LOW,V22
TX_MON_12404,156710.0,19,7.59,1,Fraud,FRAUD,0.7362,73.62,HIGH,V4
TX_MON_12405,48620.0,13,188.0,0,Legitimate,LEGITIMATE,0.0309,3.09,LOW,V20
TX_MON_12406,152341.0,18,1.0,0,Legitimate,LEGITIMATE,0.0001,0.01,LOW,cos_hour
TX_MON_12407,71578.0,19,10.77,0,Legitimate,LEGITIMATE,0.0001,0.01,LOW,cos_hour
TX_MON_12408,167925.0,22,1.29,0,Legitimate,LEGITIMATE,0.0,0.0,LOW,log_amount
TX_MON_12409,129764.0,12,362.55,1,Fraud,FRAUD,0.9961,99.61,HIGH,V14
TX_MON_12410,65450.0,18,15.0,0,Legitimate,LEGITIMATE,0.0001,0.01,LOW,cos_hour
TX_MON_12411,159307.0,20,4.49,0,Legitimate,LEGITIMATE,0.0005,0.05,LOW,V1
TX_MON_12412,112566.0,7,16.0,0,Legitimate,LEGITIMATE,0.0001,0.01,LOW,cos_hour
TX_MON_12413,121298.0,9,0.76,0,Legitimate,LEGITIMATE,0.0001,0.01,LOW,log_amount
TX_MON_12414,156312.0,19,500.0,0,Legitimate,LEGITIMATE,0.0003,0.03,LOW,Amount
TX_MON_12415,115600.0,8,29.24,0,Legitimate,LEGITIMATE,0.0001,0.01,LOW,V5
TX_MON_12416,8878.0,2,1.0,1,Fraud,FRAUD,0.9978,99.78,HIGH,V14
TX_MON_12417,141284.0,15,104.9,0,Legitimate,LEGITIMATE,0.0004,0.04,LOW,sin_hour
TX_MON_12418,159137.0,20,0.76,0,Legitimate,LEGITIMATE,0.0056,0.56,LOW,V14
TX_MON_12419,125395.0,10,110.92,0,Legitimate,LEGITIMATE,0.0035,0.35,LOW,V1
TX_MON_12420,64690.0,17,146.35,0,Legitimate,LEGITIMATE,0.0001,0.01,LOW,cos_hour
TX_MON_12421,116869.0,8,1.0,0,Legitimate,LEGITIMATE,0.0003,0.03,LOW,log_amount
TX_MON_12422,128737.0,11,73.8,0,Legitimate,LEGITIMATE,0.0,0.0,LOW,V20
TX_MON_12423,94514.0,2,31.85,0,Legitimate,LEGITIMATE,0.002,0.2,LOW,V12
TX_MON_12424,161154.0,20,0.38,1,Fraud,FRAUD,0.9983,99.83,HIGH,V14
TX_MON_12425,69129.0,19,40.0,0,Legitimate,LEGITIMATE,0.0001,0.01,LOW,cos_hour
TX_MON_12426,32745.0,9,717.15,1,Fraud,FRAUD,0.9783,97.83,HIGH,V14
TX_MON_12427,54833.0,15,36.75,0,Legitimate,LEGITIMATE,0.0053,0.53,LOW,sin_hour
TX_MON_12428,171619.0,23,25.0,0,Legitimate,LEGITIMATE,0.0,0.0,LOW,sin_hour
TX_MON_12429,92092.0,1,18.0,1,Fraud,FRAUD,0.9494,94.94,HIGH,V14
TX_MON_12430,165132.0,21,12.31,1,Fraud,FRAUD,0.7767,77.67,HIGH,V4
TX_MON_12431,64093.0,17,294.9,1,Fraud,FRAUD,0.9991,99.91,HIGH,V14
TX_MON_12432,42725.0,11,60.0,0,Legitimate,LEGITIMATE,0.0002,0.02,LOW,V1
TX_MON_12433,139547.0,14,0.99,0,Legitimate,LEGITIMATE,0.0001,0.01,LOW,sin_hour
TX_MON_12434,72327.0,20,238.9,1,Fraud,FRAUD,0.9981,99.81,HIGH,V14
TX_MON_12435,85832.0,23,1.98,0,Legitimate,LEGITIMATE,0.0001,0.01,LOW,sin_hour
TX_MON_12436,72237.0,20,1.66,0,Legitimate,LEGITIMATE,0.0035,0.35,LOW,log_amount
TX_MON_12437,119067.0,9,40.95,0,Legitimate,LEGITIMATE,0.0,0.0,LOW,V26
TX_MON_12438,161236.0,20,0.89,0,Legitimate,LEGITIMATE,0.0005,0.05,LOW,sin_hour
TX_MON_12439,80531.0,22,1.79,0,Legitimate,LEGITIMATE,0.0005,0.05,LOW,V14
TX_MON_12440,20780.0,5,11.85,0,Legitimate,LEGITIMATE,0.0003,0.03,LOW,cos_hour
TX_MON_12441,51023.0,14,4.9,0,Legitimate,LEGITIMATE,0.0005,0.05,LOW,sin_hour
TX_MON_12442,101365.0,4,72.85,0,Legitimate,LEGITIMATE,0.0001,0.01,LOW,cos_hour
TX_MON_12443,122257.0,9,17.98,0,Legitimate,LEGITIMATE,0.0,0.0,LOW,V23
TX_MON_12444,83665.0,23,49.0,0,Legitimate,LEGITIMATE,0.0001,0.01,LOW,V4
TX_MON_12445,151854.0,18,4.79,0,Legitimate,LEGITIMATE,0.001,0.1,LOW,cos_hour
TX_MON_12446,128425.0,11,14.31,0,Legitimate,LEGITIMATE,0.0002,0.02,LOW,sin_hour
TX_MON_12447,80193.0,22,32.75,0,Legitimate,LEGITIMATE,0.0296,2.96,LOW,V1
TX_MON_12448,134477.0,13,109.78,0,Legitimate,LEGITIMATE,0.0,0.0,LOW,sin_hour
TX_MON_12449,154702.0,18,320.0,0,Legitimate,LEGITIMATE,0.0002,0.02,LOW,cos_hour
TX_MON_12450,166044.0,22,1.98,0,Legitimate,LEGITIMATE,0.0005,0.05,LOW,sin_hour
TX_MON_12451,28862.0,8,99.99,0,Legitimate,LEGITIMATE,0.0001,0.01,LOW,V1
TX_MON_12452,64956.0,18,12.0,0,Legitimate,LEGITIMATE,0.0,0.0,LOW,cos_hour
TX_MON_12453,63063.0,17,31.32,0,Legitimate,LEGITIMATE,0.0,0.0,LOW,cos_hour
TX_MON_12454,128285.0,11,9.57,0,Legitimate,LEGITIMATE,0.0001,0.01,LOW,V1
TX_MON_12455,144486.0,16,28.98,0,Legitimate,LEGITIMATE,0.0,0.0,LOW,V9
TX_MON_12456,49199.0,13,1.0,0,Legitimate,LEGITIMATE,0.0005,0.05,LOW,sin_hour
TX_MON_12457,67392.0,18,20.0,0,Legitimate,LEGITIMATE,0.0029,0.29,LOW,cos_hour
TX_MON_12458,67433.0,18,4.8,0,Legitimate,LEGITIMATE,0.0001,0.01,LOW,cos_hour
TX_MON_12459,143176.0,15,2.28,0,Legitimate,LEGITIMATE,0.0002,0.02,LOW,log_amount
TX_MON_12460,132766.0,12,431.24,0,Legitimate,LEGITIMATE,0.011,1.1,LOW,Amount
TX_MON_12461,19275.0,5,2.69,0,Legitimate,LEGITIMATE,0.0164,1.64,LOW,V4
TX_MON_12462,129942.0,12,7.85,0,Legitimate,LEGITIMATE,0.0005,0.05,LOW,sin_hour
TX_MON_12463,28903.0,8,79.99,0,Legitimate,LEGITIMATE,0.0003,0.03,LOW,V19
TX_MON_12464,74755.0,20,2.69,0,Legitimate,LEGITIMATE,0.0035,0.35,LOW,V1
TX_MON_12465,165154.0,21,7.74,0,Legitimate,LEGITIMATE,0.0001,0.01,LOW,sin_hour
TX_MON_12466,95708.0,2,0.01,0,Legitimate,LEGITIMATE,0.0,0.0,LOW,V3
TX_MON_12467,120307.0,9,55.0,0,Legitimate,LEGITIMATE,0.0001,0.01,LOW,V18
TX_MON_12468,151485.0,18,33.95,0,Legitimate,LEGITIMATE,0.0002,0.02,LOW,cos_hour
TX_MON_12469,169212.0,23,77.26,0,Legitimate,LEGITIMATE,0.0,0.0,LOW,V10
TX_MON_12470,39651.0,11,156.0,0,Legitimate,LEGITIMATE,0.0007,0.07,LOW,V1
TX_MON_12471,83599.0,23,19.95,0,Legitimate,LEGITIMATE,0.0001,0.01,LOW,sin_hour
TX_MON_12472,130652.0,12,1.0,0,Legitimate,LEGITIMATE,0.0001,0.01,LOW,sin_hour
TX_MON_12473,168662.0,22,2.58,0,Legitimate,LEGITIMATE,0.0023,0.23,LOW,sin_hour
TX_MON_12474,80118.0,22,99.75,0,Legitimate,LEGITIMATE,0.0002,0.02,LOW,sin_hour
TX_MON_12475,51445.0,14,30.43,0,Legitimate,LEGITIMATE,0.0001,0.01,LOW,sin_hour
TX_MON_12476,64742.0,17,1.98,0,Legitimate,LEGITIMATE,0.0005,0.05,LOW,cos_hour
TX_MON_12477,151511.0,18,20.0,0,Legitimate,LEGITIMATE,0.0001,0.01,LOW,cos_hour
TX_MON_12478,125326.0,10,254.78,0,Legitimate,LEGITIMATE,0.0009,0.09,LOW,V20
TX_MON_12479,153677.0,18,39.99,0,Legitimate,LEGITIMATE,0.0001,0.01,LOW,cos_hour
TX_MON_12480,72975.0,20,0.76,0,Legitimate,LEGITIMATE,0.0047,0.47,LOW,V1
TX_MON_12481,134766.0,13,1.0,1,Fraud,FRAUD,0.9984,99.84,HIGH,V14
TX_MON_12482,116046.0,8,96.0,0,Legitimate,LEGITIMATE,0.0,0.0,LOW,V11
TX_MON_12483,41203.0,11,88.23,1,Fraud,FRAUD,0.9975,99.75,HIGH,V14
TX_MON_12484,66306.0,18,6.51,0,Legitimate,LEGITIMATE,0.0009,0.09,LOW,cos_hour
TX_MON_12485,61708.0,17,2.69,0,Legitimate,LEGITIMATE,0.0006,0.06,LOW,cos_hour
TX_MON_12486,36598.0,10,242.0,0,Legitimate,LEGITIMATE,0.0018,0.18,LOW,V1
TX_MON_12487,27617.0,7,25.77,0,Legitimate,LEGITIMATE,0.0003,0.03,LOW,cos_hour
TX_MON_12488,97745.0,3,4.9,0,Legitimate,LEGITIMATE,0.0003,0.03,LOW,V11
TX_MON_12489,50537.0,14,52.0,0,Legitimate,LEGITIMATE,0.0016,0.16,LOW,V20
TX_MON_12490,154557.0,18,18.49,0,Legitimate,LEGITIMATE,0.0001,0.01,LOW,cos_hour
TX_MON_12491,65392.0,18,42.0,0,Legitimate,LEGITIMATE,0.0004,0.04,LOW,cos_hour
TX_MON_12492,67466.0,18,3.7,0,Legitimate,LEGITIMATE,0.0035,0.35,LOW,cos_hour
TX_MON_12493,38205.0,10,182.8,0,Legitimate,LEGITIMATE,0.0013,0.13,LOW,V4
TX_MON_12494,68704.0,19,119.0,0,Legitimate,LEGITIMATE,0.0034,0.34,LOW,cos_hour
TX_MON_12495,62049.0,17,328.4,0,Legitimate,LEGITIMATE,0.0083,0.83,LOW,V1
TX_MON_12496,120743.0,9,44.12,0,Legitimate,LEGITIMATE,0.0044,0.44,LOW,V14
TX_MON_12497,48606.0,13,15.13,0,Legitimate,LEGITIMATE,0.0016,0.16,LOW,V4
TX_MON_12498,69743.0,19,6.25,0,Legitimate,LEGITIMATE,0.0023,0.23,LOW,V1
TX_MON_12499,57351.0,15,8.0,0,Legitimate,LEGITIMATE,0.0002,0.02,LOW,V21
TX_MON_12500,35834.0,9,39.8,0,Legitimate,LEGITIMATE,0.0001,0.01,LOW,V20
TX_MON_12501,135526.0,13,32.9,0,Legitimate,LEGITIMATE,0.0003,0.03,LOW,sin_hour
TX_MON_12502,147640.0,17,80.96,0,Legitimate,LEGITIMATE,0.0002,0.02,LOW,V4
TX_MON_12503,121102.0,9,34.99,0,Legitimate,LEGITIMATE,0.0002,0.02,LOW,V25
TX_MON_12504,148187.0,17,142.2,0,Legitimate,LEGITIMATE,0.0002,0.02,LOW,cos_hour
TX_MON_12505,52943.0,14,34.95,0,Legitimate,LEGITIMATE,0.0003,0.03,LOW,sin_hour
TX_MON_12506,105518.0,5,80.55,0,Legitimate,LEGITIMATE,0.0002,0.02,LOW,cos_hour
TX_MON_12507,128980.0,11,49.99,0,Legitimate,LEGITIMATE,0.0003,0.03,LOW,sin_hour
TX_MON_12508,138575.0,14,29.64,0,Legitimate,LEGITIMATE,0.0001,0.01,LOW,sin_hour
TX_MON_12509,154309.0,18,1096.99,1,Fraud,LEGITIMATE,0.0002,0.02,LOW,Amount
TX_MON_12510,61275.0,17,250.8,0,Legitimate,LEGITIMATE,0.0008,0.08,LOW,V1
TX_MON_12511,132688.0,12,1.0,1,Fraud,FRAUD,0.9867,98.67,HIGH,V14
TX_MON_12512,97761.0,3,0.84,0,Legitimate,LEGITIMATE,0.0009,0.09,LOW,V12
TX_MON_12513,70536.0,19,824.83,1,Fraud,FRAUD,0.9972,99.72,HIGH,V14
TX_MON_12514,72761.0,20,1318.14,0,Legitimate,LEGITIMATE,0.0018,0.18,LOW,Amount
TX_MON_12515,76049.0,21,299.59,0,Legitimate,LEGITIMATE,0.001,0.1,LOW,V1
TX_MON_12516,73094.0,20,2.69,0,Legitimate,LEGITIMATE,0.001,0.1,LOW,V1
TX_MON_12517,148074.0,17,0.0,1,Fraud,FRAUD,0.9902,99.02,HIGH,V14
TX_MON_12518,64258.0,17,12.31,0,Legitimate,LEGITIMATE,0.0031,0.31,LOW,cos_hour
TX_MON_12519,32686.0,9,0.0,1,Fraud,FRAUD,0.9961,99.61,HIGH,V14
TX_MON_12520,87758.0,0,1.0,0,Legitimate,LEGITIMATE,0.0,0.0,LOW,sin_hour
TX_MON_12521,28854.0,8,17.08,0,Legitimate,LEGITIMATE,0.0024,0.24,LOW,V28
TX_MON_12522,139808.0,14,1.0,0,Legitimate,LEGITIMATE,0.0001,0.01,LOW,sin_hour
TX_MON_12523,5349.0,1,19.99,0,Legitimate,LEGITIMATE,0.0002,0.02,LOW,V12
TX_MON_12524,974.0,0,8.49,0,Legitimate,LEGITIMATE,0.0,0.0,LOW,V1
TX_MON_12525,64852.0,18,10.0,0,Legitimate,LEGITIMATE,0.0013,0.13,LOW,V26
TX_MON_12526,154011.0,18,0.99,0,Legitimate,LEGITIMATE,0.0001,0.01,LOW,cos_hour
TX_MON_12527,122748.0,10,99.99,0,Legitimate,LEGITIMATE,0.0002,0.02,LOW,V23
TX_MON_12528,28692.0,7,99.99,1,Fraud,FRAUD,0.9977,99.77,HIGH,V14
TX_MON_12529,109431.0,6,11.66,0,Legitimate,LEGITIMATE,0.0004,0.04,LOW,cos_hour
TX_MON_12530,151644.0,18,24.74,0,Legitimate,LEGITIMATE,0.0003,0.03,LOW,cos_hour
TX_MON_12531,153679.0,18,151.4,0,Legitimate,LEGITIMATE,0.0001,0.01,LOW,cos_hour
TX_MON_12532,114686.0,7,0.0,0,Legitimate,LEGITIMATE,0.0037,0.37,LOW,V4
TX_MON_12533,11138.0,3,95.0,0,Legitimate,LEGITIMATE,0.0006,0.06,LOW,V12
TX_MON_12534,113892.0,7,1.98,0,Legitimate,LEGITIMATE,0.0006,0.06,LOW,V1
TX_MON_12535,154528.0,18,19.61,0,Legitimate,LEGITIMATE,0.0001,0.01,LOW,cos_hour
TX_MON_12536,159385.0,20,79.2,0,Legitimate,LEGITIMATE,0.0002,0.02,LOW,V1
TX_MON_12537,128301.0,11,7.95,0,Legitimate,LEGITIMATE,0.0008,0.08,LOW,V18
TX_MON_12538,169154.0,22,1.0,0,Legitimate,LEGITIMATE,0.001,0.1,LOW,V14
TX_MON_12539,158314.0,19,5.35,0,Legitimate,LEGITIMATE,0.0001,0.01,LOW,V1
TX_MON_12540,152058.0,18,1.0,1,Fraud,FRAUD,0.9991,99.91,HIGH,V14
TX_MON_12541,142961.0,15,0.0,1,Fraud,FRAUD,0.9323,93.23,HIGH,V4
TX_MON_12542,141133.0,15,266.85,0,Legitimate,LEGITIMATE,0.0002,0.02,LOW,sin_hour
TX_MON_12543,64267.0,17,10.99,0,Legitimate,LEGITIMATE,0.0007,0.07,LOW,cos_hour
TX_MON_12544,40086.0,11,1.0,1,Fraud,FRAUD,0.9929,99.29,HIGH,V14
TX_MON_12545,62791.0,17,11.5,0,Legitimate,LEGITIMATE,0.0013,0.13,LOW,cos_hour
TX_MON_12546,50404.0,14,0.9,0,Legitimate,LEGITIMATE,0.0024,0.24,LOW,V4
TX_MON_12547,160816.0,20,14.11,0,Legitimate,LEGITIMATE,0.005,0.5,LOW,sin_hour
TX_MON_12548,58768.0,16,16.99,0,Legitimate,LEGITIMATE,0.0005,0.05,LOW,V1
TX_MON_12549,64221.0,17,26.6,0,Legitimate,LEGITIMATE,0.0006,0.06,LOW,cos_hour
TX_MON_12550,58233.0,16,42.0,0,Legitimate,LEGITIMATE,0.0002,0.02,LOW,V20
TX_MON_12551,80189.0,22,6.85,0,Legitimate,LEGITIMATE,0.0002,0.02,LOW,sin_hour
TX_MON_12552,123593.0,10,246.33,0,Legitimate,LEGITIMATE,0.0002,0.02,LOW,V23
TX_MON_12553,129757.0,12,44.99,0,Legitimate,LEGITIMATE,0.0,0.0,LOW,sin_hour
TX_MON_12554,147979.0,17,29.77,0,Legitimate,LEGITIMATE,0.0087,0.87,LOW,V20
TX_MON_12555,160068.0,20,635.8,0,Legitimate,LEGITIMATE,0.0115,1.15,LOW,Amount
TX_MON_12556,65380.0,18,5.9,0,Legitimate,LEGITIMATE,0.0005,0.05,LOW,cos_hour
TX_MON_12557,133051.0,12,237.28,0,Legitimate,LEGITIMATE,0.0001,0.01,LOW,sin_hour
TX_MON_12558,81048.0,22,39.45,0,Legitimate,LEGITIMATE,0.0003,0.03,LOW,sin_hour
TX_MON_12559,759.0,0,15.0,0,Legitimate,LEGITIMATE,0.0001,0.01,LOW,sin_hour
TX_MON_12560,118371.0,8,312.0,0,Legitimate,LEGITIMATE,0.0004,0.04,LOW,Amount
TX_MON_12561,142508.0,15,32.59,0,Legitimate,LEGITIMATE,0.0001,0.01,LOW,V1
TX_MON_12562,166497.0,22,4.49,0,Legitimate,LEGITIMATE,0.0003,0.03,LOW,sin_hour
TX_MON_12563,44954.0,12,188.34,0,Legitimate,LEGITIMATE,0.0009,0.09,LOW,V1
TX_MON_12564,34404.0,9,129.21,0,Legitimate,LEGITIMATE,0.0009,0.09,LOW,V6
TX_MON_12565,166028.0,22,39.9,1,Fraud,FRAUD,0.9595,95.95,HIGH,V14
TX_MON_12566,54528.0,15,64.0,0,Legitimate,LEGITIMATE,0.0004,0.04,LOW,sin_hour
TX_MON_12567,67200.0,18,54.8,0,Legitimate,LEGITIMATE,0.0,0.0,LOW,cos_hour
TX_MON_12568,53076.0,14,1.18,1,Fraud,LEGITIMATE,0.0012,0.12,LOW,log_amount
TX_MON_12569,153872.0,18,0.01,0,Legitimate,LEGITIMATE,0.0,0.0,LOW,cos_hour
TX_MON_12570,135112.0,13,1.0,0,Legitimate,LEGITIMATE,0.0002,0.02,LOW,sin_hour
TX_MON_12571,163648.0,21,1.0,0,Legitimate,LEGITIMATE,0.0001,0.01,LOW,sin_hour
TX_MON_12572,29536.0,8,274.6,0,Legitimate,LEGITIMATE,0.0002,0.02,LOW,Amount
TX_MON_12573,130388.0,12,1286.6,0,Legitimate,LEGITIMATE,0.0002,0.02,LOW,V4
TX_MON_12574,137616.0,14,0.76,0,Legitimate,LEGITIMATE,0.0032,0.32,LOW,V14
TX_MON_12575,139422.0,14,11.5,0,Legitimate,LEGITIMATE,0.0003,0.03,LOW,sin_hour
TX_MON_12576,63367.0,17,32.7,0,Legitimate,LEGITIMATE,0.0056,0.56,LOW,V4
TX_MON_12577,864.0,0,188.0,0,Legitimate,LEGITIMATE,0.0013,0.13,LOW,V1
TX_MON_12578,88679.0,0,39.65,0,Legitimate,LEGITIMATE,0.0014,0.14,LOW,V4
TX_MON_12579,86683.0,0,0.76,0,Legitimate,LEGITIMATE,0.0003,0.03,LOW,sin_hour
TX_MON_12580,118404.0,8,114.0,0,Legitimate,LEGITIMATE,0.0001,0.01,LOW,V18
TX_MON_12581,153614.0,18,2.0,0,Legitimate,LEGITIMATE,0.0004,0.04,LOW,cos_hour
TX_MON_12582,704.0,0,1.29,0,Legitimate,LEGITIMATE,0.002,0.2,LOW,V17
TX_MON_12583,75280.0,20,140.72,0,Legitimate,LEGITIMATE,0.0003,0.03,LOW,sin_hour
TX_MON_12584,134879.0,13,16.92,0,Legitimate,LEGITIMATE,0.0002,0.02,LOW,sin_hour
TX_MON_12585,36250.0,10,131.99,0,Legitimate,LEGITIMATE,0.0017,0.17,LOW,V1
TX_MON_12586,55663.0,15,6.18,0,Legitimate,LEGITIMATE,0.0001,0.01,LOW,V12
TX_MON_12587,159378.0,20,19.99,0,Legitimate,LEGITIMATE,0.0019,0.19,LOW,V1
TX_MON_12588,723.0,0,131.95,0,Legitimate,LEGITIMATE,0.0001,0.01,LOW,sin_hour
TX_MON_12589,151687.0,18,35.0,0,Legitimate,LEGITIMATE,0.0001,0.01,LOW,cos_hour
TX_MON_12590,131467.0,12,20.49,0,Legitimate,LEGITIMATE,0.0,0.0,LOW,sin_hour
TX_MON_12591,71008.0,19,15.99,0,Legitimate,LEGITIMATE,0.0016,0.16,LOW,V4
TX_MON_12592,136259.0,13,1.0,0,Legitimate,LEGITIMATE,0.0006,0.06,LOW,sin_hour
TX_MON_12593,140120.0,14,146.48,0,Legitimate,LEGITIMATE,0.0001,0.01,LOW,sin_hour
TX_MON_12594,44136.0,12,435.7,0,Legitimate,LEGITIMATE,0.0003,0.03,LOW,Amount
TX_MON_12595,139725.0,14,23.41,0,Legitimate,LEGITIMATE,0.0004,0.04,LOW,sin_hour
TX_MON_12596,152638.0,18,4.99,0,Legitimate,LEGITIMATE,0.0005,0.05,LOW,cos_hour
TX_MON_12597,32648.0,9,33.0,0,Legitimate,LEGITIMATE,0.0012,0.12,LOW,V8
TX_MON_12598,151916.0,18,0.01,1,Fraud,FRAUD,0.9991,99.91,HIGH,V14
TX_MON_12599,41243.0,11,45.49,1,Fraud,FRAUD,0.9972,99.72,HIGH,V14
TX_MON_12600,49063.0,13,60.78,0,Legitimate,LEGITIMATE,0.0,0.0,LOW,sin_hour
TX_MON_12601,58504.0,16,15.66,0,Legitimate,LEGITIMATE,0.0004,0.04,LOW,V4
TX_MON_12602,33067.0,9,7.3,0,Legitimate,LEGITIMATE,0.0001,0.01,LOW,V6
TX_MON_12603,81196.0,22,13.1,0,Legitimate,LEGITIMATE,0.0043,0.43,LOW,V14
TX_MON_12604,121795.0,9,4.49,0,Legitimate,LEGITIMATE,0.001,0.1,LOW,log_amount
TX_MON_12605,60458.0,16,15.0,0,Legitimate,LEGITIMATE,0.0002,0.02,LOW,V11
TX_MON_12606,83106.0,23,0.76,0,Legitimate,LEGITIMATE,0.0559,5.59,LOW,sin_hour
TX_MON_12607,55606.0,15,1.0,0,Legitimate,LEGITIMATE,0.0005,0.05,LOW,log_amount
TX_MON_12608,71295.0,19,7.07,0,Legitimate,LEGITIMATE,0.0056,0.56,LOW,V4
TX_MON_12609,65342.0,18,10.0,0,Legitimate,LEGITIMATE,0.0002,0.02,LOW,cos_hour
TX_MON_12610,146022.0,16,1.18,1,Fraud,FRAUD,0.9988,99.88,HIGH,V14
TX_MON_12611,164164.0,21,1.29,0,Legitimate,LEGITIMATE,0.0008,0.08,LOW,V11
TX_MON_12612,138287.0,14,13.99,0,Legitimate,LEGITIMATE,0.0006,0.06,LOW,sin_hour
TX_MON_12613,161634.0,20,1.62,0,Legitimate,LEGITIMATE,0.0001,0.01,LOW,log_amount
TX_MON_12614,84100.0,23,10.0,0,Legitimate,LEGITIMATE,0.0015,0.15,LOW,sin_hour
TX_MON_12615,34647.0,9,8.49,0,Legitimate,LEGITIMATE,0.0002,0.02,LOW,V25
TX_MON_12616,43576.0,12,30.0,0,Legitimate,LEGITIMATE,0.0003,0.03,LOW,sin_hour
TX_MON_12617,121076.0,9,7.0,0,Legitimate,LEGITIMATE,0.0004,0.04,LOW,V8
TX_MON_12618,128742.0,11,0.0,0,Legitimate,LEGITIMATE,0.0028,0.28,LOW,V4
TX_MON_12619,158922.0,20,89.6,0,Legitimate,LEGITIMATE,0.0003,0.03,LOW,cos_hour
TX_MON_12620,160665.0,20,0.77,1,Fraud,FRAUD,0.9958,99.58,HIGH,V14
TX_MON_12621,54988.0,15,43.95,0,Legitimate,LEGITIMATE,0.0001,0.01,LOW,V8
TX_MON_12622,151060.0,17,1.98,0,Legitimate,LEGITIMATE,0.0,0.0,LOW,cos_hour
TX_MON_12623,112376.0,7,1.0,0,Legitimate,LEGITIMATE,0.0001,0.01,LOW,cos_hour
TX_MON_12624,12.0,0,12.99,0,Legitimate,LEGITIMATE,0.0014,0.14,LOW,sin_hour
TX_MON_12625,136454.0,13,49.5,0,Legitimate,LEGITIMATE,0.0023,0.23,LOW,V1
TX_MON_12626,161670.0,20,61.29,0,Legitimate,LEGITIMATE,0.0003,0.03,LOW,V23
TX_MON_12627,163237.0,21,2.69,0,Legitimate,LEGITIMATE,0.0005,0.05,LOW,V22
TX_MON_12628,50247.0,13,294.44,0,Legitimate,LEGITIMATE,0.0031,0.31,LOW,V20
TX_MON_12629,155228.0,19,0.92,0,Legitimate,LEGITIMATE,0.0,0.0,LOW,cos_hour
TX_MON_12630,47928.0,13,102.0,0,Legitimate,LEGITIMATE,0.0006,0.06,LOW,sin_hour
TX_MON_12631,23273.0,6,1.78,0,Legitimate,LEGITIMATE,0.0009,0.09,LOW,cos_hour
TX_MON_12632,61928.0,17,1.0,0,Legitimate,LEGITIMATE,0.0001,0.01,LOW,cos_hour
TX_MON_12633,131523.0,12,1.98,0,Legitimate,LEGITIMATE,0.0001,0.01,LOW,log_amount
TX_MON_12634,50675.0,14,2.99,0,Legitimate,LEGITIMATE,0.0035,0.35,LOW,V1
TX_MON_12635,136974.0,14,59.9,0,Legitimate,LEGITIMATE,0.0014,0.14,LOW,sin_hour
TX_MON_12636,164627.0,21,1.98,0,Legitimate,LEGITIMATE,0.002,0.2,LOW,log_amount
TX_MON_12637,142394.0,15,320.01,1,Fraud,FRAUD,0.9984,99.84,HIGH,V14
TX_MON_12638,86868.0,0,5.0,0,Legitimate,LEGITIMATE,0.0001,0.01,LOW,sin_hour
TX_MON_12639,110184.0,6,20.0,0,Legitimate,LEGITIMATE,0.0,0.0,LOW,cos_hour
TX_MON_12640,129873.0,12,25.0,0,Legitimate,LEGITIMATE,0.0001,0.01,LOW,sin_hour
TX_MON_12641,48550.0,13,41.5,0,Legitimate,LEGITIMATE,0.0004,0.04,LOW,sin_hour
TX_MON_12642,75473.0,20,9.56,0,Legitimate,LEGITIMATE,0.0002,0.02,LOW,V1
TX_MON_12643,34684.0,9,125.3,1,Fraud,FRAUD,0.9982,99.82,HIGH,V14
TX_MON_12644,170764.0,23,8.93,0,Legitimate,LEGITIMATE,0.0,0.0,LOW,V3
TX_MON_12645,81522.0,22,34.61,0,Legitimate,LEGITIMATE,0.0013,0.13,LOW,sin_hour
TX_MON_12646,155352.0,19,1.18,0,Legitimate,LEGITIMATE,0.0002,0.02,LOW,cos_hour
TX_MON_12647,147915.0,17,108.0,0,Legitimate,LEGITIMATE,0.0001,0.01,LOW,cos_hour
TX_MON_12648,39932.0,11,15.0,0,Legitimate,LEGITIMATE,0.0001,0.01,LOW,V1
TX_MON_12649,141351.0,15,20.51,0,Legitimate,LEGITIMATE,0.0001,0.01,LOW,sin_hour
TX_MON_12650,52878.0,14,129.94,0,Legitimate,LEGITIMATE,0.0001,0.01,LOW,sin_hour
TX_MON_12651,146095.0,16,59.93,0,Legitimate,LEGITIMATE,0.0003,0.03,LOW,V22
TX_MON_12652,77014.0,21,35.75,0,Legitimate,LEGITIMATE,0.0,0.0,LOW,sin_hour
TX_MON_12653,21555.0,5,34.0,0,Legitimate,LEGITIMATE,0.0002,0.02,LOW,V12
TX_MON_12654,148952.0,17,78.0,0,Legitimate,LEGITIMATE,0.0004,0.04,LOW,cos_hour
TX_MON_12655,74159.0,20,76.94,1,Fraud,FRAUD,0.9906,99.06,HIGH,V14
TX_MON_12656,81107.0,22,14.47,0,Legitimate,LEGITIMATE,0.0003,0.03,LOW,sin_hour
TX_MON_12657,40737.0,11,144.28,0,Legitimate,LEGITIMATE,0.0029,0.29,LOW,V1
TX_MON_12658,156875.0,19,10.0,0,Legitimate,LEGITIMATE,0.0002,0.02,LOW,cos_hour
TX_MON_12659,74642.0,20,6.0,0,Legitimate,LEGITIMATE,0.0002,0.02,LOW,sin_hour
TX_MON_12660,141145.0,15,1116.43,0,Legitimate,LEGITIMATE,0.0003,0.03,LOW,Amount
TX_MON_12661,49985.0,13,360.0,1,Fraud,FRAUD,0.9925,99.25,HIGH,V14
TX_MON_12662,46657.0,12,168.0,0,Legitimate,LEGITIMATE,0.001,0.1,LOW,sin_hour
TX_MON_12663,36941.0,10,209.03,0,Legitimate,LEGITIMATE,0.0004,0.04,LOW,V8
TX_MON_12664,75588.0,20,13.99,0,Legitimate,LEGITIMATE,0.0005,0.05,LOW,sin_hour
TX_MON_12665,159176.0,20,1.98,0,Legitimate,LEGITIMATE,0.0001,0.01,LOW,log_amount
TX_MON_12666,78533.0,21,8.99,0,Legitimate,LEGITIMATE,0.0004,0.04,LOW,sin_hour
TX_MON_12667,70053.0,19,0.12,0,Legitimate,LEGITIMATE,0.0003,0.03,LOW,cos_hour
TX_MON_12668,43605.0,12,354.98,0,Legitimate,LEGITIMATE,0.0007,0.07,LOW,V1
TX_MON_12669,76536.0,21,3.98,0,Legitimate,LEGITIMATE,0.004,0.4,LOW,sin_hour
TX_MON_12670,98573.0,3,287.38,0,Legitimate,LEGITIMATE,0.0122,1.22,LOW,V4
TX_MON_12671,65669.0,18,173.2,0,Legitimate,LEGITIMATE,0.0014,0.14,LOW,V4
TX_MON_12672,139509.0,14,101.99,0,Legitimate,LEGITIMATE,0.0001,0.01,LOW,V20
TX_MON_12673,76976.0,21,125.29,0,Legitimate,LEGITIMATE,0.0003,0.03,LOW,sin_hour
TX_MON_12674,120773.0,9,297.84,0,Legitimate,LEGITIMATE,0.0001,0.01,LOW,Amount
TX_MON_12675,139626.0,14,18.96,0,Legitimate,LEGITIMATE,0.0001,0.01,LOW,sin_hour
TX_MON_12676,144804.0,16,0.93,0,Legitimate,LEGITIMATE,0.0004,0.04,LOW,V1
TX_MON_12677,36896.0,10,1.46,0,Legitimate,LEGITIMATE,0.0002,0.02,LOW,log_amount
TX_MON_12678,123238.0,10,23.92,0,Legitimate,LEGITIMATE,0.0001,0.01,LOW,V3
TX_MON_12679,75023.0,20,0.12,0,Legitimate,LEGITIMATE,0.0012,0.12,LOW,log_amount
TX_MON_12680,122730.0,10,54.8,0,Legitimate,LEGITIMATE,0.0003,0.03,LOW,V22
TX_MON_12681,17230.0,4,3.93,1,Fraud,FRAUD,0.9258,92.58,HIGH,V4
TX_MON_12682,101964.0,4,366.77,0,Legitimate,LEGITIMATE,0.0004,0.04,LOW,Amount
TX_MON_12683,133076.0,12,0.89,0,Legitimate,LEGITIMATE,0.0006,0.06,LOW,sin_hour
TX_MON_12684,41830.0,11,79.0,0,Legitimate,LEGITIMATE,0.0001,0.01,LOW,V16
TX_MON_12685,75978.0,21,99.9,1,Fraud,FRAUD,0.9976,99.76,HIGH,V14
TX_MON_12686,67411.0,18,100.69,0,Legitimate,LEGITIMATE,0.0003,0.03,LOW,cos_hour
TX_MON_12687,135924.0,13,232.67,0,Legitimate,LEGITIMATE,0.0003,0.03,LOW,sin_hour
TX_MON_12688,157308.0,19,74.99,0,Legitimate,LEGITIMATE,0.0006,0.06,LOW,cos_hour
TX_MON_12689,78327.0,21,5.61,0,Legitimate,LEGITIMATE,0.0006,0.06,LOW,sin_hour
TX_MON_12690,79950.0,22,29.2,0,Legitimate,LEGITIMATE,0.0026,0.26,LOW,V11
TX_MON_12691,84204.0,23,512.25,1,Fraud,FRAUD,0.9967,99.67,HIGH,V14
TX_MON_12692,61098.0,16,15.0,0,Legitimate,LEGITIMATE,0.0009,0.09,LOW,V19
TX_MON_12693,168115.0,22,13.0,0,Legitimate,LEGITIMATE,0.0002,0.02,LOW,sin_hour
TX_MON_12694,130888.0,12,157.8,0,Legitimate,LEGITIMATE,0.0,0.0,LOW,sin_hour
TX_MON_12695,154028.0,18,230.48,0,Legitimate,LEGITIMATE,0.0263,2.63,LOW,cos_hour
TX_MON_12696,33572.0,9,164.99,0,Legitimate,LEGITIMATE,0.0007,0.07,LOW,V16
TX_MON_12697,155994.0,19,32.8,0,Legitimate,LEGITIMATE,0.0001,0.01,LOW,cos_hour
TX_MON_12698,34380.0,9,8.12,0,Legitimate,LEGITIMATE,0.0002,0.02,LOW,V28
TX_MON_12699,163770.0,21,7.9,0,Legitimate,LEGITIMATE,0.0,0.0,LOW,V22
TX_MON_12700,118532.0,8,105.89,1,Fraud,FRAUD,0.995,99.5,HIGH,V14
TX_MON_12701,121530.0,9,4377.98,0,Legitimate,LEGITIMATE,0.0002,0.02,LOW,V10
TX_MON_12702,116994.0,8,29.02,0,Legitimate,LEGITIMATE,0.0,0.0,LOW,V25
TX_MON_12703,57531.0,15,134.9,0,Legitimate,LEGITIMATE,0.0,0.0,LOW,V28
TX_MON_12704,125703.0,10,198.0,0,Legitimate,LEGITIMATE,0.0004,0.04,LOW,V28
TX_MON_12705,73564.0,20,117.28,0,Legitimate,LEGITIMATE,0.043,4.3,LOW,V4
TX_MON_12706,117451.0,8,200.0,0,Legitimate,LEGITIMATE,0.0004,0.04,LOW,V8
TX_MON_12707,164467.0,21,1.98,0,Legitimate,LEGITIMATE,0.0001,0.01,LOW,log_amount
TX_MON_12708,63567.0,17,18.95,0,Legitimate,LEGITIMATE,0.0,0.0,LOW,cos_hour
TX_MON_12709,138014.0,14,499.72,0,Legitimate,LEGITIMATE,0.0003,0.03,LOW,Amount
TX_MON_12710,123590.0,10,241.09,0,Legitimate,LEGITIMATE,0.0001,0.01,LOW,V23
TX_MON_12711,71409.0,19,234.0,0,Legitimate,LEGITIMATE,0.0003,0.03,LOW,cos_hour
TX_MON_12712,48723.0,13,5.99,0,Legitimate,LEGITIMATE,0.0023,0.23,LOW,sin_hour
TX_MON_12713,118469.0,8,99.0,0,Legitimate,LEGITIMATE,0.0,0.0,LOW,V17
TX_MON_12714,73351.0,20,28.9,0,Legitimate,LEGITIMATE,0.0002,0.02,LOW,V16
TX_MON_12715,165639.0,22,184.5,0,Legitimate,LEGITIMATE,0.0,0.0,LOW,sin_hour
TX_MON_12716,62588.0,17,8.99,0,Legitimate,LEGITIMATE,0.0001,0.01,LOW,cos_hour
TX_MON_12717,54036.0,15,41.72,0,Legitimate,LEGITIMATE,0.004,0.4,LOW,sin_hour
TX_MON_12718,38861.0,10,1.56,0,Legitimate,LEGITIMATE,0.0188,1.88,LOW,V4
TX_MON_12719,140378.0,14,2.88,0,Legitimate,LEGITIMATE,0.0003,0.03,LOW,log_amount
TX_MON_12720,11849.0,3,14.7,0,Legitimate,LEGITIMATE,0.0005,0.05,LOW,V6
TX_MON_12721,39942.0,11,72.93,0,Legitimate,LEGITIMATE,0.0001,0.01,LOW,V23
TX_MON_12722,76529.0,21,1.0,0,Legitimate,LEGITIMATE,0.0005,0.05,LOW,sin_hour
TX_MON_12723,144322.0,16,531.76,0,Legitimate,LEGITIMATE,0.0002,0.02,LOW,Amount
TX_MON_12724,131828.0,12,120.67,0,Legitimate,LEGITIMATE,0.0046,0.46,LOW,sin_hour
TX_MON_12725,125612.0,10,3.22,1,Fraud,FRAUD,0.9472,94.72,HIGH,V14
TX_MON_12726,153437.0,18,37.95,0,Legitimate,LEGITIMATE,0.0001,0.01,LOW,cos_hour
TX_MON_12727,41341.0,11,600.0,0,Legitimate,LEGITIMATE,0.001,0.1,LOW,Amount
TX_MON_12728,61856.0,17,206.0,0,Legitimate,LEGITIMATE,0.0004,0.04,LOW,V1
TX_MON_12729,149850.0,17,101.75,0,Legitimate,LEGITIMATE,0.0003,0.03,LOW,cos_hour
TX_MON_12730,4933.0,1,79.64,0,Legitimate,LEGITIMATE,0.0001,0.01,LOW,V12
TX_MON_12731,146147.0,16,79.0,0,Legitimate,LEGITIMATE,0.0001,0.01,LOW,V28
TX_MON_12732,169296.0,23,39.99,0,Legitimate,LEGITIMATE,0.0002,0.02,LOW,sin_hour
TX_MON_12733,141000.0,15,1.5,0,Legitimate,LEGITIMATE,0.0014,0.14,LOW,log_amount
TX_MON_12734,62424.0,17,16.98,0,Legitimate,LEGITIMATE,0.0001,0.01,LOW,cos_hour
TX_MON_12735,69765.0,19,0.92,0,Legitimate,LEGITIMATE,0.0001,0.01,LOW,cos_hour
TX_MON_12736,170534.0,23,399.0,0,Legitimate,LEGITIMATE,0.0001,0.01,LOW,Amount
TX_MON_12737,155449.0,19,47.75,0,Legitimate,LEGITIMATE,0.0001,0.01,LOW,cos_hour
TX_MON_12738,136016.0,13,1.0,0,Legitimate,LEGITIMATE,0.0002,0.02,LOW,sin_hour
TX_MON_12739,122980.0,10,1.0,0,Legitimate,LEGITIMATE,0.0025,0.25,LOW,V14
TX_MON_12740,40031.0,11,88.95,0,Legitimate,LEGITIMATE,0.0128,1.28,LOW,V11
TX_MON_12741,60782.0,16,220.17,0,Legitimate,LEGITIMATE,0.0001,0.01,LOW,cos_hour
TX_MON_12742,32861.0,9,71.4,0,Legitimate,LEGITIMATE,0.0004,0.04,LOW,V28
TX_MON_12743,84467.0,23,1.0,0,Legitimate,LEGITIMATE,0.0,0.0,LOW,sin_hour
TX_MON_12744,28645.0,7,85.0,0,Legitimate,LEGITIMATE,0.0006,0.06,LOW,V8
TX_MON_12745,41170.0,11,83.38,1,Fraud,FRAUD,0.9983,99.83,HIGH,V14
TX_MON_12746,67170.0,18,10.99,0,Legitimate,LEGITIMATE,0.0006,0.06,LOW,cos_hour
TX_MON_12747,43821.0,12,3.92,0,Legitimate,LEGITIMATE,0.0024,0.24,LOW,V1
TX_MON_12748,148006.0,17,1.46,0,Legitimate,LEGITIMATE,0.0,0.0,LOW,cos_hour
TX_MON_12749,71760.0,19,74.0,0,Legitimate,LEGITIMATE,0.0001,0.01,LOW,cos_hour
TX_MON_12750,168024.0,22,13.99,0,Legitimate,LEGITIMATE,0.0,0.0,LOW,sin_hour
TX_MON_12751,119183.0,9,39.94,0,Legitimate,LEGITIMATE,0.0,0.0,LOW,V20
TX_MON_12752,114361.0,7,42.81,0,Legitimate,LEGITIMATE,0.0003,0.03,LOW,V8
TX_MON_12753,46685.0,12,292.74,0,Legitimate,LEGITIMATE,0.0001,0.01,LOW,sin_hour
TX_MON_12754,25198.0,6,99.99,1,Fraud,FRAUD,0.9937,99.37,HIGH,V14
TX_MON_12755,82945.0,23,42.0,0,Legitimate,LEGITIMATE,0.0002,0.02,LOW,sin_hour
TX_MON_12756,63730.0,17,57.5,0,Legitimate,LEGITIMATE,0.0001,0.01,LOW,cos_hour
TX_MON_12757,82861.0,23,32.04,0,Legitimate,LEGITIMATE,0.0003,0.03,LOW,sin_hour
TX_MON_12758,39937.0,11,33.48,0,Legitimate,LEGITIMATE,0.0001,0.01,LOW,V11
TX_MON_12759,67446.0,18,63.95,0,Legitimate,LEGITIMATE,0.0001,0.01,LOW,cos_hour
TX_MON_12760,138052.0,14,15.9,0,Legitimate,LEGITIMATE,0.0002,0.02,LOW,sin_hour
TX_MON_12761,72802.0,20,97.0,0,Legitimate,LEGITIMATE,0.0007,0.07,LOW,cos_hour
TX_MON_12762,17213.0,4,27.84,0,Legitimate,LEGITIMATE,0.0184,1.84,LOW,V4
TX_MON_12763,160280.0,20,24.9,0,Legitimate,LEGITIMATE,0.0018,0.18,LOW,cos_hour
TX_MON_12764,62362.0,17,74.86,0,Legitimate,LEGITIMATE,0.0002,0.02,LOW,cos_hour
TX_MON_12765,46072.0,12,56.0,0,Legitimate,LEGITIMATE,0.0001,0.01,LOW,sin_hour
TX_MON_12766,63267.0,17,3.5,0,Legitimate,LEGITIMATE,0.0049,0.49,LOW,V1
TX_MON_12767,140725.0,15,54.95,0,Legitimate,LEGITIMATE,0.0001,0.01,LOW,sin_hour
TX_MON_12768,83771.0,23,3.59,0,Legitimate,LEGITIMATE,0.0003,0.03,LOW,sin_hour
TX_MON_12769,69096.0,19,37.0,0,Legitimate,LEGITIMATE,0.0002,0.02,LOW,cos_hour
TX_MON_12770,22575.0,6,498.86,0,Legitimate,LEGITIMATE,0.0015,0.15,LOW,Amount
TX_MON_12771,37119.0,10,25.37,0,Legitimate,LEGITIMATE,0.0001,0.01,LOW,V7
TX_MON_12772,27252.0,7,99.99,1,Fraud,FRAUD,0.9978,99.78,HIGH,V14
TX_MON_12773,81615.0,22,11.97,0,Legitimate,LEGITIMATE,0.0009,0.09,LOW,V4
TX_MON_12774,46269.0,12,234.74,0,Legitimate,LEGITIMATE,0.0002,0.02,LOW,sin_hour
TX_MON_12775,58456.0,16,1.0,0,Legitimate,LEGITIMATE,0.0,0.0,LOW,log_amount
TX_MON_12776,161803.0,20,27.08,0,Legitimate,LEGITIMATE,0.0001,0.01,LOW,V23
TX_MON_12777,77357.0,21,1300.0,0,Legitimate,LEGITIMATE,0.0008,0.08,LOW,Amount
TX_MON_12778,40679.0,11,30.24,0,Legitimate,LEGITIMATE,0.0004,0.04,LOW,sin_hour
TX_MON_12779,74491.0,20,94.37,0,Legitimate,LEGITIMATE,0.0001,0.01,LOW,sin_hour
TX_MON_12780,52248.0,14,89.8,0,Legitimate,LEGITIMATE,0.0005,0.05,LOW,sin_hour
TX_MON_12781,119948.0,9,0.89,0,Legitimate,LEGITIMATE,0.0001,0.01,LOW,log_amount
TX_MON_12782,112781.0,7,43.8,0,Legitimate,LEGITIMATE,0.0055,0.55,LOW,V14
TX_MON_12783,80354.0,22,223.48,0,Legitimate,LEGITIMATE,0.0009,0.09,LOW,V4
TX_MON_12784,158384.0,19,15.88,0,Legitimate,LEGITIMATE,0.001,0.1,LOW,cos_hour
TX_MON_12785,165642.0,22,4.86,0,Legitimate,LEGITIMATE,0.0068,0.68,LOW,sin_hour
TX_MON_12786,33017.0,9,0.01,0,Legitimate,LEGITIMATE,0.0001,0.01,LOW,log_amount
TX_MON_12787,127731.0,11,10.62,0,Legitimate,LEGITIMATE,0.0051,0.51,LOW,V4
TX_MON_12788,146270.0,16,101.64,0,Legitimate,LEGITIMATE,0.0,0.0,LOW,V7
TX_MON_12789,21408.0,5,11.85,0,Legitimate,LEGITIMATE,0.0,0.0,LOW,V10
TX_MON_12790,160489.0,20,2.28,0,Legitimate,LEGITIMATE,0.0003,0.03,LOW,V1
TX_MON_12791,75880.0,21,670.07,0,Legitimate,LEGITIMATE,0.0009,0.09,LOW,Amount
TX_MON_12792,128424.0,11,114.0,0,Legitimate,LEGITIMATE,0.0,0.0,LOW,sin_hour
TX_MON_12793,145073.0,16,53.21,0,Legitimate,LEGITIMATE,0.0001,0.01,LOW,V19
TX_MON_12794,54966.0,15,25.0,0,Legitimate,LEGITIMATE,0.0002,0.02,LOW,V8
TX_MON_12795,136354.0,13,20.19,0,Legitimate,LEGITIMATE,0.0002,0.02,LOW,sin_hour
TX_MON_12796,106237.0,5,8.0,0,Legitimate,LEGITIMATE,0.0002,0.02,LOW,V20
TX_MON_12797,155359.0,19,0.77,1,Fraud,FRAUD,0.9982,99.82,HIGH,V14
TX_MON_12798,31075.0,8,44.95,0,Legitimate,LEGITIMATE,0.0005,0.05,LOW,V11
TX_MON_12799,155788.0,19,2.99,0,Legitimate,LEGITIMATE,0.0001,0.01,LOW,cos_hour
TX_MON_12800,38550.0,10,85.0,0,Legitimate,LEGITIMATE,0.0007,0.07,LOW,V1
TX_MON_12801,161324.0,20,332.25,0,Legitimate,LEGITIMATE,0.0132,1.32,LOW,Amount
TX_MON_12802,141749.0,15,60.5,0,Legitimate,LEGITIMATE,0.0001,0.01,LOW,V4
TX_MON_12803,36644.0,10,10.0,0,Legitimate,LEGITIMATE,0.0001,0.01,LOW,V20
TX_MON_12804,128618.0,11,96.75,0,Legitimate,LEGITIMATE,0.0002,0.02,LOW,V25
TX_MON_12805,169010.0,22,24.94,0,Legitimate,LEGITIMATE,0.0003,0.03,LOW,sin_hour
TX_MON_12806,59074.0,16,330.0,0,Legitimate,LEGITIMATE,0.0011,0.11,LOW,V1
TX_MON_12807,166091.0,22,4.49,0,Legitimate,LEGITIMATE,0.0003,0.03,LOW,sin_hour
TX_MON_12808,41751.0,11,292.01,0,Legitimate,LEGITIMATE,0.0003,0.03,LOW,V10
TX_MON_12809,161347.0,20,49.0,0,Legitimate,LEGITIMATE,0.0016,0.16,LOW,sin_hour
TX_MON_12810,67659.0,18,3.79,0,Legitimate,LEGITIMATE,0.0008,0.08,LOW,cos_hour
TX_MON_12811,153494.0,18,25.2,0,Legitimate,LEGITIMATE,0.002,0.2,LOW,V1
TX_MON_12812,47704.0,13,1.0,0,Legitimate,LEGITIMATE,0.0001,0.01,LOW,sin_hour
TX_MON_12813,152542.0,18,15.09,0,Legitimate,LEGITIMATE,0.0031,0.31,LOW,V8
TX_MON_12814,105121.0,5,1.0,0,Legitimate,LEGITIMATE,0.0001,0.01,LOW,cos_hour
TX_MON_12815,74868.0,20,53.0,0,Legitimate,LEGITIMATE,0.0005,0.05,LOW,sin_hour
TX_MON_12816,65644.0,18,1.98,0,Legitimate,LEGITIMATE,0.0014,0.14,LOW,cos_hour
TX_MON_12817,97258.0,3,58.8,0,Legitimate,LEGITIMATE,0.0003,0.03,LOW,V12
TX_MON_12818,42605.0,11,35.57,0,Legitimate,LEGITIMATE,0.0003,0.03,LOW,V4
TX_MON_12819,152901.0,18,13.86,0,Legitimate,LEGITIMATE,0.0001,0.01,LOW,cos_hour
TX_MON_12820,139435.0,14,17.32,0,Legitimate,LEGITIMATE,0.0,0.0,LOW,V8
TX_MON_12821,20011.0,5,1.0,1,Fraud,FRAUD,0.9981,99.81,HIGH,V14
TX_MON_12822,156053.0,19,250.0,0,Legitimate,LEGITIMATE,0.0002,0.02,LOW,cos_hour
TX_MON_12823,52765.0,14,183.58,0,Legitimate,LEGITIMATE,0.014,1.4,LOW,V1
TX_MON_12824,163139.0,21,0.89,0,Legitimate,LEGITIMATE,0.0003,0.03,LOW,V17
TX_MON_12825,136071.0,13,112.06,0,Legitimate,LEGITIMATE,0.0001,0.01,LOW,sin_hour
TX_MON_12826,157425.0,19,0.12,0,Legitimate,LEGITIMATE,0.0004,0.04,LOW,V21
TX_MON_12827,168703.0,22,12.25,0,Legitimate,LEGITIMATE,0.0,0.0,LOW,sin_hour
TX_MON_12828,90051.0,1,15.48,0,Legitimate,LEGITIMATE,0.0006,0.06,LOW,V1
TX_MON_12829,74522.0,20,0.99,0,Legitimate,LEGITIMATE,0.0003,0.03,LOW,V21
TX_MON_12830,72991.0,20,1.0,0,Legitimate,LEGITIMATE,0.0014,0.14,LOW,V18
TX_MON_12831,160041.0,20,24.97,0,Legitimate,LEGITIMATE,0.0007,0.07,LOW,cos_hour
TX_MON_12832,133846.0,13,24.4,0,Legitimate,LEGITIMATE,0.0001,0.01,LOW,V20
TX_MON_12833,69132.0,19,0.99,0,Legitimate,LEGITIMATE,0.0027,0.27,LOW,cos_hour
TX_MON_12834,86185.0,23,9.99,0,Legitimate,LEGITIMATE,0.0007,0.07,LOW,V4
TX_MON_12835,120097.0,9,110.25,0,Legitimate,LEGITIMATE,0.0001,0.01,LOW,V20
TX_MON_12836,27035.0,7,0.77,0,Legitimate,LEGITIMATE,0.0001,0.01,LOW,cos_hour
TX_MON_12837,45219.0,12,1.46,0,Legitimate,LEGITIMATE,0.001,0.1,LOW,log_amount
TX_MON_12838,125505.0,10,2.21,0,Legitimate,LEGITIMATE,0.0029,0.29,LOW,V14
TX_MON_12839,83336.0,23,338.79,0,Legitimate,LEGITIMATE,0.0003,0.03,LOW,Amount
TX_MON_12840,35237.0,9,28.0,0,Legitimate,LEGITIMATE,0.0001,0.01,LOW,V20
TX_MON_12841,75316.0,20,2.58,0,Legitimate,LEGITIMATE,0.0013,0.13,LOW,sin_hour
TX_MON_12842,172332.0,23,7.59,0,Legitimate,LEGITIMATE,0.0013,0.13,LOW,V4
TX_MON_12843,98138.0,3,1.79,0,Legitimate,LEGITIMATE,0.0,0.0,LOW,V12
TX_MON_12844,42886.0,11,34.95,0,Legitimate,LEGITIMATE,0.0001,0.01,LOW,sin_hour
TX_MON_12845,155653.0,19,38.2,0,Legitimate,LEGITIMATE,0.0001,0.01,LOW,cos_hour
TX_MON_12846,26979.0,7,55.06,0,Legitimate,LEGITIMATE,0.0004,0.04,LOW,V1
TX_MON_12847,41868.0,11,3.85,0,Legitimate,LEGITIMATE,0.0002,0.02,LOW,V14
TX_MON_12848,141988.0,15,1.79,0,Legitimate,LEGITIMATE,0.0017,0.17,LOW,log_amount
TX_MON_12849,166476.0,22,196.93,0,Legitimate,LEGITIMATE,0.0003,0.03,LOW,sin_hour
TX_MON_12850,87112.0,0,8.94,0,Legitimate,LEGITIMATE,0.0002,0.02,LOW,sin_hour
TX_MON_12851,13323.0,3,1.0,1,Fraud,FRAUD,0.9958,99.58,HIGH,V14
TX_MON_12852,143574.0,15,189.0,0,Legitimate,LEGITIMATE,0.0003,0.03,LOW,Amount
TX_MON_12853,800.0,0,1.98,0,Legitimate,LEGITIMATE,0.0004,0.04,LOW,sin_hour
TX_MON_12854,134775.0,13,10.0,0,Legitimate,LEGITIMATE,0.0001,0.01,LOW,sin_hour
TX_MON_12855,35526.0,9,3.03,0,Legitimate,LEGITIMATE,0.0001,0.01,LOW,V4
TX_MON_12856,35745.0,9,3.59,0,Legitimate,LEGITIMATE,0.0003,0.03,LOW,log_amount
TX_MON_12857,63872.0,17,1.0,0,Legitimate,LEGITIMATE,0.001,0.1,LOW,cos_hour
TX_MON_12858,119512.0,9,244.5,0,Legitimate,LEGITIMATE,0.0464,4.64,LOW,V14
TX_MON_12859,126219.0,11,25.0,1,Fraud,FRAUD,0.9944,99.44,HIGH,V14
TX_MON_12860,28453.0,7,20.0,0,Legitimate,LEGITIMATE,0.0009,0.09,LOW,V11
TX_MON_12861,162177.0,21,2394.0,0,Legitimate,LEGITIMATE,0.0014,0.14,LOW,Amount
TX_MON_12862,112304.0,7,30.34,0,Legitimate,LEGITIMATE,0.0023,0.23,LOW,V4
TX_MON_12863,137000.0,14,84.9,0,Legitimate,LEGITIMATE,0.0035,0.35,LOW,sin_hour
TX_MON_12864,148129.0,17,11.25,0,Legitimate,LEGITIMATE,0.0002,0.02,LOW,cos_hour
TX_MON_12865,166127.0,22,9.81,0,Legitimate,LEGITIMATE,0.0035,0.35,LOW,sin_hour
TX_MON_12866,145573.0,16,4.49,0,Legitimate,LEGITIMATE,0.0001,0.01,LOW,log_amount
TX_MON_12867,155068.0,19,25.9,0,Legitimate,LEGITIMATE,0.0001,0.01,LOW,cos_hour
TX_MON_12868,81332.0,22,33.9,0,Legitimate,LEGITIMATE,0.0003,0.03,LOW,sin_hour
TX_MON_12869,87482.0,0,8.99,0,Legitimate,LEGITIMATE,0.0,0.0,LOW,V8
TX_MON_12870,63455.0,17,115.0,0,Legitimate,LEGITIMATE,0.0002,0.02,LOW,cos_hour
TX_MON_12871,87069.0,0,5.6,0,Legitimate,LEGITIMATE,0.0074,0.74,LOW,V4
TX_MON_12872,43080.0,11,211.48,0,Legitimate,LEGITIMATE,0.0,0.0,LOW,sin_hour
TX_MON_12873,124131.0,10,15.0,0,Legitimate,LEGITIMATE,0.0,0.0,LOW,V8
TX_MON_12874,135095.0,13,345.0,1,Fraud,FRAUD,0.9964,99.64,HIGH,V14
TX_MON_12875,169613.0,23,5.09,0,Legitimate,LEGITIMATE,0.0,0.0,LOW,sin_hour
TX_MON_12876,126209.0,11,4.56,0,Legitimate,LEGITIMATE,0.0022,0.22,LOW,log_amount
TX_MON_12877,122725.0,10,124.65,0,Legitimate,LEGITIMATE,0.0028,0.28,LOW,V1
TX_MON_12878,38422.0,10,46.03,0,Legitimate,LEGITIMATE,0.0002,0.02,LOW,V28
TX_MON_12879,60416.0,16,29.99,0,Legitimate,LEGITIMATE,0.0013,0.13,LOW,V20
TX_MON_12880,169347.0,23,0.76,1,Fraud,FRAUD,0.9951,99.51,HIGH,V14
TX_MON_12881,41991.0,11,1.0,1,Fraud,FRAUD,0.9982,99.82,HIGH,V14
TX_MON_12882,5532.0,1,12.99,0,Legitimate,LEGITIMATE,0.0006,0.06,LOW,V12
TX_MON_12883,102542.0,4,2.28,1,Fraud,FRAUD,0.9985,99.85,HIGH,V14
TX_MON_12884,35779.0,9,1.0,0,Legitimate,LEGITIMATE,0.0005,0.05,LOW,log_amount
TX_MON_12885,84136.0,23,1868.88,0,Legitimate,LEGITIMATE,0.0058,0.58,LOW,V4
TX_MON_12886,160196.0,20,0.99,0,Legitimate,LEGITIMATE,0.0001,0.01,LOW,V20
TX_MON_12887,84174.0,23,69.78,0,Legitimate,LEGITIMATE,0.0003,0.03,LOW,sin_hour
TX_MON_12888,131233.0,12,57.04,0,Legitimate,LEGITIMATE,0.0008,0.08,LOW,V8
TX_MON_12889,144294.0,16,53.96,0,Legitimate,LEGITIMATE,0.0003,0.03,LOW,V18
TX_MON_12890,130470.0,12,150.12,0,Legitimate,LEGITIMATE,0.0003,0.03,LOW,V20
TX_MON_12891,32914.0,9,120.0,0,Legitimate,LEGITIMATE,0.0002,0.02,LOW,V28
TX_MON_12892,112472.0,7,21.95,0,Legitimate,LEGITIMATE,0.0002,0.02,LOW,V1
TX_MON_12893,74526.0,20,1.98,0,Legitimate,LEGITIMATE,0.0009,0.09,LOW,sin_hour
TX_MON_12894,148053.0,17,1.59,1,Fraud,FRAUD,0.9975,99.75,HIGH,V14
TX_MON_12895,155009.0,19,0.99,0,Legitimate,LEGITIMATE,0.0001,0.01,LOW,cos_hour
TX_MON_12896,47790.0,13,118.0,0,Legitimate,LEGITIMATE,0.0008,0.08,LOW,V21
TX_MON_12897,54344.0,15,134.19,0,Legitimate,LEGITIMATE,0.0011,0.11,LOW,V4
TX_MON_12898,163098.0,21,392.0,0,Legitimate,LEGITIMATE,0.0002,0.02,LOW,Amount
TX_MON_12899,157836.0,19,5.37,0,Legitimate,LEGITIMATE,0.0002,0.02,LOW,V1
TX_MON_12900,146778.0,16,34.45,0,Legitimate,LEGITIMATE,0.0002,0.02,LOW,V1
TX_MON_12901,11962.0,3,0.89,0,Legitimate,LEGITIMATE,0.0076,0.76,LOW,V21
TX_MON_12902,166412.0,22,10.8,0,Legitimate,LEGITIMATE,0.0003,0.03,LOW,sin_hour
TX_MON_12903,90464.0,1,92.29,0,Legitimate,LEGITIMATE,0.0001,0.01,LOW,V12
TX_MON_12904,17520.0,4,1.0,1,Fraud,FRAUD,0.9916,99.16,HIGH,V14
TX_MON_12905,59494.0,16,2.54,0,Legitimate,LEGITIMATE,0.0004,0.04,LOW,V1
TX_MON_12906,139930.0,14,36.99,0,Legitimate,LEGITIMATE,0.0003,0.03,LOW,sin_hour
TX_MON_12907,94625.0,2,33.76,1,Fraud,FRAUD,0.7919,79.19,HIGH,V4
TX_MON_12908,136448.0,13,60.84,0,Legitimate,LEGITIMATE,0.0001,0.01,LOW,sin_hour
TX_MON_12909,146119.0,16,36.9,0,Legitimate,LEGITIMATE,0.0001,0.01,LOW,V22
TX_MON_12910,150745.0,17,84.0,0,Legitimate,LEGITIMATE,0.0001,0.01,LOW,cos_hour
TX_MON_12911,44713.0,12,34.94,0,Legitimate,LEGITIMATE,0.0001,0.01,LOW,sin_hour
TX_MON_12912,150006.0,17,1.5,0,Legitimate,LEGITIMATE,0.0003,0.03,LOW,cos_hour
TX_MON_12913,41234.0,11,49.95,0,Legitimate,LEGITIMATE,0.0004,0.04,LOW,V1
TX_MON_12914,119649.0,9,20.36,0,Legitimate,LEGITIMATE,0.0,0.0,LOW,V14
TX_MON_12915,128237.0,11,41.43,0,Legitimate,LEGITIMATE,0.0001,0.01,LOW,V22
TX_MON_12916,51224.0,14,228.2,0,Legitimate,LEGITIMATE,0.0138,1.38,LOW,V4
TX_MON_12917,170960.0,23,273.5,0,Legitimate,LEGITIMATE,0.0007,0.07,LOW,sin_hour
TX_MON_12918,119444.0,9,1.0,0,Legitimate,LEGITIMATE,0.0056,0.56,LOW,V4
TX_MON_12919,84459.0,23,1.79,0,Legitimate,LEGITIMATE,0.0032,0.32,LOW,sin_hour
TX_MON_12920,148828.0,17,248.97,0,Legitimate,LEGITIMATE,0.0001,0.01,LOW,cos_hour
TX_MON_12921,69580.0,19,9.99,0,Legitimate,LEGITIMATE,0.0003,0.03,LOW,cos_hour
TX_MON_12922,87680.0,0,19.01,0,Legitimate,LEGITIMATE,0.0,0.0,LOW,V8
TX_MON_12923,160516.0,20,3454.92,0,Legitimate,LEGITIMATE,0.0005,0.05,LOW,V4
TX_MON_12924,50353.0,13,85.65,0,Legitimate,LEGITIMATE,0.0006,0.06,LOW,sin_hour
TX_MON_12925,97490.0,3,40.0,0,Legitimate,LEGITIMATE,0.0002,0.02,LOW,V20
TX_MON_12926,27410.0,7,8.99,0,Legitimate,LEGITIMATE,0.0001,0.01,LOW,cos_hour
TX_MON_12927,5252.0,1,9.99,0,Legitimate,LEGITIMATE,0.0,0.0,LOW,V12
TX_MON_12928,94952.0,2,571.48,1,Fraud,FRAUD,0.925,92.5,HIGH,V4
TX_MON_12929,28129.0,7,8.95,0,Legitimate,LEGITIMATE,0.0001,0.01,LOW,V1
TX_MON_12930,57707.0,16,0.89,0,Legitimate,LEGITIMATE,0.0001,0.01,LOW,V23
TX_MON_12931,58513.0,16,21.8,0,Legitimate,LEGITIMATE,0.0004,0.04,LOW,V28
TX_MON_12932,151687.0,18,39.0,0,Legitimate,LEGITIMATE,0.0001,0.01,LOW,cos_hour
TX_MON_12933,120728.0,9,35.9,0,Legitimate,LEGITIMATE,0.0,0.0,LOW,V20
TX_MON_12934,22.0,0,0.89,0,Legitimate,LEGITIMATE,0.0,0.0,LOW,sin_hour
TX_MON_12935,62433.0,17,0.89,0,Legitimate,LEGITIMATE,0.0003,0.03,LOW,cos_hour
TX_MON_12936,172377.0,23,159.76,0,Legitimate,LEGITIMATE,0.0001,0.01,LOW,sin_hour
TX_MON_12937,159960.0,20,227.0,0,Legitimate,LEGITIMATE,0.0002,0.02,LOW,cos_hour
TX_MON_12938,28809.0,8,9.99,0,Legitimate,LEGITIMATE,0.0001,0.01,LOW,V11
TX_MON_12939,38318.0,10,99.99,0,Legitimate,LEGITIMATE,0.0,0.0,LOW,V1
TX_MON_12940,121310.0,9,8.93,0,Legitimate,LEGITIMATE,0.0005,0.05,LOW,V11
TX_MON_12941,48741.0,13,52.65,0,Legitimate,LEGITIMATE,0.0006,0.06,LOW,sin_hour
TX_MON_12942,141049.0,15,303.43,0,Legitimate,LEGITIMATE,0.0005,0.05,LOW,Amount
TX_MON_12943,133656.0,13,7.99,0,Legitimate,LEGITIMATE,0.0033,0.33,LOW,V1
TX_MON_12944,4569.0,1,1.46,0,Legitimate,LEGITIMATE,0.0002,0.02,LOW,log_amount
TX_MON_12945,54506.0,15,1286.94,0,Legitimate,LEGITIMATE,0.0007,0.07,LOW,Amount
TX_MON_12946,8528.0,2,1.0,1,Fraud,FRAUD,0.9981,99.81,HIGH,V14
TX_MON_12947,117527.0,8,9.99,0,Legitimate,LEGITIMATE,0.0001,0.01,LOW,V26
TX_MON_12948,122854.0,10,34.99,0,Legitimate,LEGITIMATE,0.0,0.0,LOW,V6
TX_MON_12949,49705.0,13,198.0,0,Legitimate,LEGITIMATE,0.0007,0.07,LOW,sin_hour
TX_MON_12950,163648.0,21,1.0,0,Legitimate,LEGITIMATE,0.0003,0.03,LOW,sin_hour
TX_MON_12951,141903.0,15,250.68,0,Legitimate,LEGITIMATE,0.0001,0.01,LOW,V20
TX_MON_12952,55666.0,15,11.5,0,Legitimate,LEGITIMATE,0.0005,0.05,LOW,sin_hour
TX_MON_12953,143856.0,15,1.0,0,Legitimate,LEGITIMATE,0.0006,0.06,LOW,log_amount
TX_MON_12954,156923.0,19,13.61,0,Legitimate,LEGITIMATE,0.0002,0.02,LOW,cos_hour
TX_MON_12955,146781.0,16,10.34,0,Legitimate,LEGITIMATE,0.0002,0.02,LOW,V11
TX_MON_12956,136933.0,14,279.97,0,Legitimate,LEGITIMATE,0.0165,1.65,LOW,V14
TX_MON_12957,43008.0,11,0.0,0,Legitimate,LEGITIMATE,0.0005,0.05,LOW,V4
TX_MON_12958,66429.0,18,4.49,0,Legitimate,LEGITIMATE,0.0,0.0,LOW,cos_hour
TX_MON_12959,69892.0,19,99.0,0,Legitimate,LEGITIMATE,0.0031,0.31,LOW,cos_hour
TX_MON_12960,164560.0,21,0.95,0,Legitimate,LEGITIMATE,0.0003,0.03,LOW,V8
TX_MON_12961,129133.0,11,0.01,0,Legitimate,LEGITIMATE,0.0017,0.17,LOW,log_amount
TX_MON_12962,66005.0,18,5.05,0,Legitimate,LEGITIMATE,0.0002,0.02,LOW,cos_hour
TX_MON_12963,126118.0,11,0.76,0,Legitimate,LEGITIMATE,0.0045,0.45,LOW,V14
TX_MON_12964,15337.0,4,508.97,0,Legitimate,LEGITIMATE,0.002,0.2,LOW,V4
TX_MON_12965,163280.0,21,10.59,0,Legitimate,LEGITIMATE,0.0028,0.28,LOW,V4
TX_MON_12966,36032.0,10,1.31,0,Legitimate,LEGITIMATE,0.0003,0.03,LOW,log_amount
TX_MON_12967,51351.0,14,10.62,0,Legitimate,LEGITIMATE,0.0001,0.01,LOW,V4
TX_MON_12968,159616.0,20,191.0,0,Legitimate,LEGITIMATE,0.0004,0.04,LOW,cos_hour
TX_MON_12969,113189.0,7,1.0,0,Legitimate,LEGITIMATE,0.0002,0.02,LOW,cos_hour
TX_MON_12970,123078.0,10,11.0,1,Fraud,FRAUD,0.9947,99.47,HIGH,V14
TX_MON_12971,14473.0,4,14.95,0,Legitimate,LEGITIMATE,0.0003,0.03,LOW,V12
TX_MON_12972,20583.0,5,3.0,0,Legitimate,LEGITIMATE,0.0004,0.04,LOW,cos_hour
TX_MON_12973,97489.0,3,5.95,0,Legitimate,LEGITIMATE,0.0006,0.06,LOW,V12
TX_MON_12974,79288.0,22,1.0,0,Legitimate,LEGITIMATE,0.0002,0.02,LOW,sin_hour
TX_MON_12975,59329.0,16,14.2,0,Legitimate,LEGITIMATE,0.0002,0.02,LOW,V1
TX_MON_12976,32472.0,9,7.61,0,Legitimate,LEGITIMATE,0.0003,0.03,LOW,V25
TX_MON_12977,149441.0,17,0.01,0,Legitimate,LEGITIMATE,0.0,0.0,LOW,log_amount
TX_MON_12978,42881.0,11,4.99,0,Legitimate,LEGITIMATE,0.0001,0.01,LOW,V26
TX_MON_12979,82956.0,23,8.89,0,Legitimate,LEGITIMATE,0.0002,0.02,LOW,V16
TX_MON_12980,91192.0,1,8.99,0,Legitimate,LEGITIMATE,0.0004,0.04,LOW,V1
TX_MON_12981,56685.0,15,18.79,0,Legitimate,LEGITIMATE,0.0002,0.02,LOW,V25
TX_MON_12982,30852.0,8,104.81,1,Fraud,FRAUD,0.7439,74.39,HIGH,V4
TX_MON_12983,36621.0,10,36.0,0,Legitimate,LEGITIMATE,0.0001,0.01,LOW,V18
TX_MON_12984,168543.0,22,43.41,0,Legitimate,LEGITIMATE,0.0008,0.08,LOW,sin_hour
TX_MON_12985,151741.0,18,9.99,0,Legitimate,LEGITIMATE,0.0009,0.09,LOW,cos_hour
TX_MON_12986,49327.0,13,1.0,0,Legitimate,LEGITIMATE,0.0075,0.75,LOW,sin_hour
TX_MON_12987,143694.0,15,19.95,0,Legitimate,LEGITIMATE,0.0055,0.55,LOW,V11
TX_MON_12988,67543.0,18,9.72,0,Legitimate,LEGITIMATE,0.0011,0.11,LOW,cos_hour
TX_MON_12989,41313.0,11,9.99,1,Fraud,FRAUD,0.9993,99.93,HIGH,V14
TX_MON_12990,171337.0,23,47.78,0,Legitimate,LEGITIMATE,0.0,0.0,LOW,V4
TX_MON_12991,129303.0,11,78.22,0,Legitimate,LEGITIMATE,0.0001,0.01,LOW,sin_hour
TX_MON_12992,94297.0,2,151.33,0,Legitimate,LEGITIMATE,0.0228,2.28,LOW,V4
TX_MON_12993,111663.0,7,24.0,0,Legitimate,LEGITIMATE,0.0,0.0,LOW,cos_hour
TX_MON_12994,140338.0,14,15.0,0,Legitimate,LEGITIMATE,0.0001,0.01,LOW,sin_hour
TX_MON_12995,58128.0,16,1.0,0,Legitimate,LEGITIMATE,0.0002,0.02,LOW,log_amount
TX_MON_12996,66738.0,18,1.0,0,Legitimate,LEGITIMATE,0.0001,0.01,LOW,cos_hour
TX_MON_12997,96135.0,2,18.96,1,Fraud,FRAUD,0.9842,98.42,HIGH,V4
TX_MON_12998,49322.0,13,66.43,0,Legitimate,LEGITIMATE,0.0003,0.03,LOW,sin_hour
TX_MON_12999,152674.0,18,25.0,0,Legitimate,LEGITIMATE,0.0001,0.01,LOW,cos_hour
TX_MON_13000,19890.0,5,10.0,0,Legitimate,LEGITIMATE,0.0004,0.04,LOW,cos_hour
TX_MON_13001,45623.0,12,255.99,0,Legitimate,LEGITIMATE,0.0524,5.24,LOW,V1
TX_MON_13002,84044.0,23,1.79,0,Legitimate,LEGITIMATE,0.0004,0.04,LOW,sin_hour
TX_MON_13003,167609.0,22,4.71,0,Legitimate,LEGITIMATE,0.0021,0.21,LOW,sin_hour
TX_MON_13004,77034.0,21,8.99,0,Legitimate,LEGITIMATE,0.0001,0.01,LOW,sin_hour
TX_MON_13005,144951.0,16,37.6,0,Legitimate,LEGITIMATE,0.0001,0.01,LOW,V26
TX_MON_13006,141907.0,15,0.76,0,Legitimate,LEGITIMATE,0.0001,0.01,LOW,sin_hour
TX_MON_13007,64785.0,17,720.38,1,Fraud,FRAUD,0.998,99.8,HIGH,V14
TX_MON_13008,164688.0,21,89.4,0,Legitimate,LEGITIMATE,0.0,0.0,LOW,V22
TX_MON_13009,69184.0,19,22.0,0,Legitimate,LEGITIMATE,0.0003,0.03,LOW,cos_hour
TX_MON_13010,45567.0,12,12.98,0,Legitimate,LEGITIMATE,0.0008,0.08,LOW,sin_hour
TX_MON_13011,83415.0,23,68.52,0,Legitimate,LEGITIMATE,0.0002,0.02,LOW,V4
TX_MON_13012,50566.0,14,58.06,0,Legitimate,LEGITIMATE,0.0004,0.04,LOW,sin_hour
TX_MON_13013,88737.0,0,9.21,1,Fraud,FRAUD,0.9324,93.24,HIGH,V4
TX_MON_13014,74431.0,20,37.61,0,Legitimate,LEGITIMATE,0.0036,0.36,LOW,V11
TX_MON_13015,57965.0,16,89.9,0,Legitimate,LEGITIMATE,0.0001,0.01,LOW,V11
TX_MON_13016,34487.0,9,85.67,0,Legitimate,LEGITIMATE,0.0005,0.05,LOW,V1
TX_MON_13017,69016.0,19,345.5,0,Legitimate,LEGITIMATE,0.0001,0.01,LOW,V10
TX_MON_13018,135857.0,13,252.21,0,Legitimate,LEGITIMATE,0.0,0.0,LOW,V20
TX_MON_13019,62704.0,17,2.93,0,Legitimate,LEGITIMATE,0.0001,0.01,LOW,cos_hour
TX_MON_13020,129370.0,11,0.0,0,Legitimate,LEGITIMATE,0.0504,5.04,LOW,V4
TX_MON_13021,155692.0,19,1.79,0,Legitimate,LEGITIMATE,0.0007,0.07,LOW,cos_hour
TX_MON_13022,66939.0,18,300.0,0,Legitimate,LEGITIMATE,0.0103,1.03,LOW,V1
TX_MON_13023,62687.0,17,0.67,0,Legitimate,LEGITIMATE,0.0008,0.08,LOW,log_amount
TX_MON_13024,34733.0,9,49.99,0,Legitimate,LEGITIMATE,0.0016,0.16,LOW,V21
TX_MON_13025,116012.0,8,37.07,0,Legitimate,LEGITIMATE,0.0004,0.04,LOW,V4
TX_MON_13026,131674.0,12,25.15,0,Legitimate,LEGITIMATE,0.0085,0.85,LOW,sin_hour
TX_MON_13027,91554.0,1,261.22,1,Fraud,FRAUD,0.9928,99.28,HIGH,V14
TX_MON_13028,67938.0,18,37.65,0,Legitimate,LEGITIMATE,0.0001,0.01,LOW,cos_hour
TX_MON_13029,75493.0,20,51.0,0,Legitimate,LEGITIMATE,0.0006,0.06,LOW,sin_hour
TX_MON_13030,159207.0,20,7.83,0,Legitimate,LEGITIMATE,0.0002,0.02,LOW,V1
TX_MON_13031,68031.0,18,10.0,0,Legitimate,LEGITIMATE,0.0001,0.01,LOW,cos_hour
TX_MON_13032,144734.0,16,230.34,0,Legitimate,LEGITIMATE,0.0011,0.11,LOW,V19
TX_MON_13033,135639.0,13,12.99,0,Legitimate,LEGITIMATE,0.0002,0.02,LOW,sin_hour
TX_MON_13034,50263.0,13,1.0,0,Legitimate,LEGITIMATE,0.0005,0.05,LOW,log_amount
TX_MON_13035,140767.0,15,144.0,0,Legitimate,LEGITIMATE,0.0036,0.36,LOW,sin_hour
TX_MON_13036,166093.0,22,1.98,0,Legitimate,LEGITIMATE,0.0001,0.01,LOW,V21
TX_MON_13037,61873.0,17,125.9,0,Legitimate,LEGITIMATE,0.0002,0.02,LOW,cos_hour
TX_MON_13038,53200.0,14,2800.0,0,Legitimate,LEGITIMATE,0.0004,0.04,LOW,Amount
TX_MON_13039,44671.0,12,15.0,0,Legitimate,LEGITIMATE,0.0,0.0,LOW,sin_hour
TX_MON_13040,138313.0,14,211.84,0,Legitimate,LEGITIMATE,0.0001,0.01,LOW,V20
TX_MON_13041,36476.0,10,363.75,0,Legitimate,LEGITIMATE,0.0003,0.03,LOW,V1
TX_MON_13042,155873.0,19,0.77,0,Legitimate,LEGITIMATE,0.0001,0.01,LOW,cos_hour
TX_MON_13043,64606.0,17,29.51,0,Legitimate,LEGITIMATE,0.0275,2.75,LOW,V4
TX_MON_13044,50062.0,13,1332.38,0,Legitimate,LEGITIMATE,0.0001,0.01,LOW,Amount
TX_MON_13045,157424.0,19,37.46,0,Legitimate,LEGITIMATE,0.0001,0.01,LOW,cos_hour
TX_MON_13046,75864.0,21,59.99,0,Legitimate,LEGITIMATE,0.0003,0.03,LOW,V20
TX_MON_13047,157518.0,19,95.85,0,Legitimate,LEGITIMATE,0.0002,0.02,LOW,cos_hour
TX_MON_13048,61854.0,17,49.0,0,Legitimate,LEGITIMATE,0.0003,0.03,LOW,cos_hour
TX_MON_13049,78365.0,21,1.79,0,Legitimate,LEGITIMATE,0.0018,0.18,LOW,sin_hour
TX_MON_13050,144467.0,16,6.58,0,Legitimate,LEGITIMATE,0.0369,3.69,LOW,V1
TX_MON_13051,125931.0,10,800.0,0,Legitimate,LEGITIMATE,0.0002,0.02,LOW,V8
TX_MON_13052,122938.0,10,212.0,0,Legitimate,LEGITIMATE,0.0001,0.01,LOW,V7
TX_MON_13053,74546.0,20,355.32,0,Legitimate,LEGITIMATE,0.0003,0.03,LOW,Amount
TX_MON_13054,54842.0,15,983.05,0,Legitimate,LEGITIMATE,0.0007,0.07,LOW,Amount
TX_MON_13055,132900.0,12,0.92,0,Legitimate,LEGITIMATE,0.0,0.0,LOW,sin_hour
TX_MON_13056,37694.0,10,5.3,0,Legitimate,LEGITIMATE,0.0002,0.02,LOW,V28
TX_MON_13057,44410.0,12,25.95,0,Legitimate,LEGITIMATE,0.0,0.0,LOW,sin_hour
TX_MON_13058,28383.0,7,9.0,0,Legitimate,LEGITIMATE,0.0016,0.16,LOW,V1
TX_MON_13059,57800.0,16,29.95,0,Legitimate,LEGITIMATE,0.0012,0.12,LOW,V23
TX_MON_13060,57599.0,15,60.5,0,Legitimate,LEGITIMATE,0.0002,0.02,LOW,V28
TX_MON_13061,116804.0,8,36.4,0,Legitimate,LEGITIMATE,0.0001,0.01,LOW,V1
TX_MON_13062,146242.0,16,1.0,0,Legitimate,LEGITIMATE,0.0001,0.01,LOW,log_amount
TX_MON_13063,71026.0,19,6.27,0,Legitimate,LEGITIMATE,0.0008,0.08,LOW,cos_hour
TX_MON_13064,119229.0,9,257.77,0,Legitimate,LEGITIMATE,0.0009,0.09,LOW,Amount
TX_MON_13065,115287.0,8,44.95,0,Legitimate,LEGITIMATE,0.0,0.0,LOW,V22
TX_MON_13066,85864.0,23,1.0,1,Fraud,FRAUD,0.9981,99.81,HIGH,V14
TX_MON_13067,126241.0,11,59.63,0,Legitimate,LEGITIMATE,0.0001,0.01,LOW,V27
TX_MON_13068,139323.0,14,41.96,0,Legitimate,LEGITIMATE,0.0,0.0,LOW,sin_hour
TX_MON_13069,42014.0,11,257.3,0,Legitimate,LEGITIMATE,0.0001,0.01,LOW,V22
TX_MON_13070,94141.0,2,45.48,1,Fraud,FRAUD,0.999,99.9,HIGH,V14
TX_MON_13071,160895.0,20,127.14,1,Fraud,FRAUD,0.9982,99.82,HIGH,V14
TX_MON_13072,17876.0,4,18.22,0,Legitimate,LEGITIMATE,0.0002,0.02,LOW,V4
TX_MON_13073,78046.0,21,1.0,0,Legitimate,LEGITIMATE,0.0002,0.02,LOW,log_amount
TX_MON_13074,82962.0,23,20.91,0,Legitimate,LEGITIMATE,0.002,0.2,LOW,sin_hour
TX_MON_13075,80148.0,22,4.28,0,Legitimate,LEGITIMATE,0.0003,0.03,LOW,sin_hour
TX_MON_13076,142923.0,15,20.0,0,Legitimate,LEGITIMATE,0.0008,0.08,LOW,V22
TX_MON_13077,156587.0,19,17.98,0,Legitimate,LEGITIMATE,0.0001,0.01,LOW,cos_hour
TX_MON_13078,11131.0,3,1.0,1,Fraud,FRAUD,0.9979,99.79,HIGH,V14
TX_MON_13079,71132.0,19,441.63,0,Legitimate,LEGITIMATE,0.0043,0.43,LOW,Amount
TX_MON_13080,141936.0,15,2.58,0,Legitimate,LEGITIMATE,0.0001,0.01,LOW,log_amount
TX_MON_13081,57713.0,16,195.0,0,Legitimate,LEGITIMATE,0.001,0.1,LOW,V25
TX_MON_13082,130757.0,12,0.76,0,Legitimate,LEGITIMATE,0.0007,0.07,LOW,V10
TX_MON_13083,54416.0,15,30.2,0,Legitimate,LEGITIMATE,0.0033,0.33,LOW,sin_hour
TX_MON_13084,77474.0,21,49.99,0,Legitimate,LEGITIMATE,0.0003,0.03,LOW,V21
TX_MON_13085,77720.0,21,69.79,0,Legitimate,LEGITIMATE,0.0005,0.05,LOW,V3
TX_MON_13086,89182.0,0,2.99,0,Legitimate,LEGITIMATE,0.0001,0.01,LOW,V1
TX_MON_13087,148360.0,17,79.81,0,Legitimate,LEGITIMATE,0.0005,0.05,LOW,V4
TX_MON_13088,139767.0,14,120.54,1,Fraud,FRAUD,0.8475,84.75,HIGH,V14
TX_MON_13089,68305.0,18,7.41,0,Legitimate,LEGITIMATE,0.0004,0.04,LOW,cos_hour
TX_MON_13090,64739.0,17,370.83,0,Legitimate,LEGITIMATE,0.0008,0.08,LOW,V1
TX_MON_13091,164837.0,21,0.77,0,Legitimate,LEGITIMATE,0.0,0.0,LOW,sin_hour
TX_MON_13092,137025.0,14,11.5,0,Legitimate,LEGITIMATE,0.0002,0.02,LOW,sin_hour
TX_MON_13093,51801.0,14,211.4,0,Legitimate,LEGITIMATE,0.0216,2.16,LOW,V4
TX_MON_13094,163003.0,21,1.29,0,Legitimate,LEGITIMATE,0.0001,0.01,LOW,log_amount
TX_MON_13095,166165.0,22,8.97,0,Legitimate,LEGITIMATE,0.0002,0.02,LOW,sin_hour
TX_MON_13096,135314.0,13,84.28,1,Fraud,FRAUD,0.9976,99.76,HIGH,V14
TX_MON_13097,131153.0,12,77.0,0,Legitimate,LEGITIMATE,0.0016,0.16,LOW,V8
TX_MON_13098,153078.0,18,2.28,0,Legitimate,LEGITIMATE,0.015,1.5,LOW,V4
TX_MON_13099,159708.0,20,54.28,0,Legitimate,LEGITIMATE,0.0001,0.01,LOW,sin_hour
TX_MON_13100,936.0,0,189.0,0,Legitimate,LEGITIMATE,0.0001,0.01,LOW,sin_hour
TX_MON_13101,74755.0,20,15.42,0,Legitimate,LEGITIMATE,0.0006,0.06,LOW,sin_hour
TX_MON_13102,53628.0,14,105.0,0,Legitimate,LEGITIMATE,0.0002,0.02,LOW,V1
TX_MON_13103,129791.0,12,38.82,0,Legitimate,LEGITIMATE,0.0001,0.01,LOW,V20
TX_MON_13104,22202.0,6,4.49,0,Legitimate,LEGITIMATE,0.0008,0.08,LOW,cos_hour
TX_MON_13105,128674.0,11,1.29,0,Legitimate,LEGITIMATE,0.0003,0.03,LOW,log_amount
TX_MON_13106,148963.0,17,128.0,0,Legitimate,LEGITIMATE,0.0008,0.08,LOW,cos_hour
TX_MON_13107,151473.0,18,5.47,0,Legitimate,LEGITIMATE,0.0016,0.16,LOW,cos_hour
TX_MON_13108,11590.0,3,52.5,0,Legitimate,LEGITIMATE,0.0002,0.02,LOW,V25
TX_MON_13109,33335.0,9,34.99,0,Legitimate,LEGITIMATE,0.0002,0.02,LOW,V28
TX_MON_13110,161630.0,20,5.89,0,Legitimate,LEGITIMATE,0.0001,0.01,LOW,V21
TX_MON_13111,151377.0,18,14.8,0,Legitimate,LEGITIMATE,0.0001,0.01,LOW,cos_hour
TX_MON_13112,25611.0,7,20.91,0,Legitimate,LEGITIMATE,0.0002,0.02,LOW,cos_hour
TX_MON_13113,56650.0,15,7.52,1,Fraud,FRAUD,0.9993,99.93,HIGH,V14
TX_MON_13114,144939.0,16,13.5,0,Legitimate,LEGITIMATE,0.0001,0.01,LOW,V13
TX_MON_13115,68703.0,19,0.99,0,Legitimate,LEGITIMATE,0.0003,0.03,LOW,cos_hour
TX_MON_13116,130310.0,12,169.0,0,Legitimate,LEGITIMATE,0.0002,0.02,LOW,sin_hour
TX_MON_13117,85788.0,23,17.99,0,Legitimate,LEGITIMATE,0.0,0.0,LOW,sin_hour
TX_MON_13118,118475.0,8,5.99,0,Legitimate,LEGITIMATE,0.0002,0.02,LOW,log_amount
TX_MON_13119,27113.0,7,1.79,0,Legitimate,LEGITIMATE,0.0013,0.13,LOW,log_amount
TX_MON_13120,123570.0,10,0.76,0,Legitimate,LEGITIMATE,0.0048,0.48,LOW,V14
TX_MON_13121,56280.0,15,38.5,0,Legitimate,LEGITIMATE,0.001,0.1,LOW,V1
TX_MON_13122,171853.0,23,48.79,0,Legitimate,LEGITIMATE,0.0004,0.04,LOW,sin_hour
TX_MON_13123,66380.0,18,8.98,0,Legitimate,LEGITIMATE,0.0002,0.02,LOW,cos_hour
TX_MON_13124,106207.0,5,11.27,0,Legitimate,LEGITIMATE,0.0001,0.01,LOW,V12
TX_MON_13125,49070.0,13,10.62,0,Legitimate,LEGITIMATE,0.0001,0.01,LOW,sin_hour
TX_MON_13126,58126.0,16,29.99,0,Legitimate,LEGITIMATE,0.0004,0.04,LOW,V11
TX_MON_13127,79356.0,22,1.0,0,Legitimate,LEGITIMATE,0.0002,0.02,LOW,sin_hour
TX_MON_13128,148367.0,17,175.5,0,Legitimate,LEGITIMATE,0.0007,0.07,LOW,cos_hour
TX_MON_13129,27157.0,7,1.79,0,Legitimate,LEGITIMATE,0.0001,0.01,LOW,log_amount
TX_MON_13130,80077.0,22,8.57,0,Legitimate,LEGITIMATE,0.0004,0.04,LOW,sin_hour
TX_MON_13131,143711.0,15,9.8,0,Legitimate,LEGITIMATE,0.0001,0.01,LOW,V22
TX_MON_13132,157312.0,19,2.36,0,Legitimate,LEGITIMATE,0.0008,0.08,LOW,V4
TX_MON_13133,109855.0,6,1.0,0,Legitimate,LEGITIMATE,0.0001,0.01,LOW,cos_hour
TX_MON_13134,97416.0,3,4.85,0,Legitimate,LEGITIMATE,0.0,0.0,LOW,V8
TX_MON_13135,65001.0,18,1.0,0,Legitimate,LEGITIMATE,0.0004,0.04,LOW,cos_hour
TX_MON_13136,146998.0,16,8.0,1,Fraud,LEGITIMATE,0.0173,1.73,LOW,V14
TX_MON_13137,2437.0,0,1.0,0,Legitimate,LEGITIMATE,0.0001,0.01,LOW,log_amount
TX_MON_13138,81775.0,22,19.9,0,Legitimate,LEGITIMATE,0.0007,0.07,LOW,sin_hour
TX_MON_13139,137511.0,14,1082.67,0,Legitimate,LEGITIMATE,0.0021,0.21,LOW,Amount
TX_MON_13140,47923.0,13,0.76,1,Fraud,FRAUD,0.9978,99.78,HIGH,V14
TX_MON_13141,129398.0,11,171.05,0,Legitimate,LEGITIMATE,0.0,0.0,LOW,V20
TX_MON_13142,62391.0,17,79.86,0,Legitimate,LEGITIMATE,0.0054,0.54,LOW,V1
TX_MON_13143,36048.0,10,19.67,0,Legitimate,LEGITIMATE,0.0001,0.01,LOW,V17
TX_MON_13144,72425.0,20,2.68,0,Legitimate,LEGITIMATE,0.0002,0.02,LOW,log_amount
TX_MON_13145,128595.0,11,1.0,1,Fraud,FRAUD,0.9913,99.13,HIGH,V14
TX_MON_13146,45360.0,12,29.43,0,Legitimate,LEGITIMATE,0.0014,0.14,LOW,sin_hour
TX_MON_13147,84943.0,23,3.49,0,Legitimate,LEGITIMATE,0.0016,0.16,LOW,sin_hour
TX_MON_13148,122603.0,10,509.0,0,Legitimate,LEGITIMATE,0.0001,0.01,LOW,V20
TX_MON_13149,155554.0,19,94.82,1,Fraud,FRAUD,0.9983,99.83,HIGH,V14
TX_MON_13150,142983.0,15,23.42,0,Legitimate,LEGITIMATE,0.0003,0.03,LOW,V18
TX_MON_13151,145549.0,16,0.89,0,Legitimate,LEGITIMATE,0.0006,0.06,LOW,V20
TX_MON_13152,83750.0,23,76.61,0,Legitimate,LEGITIMATE,0.0001,0.01,LOW,V8
TX_MON_13153,73779.0,20,268.52,0,Legitimate,LEGITIMATE,0.0002,0.02,LOW,cos_hour
TX_MON_13154,44572.0,12,129.97,0,Legitimate,LEGITIMATE,0.0001,0.01,LOW,V8
TX_MON_13155,83053.0,23,0.13,0,Legitimate,LEGITIMATE,0.0002,0.02,LOW,V21
TX_MON_13156,97235.0,3,9.82,1,Fraud,FRAUD,0.9987,99.87,HIGH,V14
TX_MON_13157,48674.0,13,0.76,0,Legitimate,LEGITIMATE,0.0404,4.04,LOW,V14
TX_MON_13158,84384.0,23,213.18,0,Legitimate,LEGITIMATE,0.0003,0.03,LOW,sin_hour
TX_MON_13159,11114.0,3,107.73,0,Legitimate,LEGITIMATE,0.0,0.0,LOW,V12
TX_MON_13160,156054.0,19,39.9,0,Legitimate,LEGITIMATE,0.0054,0.54,LOW,cos_hour
TX_MON_13161,95628.0,2,1.63,1,Fraud,FRAUD,0.9991,99.91,HIGH,V14
TX_MON_13162,135099.0,13,29.99,0,Legitimate,LEGITIMATE,0.0012,0.12,LOW,sin_hour
TX_MON_13163,151207.0,18,83.85,0,Legitimate,LEGITIMATE,0.0,0.0,LOW,cos_hour
TX_MON_13164,32217.0,8,54.99,0,Legitimate,LEGITIMATE,0.0002,0.02,LOW,V8
TX_MON_13165,49419.0,13,110.0,0,Legitimate,LEGITIMATE,0.0003,0.03,LOW,sin_hour
TX_MON_13166,161775.0,20,4.49,0,Legitimate,LEGITIMATE,0.001,0.1,LOW,V1
TX_MON_13167,25300.0,7,44.99,0,Legitimate,LEGITIMATE,0.0,0.0,LOW,cos_hour
TX_MON_13168,136871.0,14,29.95,0,Legitimate,LEGITIMATE,0.0002,0.02,LOW,V8
TX_MON_13169,64746.0,17,46.78,0,Legitimate,LEGITIMATE,0.0001,0.01,LOW,cos_hour
TX_MON_13170,56333.0,15,1.29,0,Legitimate,LEGITIMATE,0.0005,0.05,LOW,log_amount
TX_MON_13171,132750.0,12,34.0,0,Legitimate,LEGITIMATE,0.0007,0.07,LOW,V22
TX_MON_13172,72207.0,20,15.93,0,Legitimate,LEGITIMATE,0.0003,0.03,LOW,cos_hour
TX_MON_13173,128051.0,11,57.99,0,Legitimate,LEGITIMATE,0.0022,0.22,LOW,V4
TX_MON_13174,31346.0,8,10.95,0,Legitimate,LEGITIMATE,0.0002,0.02,LOW,V1
TX_MON_13175,29760.0,8,3.69,0,Legitimate,LEGITIMATE,0.0,0.0,LOW,log_amount
TX_MON_13176,127237.0,11,29.0,0,Legitimate,LEGITIMATE,0.0,0.0,LOW,V1
TX_MON_13177,74696.0,20,36.91,0,Legitimate,LEGITIMATE,0.0004,0.04,LOW,sin_hour
TX_MON_13178,8090.0,2,1.0,1,Fraud,FRAUD,0.9975,99.75,HIGH,V14
TX_MON_13179,153306.0,18,7.0,0,Legitimate,LEGITIMATE,0.0001,0.01,LOW,cos_hour
TX_MON_13180,11050.0,3,14.95,0,Legitimate,LEGITIMATE,0.0001,0.01,LOW,V12
TX_MON_13181,54842.0,15,18.42,0,Legitimate,LEGITIMATE,0.0018,0.18,LOW,sin_hour
TX_MON_13182,165978.0,22,189.4,0,Legitimate,LEGITIMATE,0.0005,0.05,LOW,sin_hour
TX_MON_13183,148476.0,17,0.76,1,Fraud,FRAUD,0.9982,99.82,HIGH,V14
TX_MON_13184,34821.0,9,2.99,0,Legitimate,LEGITIMATE,0.0002,0.02,LOW,log_amount
TX_MON_13185,61363.0,17,27.96,0,Legitimate,LEGITIMATE,0.0001,0.01,LOW,cos_hour
TX_MON_13186,62080.0,17,180.0,1,Fraud,FRAUD,0.9986,99.86,HIGH,V14
TX_MON_13187,69212.0,19,286.6,0,Legitimate,LEGITIMATE,0.0008,0.08,LOW,Amount
TX_MON_13188,160870.0,20,0.77,1,Fraud,FRAUD,0.9969,99.69,HIGH,V14
TX_MON_13189,53859.0,14,0.0,0,Legitimate,LEGITIMATE,0.0003,0.03,LOW,log_amount
TX_MON_13190,110487.0,6,3.59,0,Legitimate,LEGITIMATE,0.0013,0.13,LOW,cos_hour
TX_MON_13191,150141.0,17,14.99,0,Legitimate,LEGITIMATE,0.0001,0.01,LOW,cos_hour
TX_MON_13192,40919.0,11,112.33,1,Fraud,FRAUD,0.9982,99.82,HIGH,V14
TX_MON_13193,57433.0,15,8.99,0,Legitimate,LEGITIMATE,0.0003,0.03,LOW,V18
TX_MON_13194,51454.0,14,67.43,0,Legitimate,LEGITIMATE,0.0028,0.28,LOW,sin_hour
TX_MON_13195,144167.0,16,2.0,0,Legitimate,LEGITIMATE,0.0001,0.01,LOW,log_amount
TX_MON_13196,120357.0,9,43.16,0,Legitimate,LEGITIMATE,0.0,0.0,LOW,V27
TX_MON_13197,77659.0,21,26.4,0,Legitimate,LEGITIMATE,0.0001,0.01,LOW,sin_hour
TX_MON_13198,30055.0,8,312.0,0,Legitimate,LEGITIMATE,0.0005,0.05,LOW,Amount
TX_MON_13199,88614.0,0,17.5,0,Legitimate,LEGITIMATE,0.0023,0.23,LOW,V1
TX_MON_13200,24466.0,6,3.8,0,Legitimate,LEGITIMATE,0.0044,0.44,LOW,V4
TX_MON_13201,99582.0,3,12.99,0,Legitimate,LEGITIMATE,0.0002,0.02,LOW,V12
TX_MON_13202,155464.0,19,1.29,0,Legitimate,LEGITIMATE,0.0084,0.84,LOW,cos_hour
TX_MON_13203,141663.0,15,137.5,0,Legitimate,LEGITIMATE,0.0006,0.06,LOW,sin_hour
TX_MON_13204,137652.0,14,6.27,0,Legitimate,LEGITIMATE,0.0004,0.04,LOW,sin_hour
TX_MON_13205,70725.0,19,9.3,0,Legitimate,LEGITIMATE,0.0039,0.39,LOW,cos_hour
TX_MON_13206,64905.0,18,1.0,0,Legitimate,LEGITIMATE,0.0,0.0,LOW,cos_hour
TX_MON_13207,88788.0,0,12.55,0,Legitimate,LEGITIMATE,0.0003,0.03,LOW,V20
TX_MON_13208,101051.0,4,0.92,1,Fraud,LEGITIMATE,0.0008,0.08,LOW,V20
TX_MON_13209,62705.0,17,1.79,0,Legitimate,LEGITIMATE,0.0002,0.02,LOW,cos_hour
TX_MON_13210,79228.0,22,86.08,0,Legitimate,LEGITIMATE,0.0001,0.01,LOW,sin_hour
TX_MON_13211,112616.0,7,1.0,0,Legitimate,LEGITIMATE,0.0004,0.04,LOW,V20
TX_MON_13212,152307.0,18,1.0,1,Fraud,FRAUD,0.9992,99.92,HIGH,V14
TX_MON_13213,68279.0,18,6.79,0,Legitimate,LEGITIMATE,0.0028,0.28,LOW,V1
TX_MON_13214,40276.0,11,1.0,1,Fraud,FRAUD,0.9852,98.52,HIGH,V14
TX_MON_13215,169414.0,23,144.9,0,Legitimate,LEGITIMATE,0.0002,0.02,LOW,sin_hour
TX_MON_13216,42474.0,11,1.0,1,Fraud,FRAUD,0.9976,99.76,HIGH,V14
TX_MON_13217,90575.0,1,5.0,0,Legitimate,LEGITIMATE,0.0002,0.02,LOW,V12
TX_MON_13218,73664.0,20,41.68,0,Legitimate,LEGITIMATE,0.0022,0.22,LOW,cos_hour
TX_MON_13219,34521.0,9,1.52,1,Fraud,FRAUD,0.7234,72.34,HIGH,V4
TX_MON_13220,1242.0,0,160.0,0,Legitimate,LEGITIMATE,0.0001,0.01,LOW,sin_hour
TX_MON_13221,123221.0,10,9.95,0,Legitimate,LEGITIMATE,0.0002,0.02,LOW,V22
TX_MON_13222,54682.0,15,233.0,0,Legitimate,LEGITIMATE,0.0011,0.11,LOW,V4
TX_MON_13223,63692.0,17,138.17,0,Legitimate,LEGITIMATE,0.0012,0.12,LOW,cos_hour
TX_MON_13224,46771.0,12,11.5,0,Legitimate,LEGITIMATE,0.0068,0.68,LOW,sin_hour
TX_MON_13225,133053.0,12,0.92,0,Legitimate,LEGITIMATE,0.0002,0.02,LOW,sin_hour
TX_MON_13226,136456.0,13,23.92,0,Legitimate,LEGITIMATE,0.0001,0.01,LOW,sin_hour
TX_MON_13227,46909.0,13,264.42,0,Legitimate,LEGITIMATE,0.0007,0.07,LOW,sin_hour
TX_MON_13228,82552.0,22,96.17,0,Legitimate,LEGITIMATE,0.0014,0.14,LOW,V4
TX_MON_13229,167683.0,22,4.99,0,Legitimate,LEGITIMATE,0.0007,0.07,LOW,V1
TX_MON_13230,472.0,0,529.0,1,Fraud,FRAUD,0.9781,97.81,HIGH,V4
TX_MON_13231,74018.0,20,2.69,0,Legitimate,LEGITIMATE,0.0002,0.02,LOW,sin_hour
TX_MON_13232,38962.0,10,158.62,0,Legitimate,LEGITIMATE,0.0002,0.02,LOW,V1
TX_MON_13233,2437.0,0,1.0,0,Legitimate,LEGITIMATE,0.0001,0.01,LOW,log_amount
TX_MON_13234,157476.0,19,756.4,0,Legitimate,LEGITIMATE,0.0008,0.08,LOW,V4
TX_MON_13235,131343.0,12,1.0,0,Legitimate,LEGITIMATE,0.0,0.0,LOW,sin_hour
TX_MON_13236,135912.0,13,24.99,0,Legitimate,LEGITIMATE,0.0032,0.32,LOW,sin_hour
TX_MON_13237,27059.0,7,1.79,0,Legitimate,LEGITIMATE,0.0011,0.11,LOW,log_amount
TX_MON_13238,143352.0,15,9.99,0,Legitimate,LEGITIMATE,0.0007,0.07,LOW,V26
TX_MON_13239,2433.0,0,1.0,0,Legitimate,LEGITIMATE,0.0002,0.02,LOW,log_amount
TX_MON_13240,48484.0,13,7.68,0,Legitimate,LEGITIMATE,0.0001,0.01,LOW,sin_hour
TX_MON_13241,58564.0,16,128.96,0,Legitimate,LEGITIMATE,0.0001,0.01,LOW,V10
TX_MON_13242,71651.0,19,7.08,0,Legitimate,LEGITIMATE,0.0001,0.01,LOW,cos_hour
TX_MON_13243,153427.0,18,4.55,0,Legitimate,LEGITIMATE,0.0,0.0,LOW,cos_hour
TX_MON_13244,49534.0,13,3.59,0,Legitimate,LEGITIMATE,0.0009,0.09,LOW,sin_hour
TX_MON_13245,76758.0,21,8.99,0,Legitimate,LEGITIMATE,0.0001,0.01,LOW,V8
TX_MON_13246,84760.0,23,71.22,0,Legitimate,LEGITIMATE,0.0009,0.09,LOW,sin_hour
TX_MON_13247,169317.0,23,2.7,0,Legitimate,LEGITIMATE,0.0001,0.01,LOW,sin_hour
TX_MON_13248,64412.0,17,1.0,1,Fraud,FRAUD,0.9975,99.75,HIGH,V14
TX_MON_13249,25504.0,7,1.99,0,Legitimate,LEGITIMATE,0.0004,0.04,LOW,log_amount
TX_MON_13250,157505.0,19,7.67,0,Legitimate,LEGITIMATE,0.0025,0.25,LOW,V1
TX_MON_13251,135824.0,13,199.95,0,Legitimate,LEGITIMATE,0.0001,0.01,LOW,sin_hour
TX_MON_13252,38105.0,10,110.0,0,Legitimate,LEGITIMATE,0.0001,0.01,LOW,V20
TX_MON_13253,60726.0,16,1.0,0,Legitimate,LEGITIMATE,0.0004,0.04,LOW,cos_hour
TX_MON_13254,129613.0,12,153.3,0,Legitimate,LEGITIMATE,0.0086,0.86,LOW,sin_hour
TX_MON_13255,158979.0,20,7.58,0,Legitimate,LEGITIMATE,0.0074,0.74,LOW,V4
TX_MON_13256,156123.0,19,16.66,0,Legitimate,LEGITIMATE,0.0001,0.01,LOW,cos_hour
TX_MON_13257,67293.0,18,8.92,0,Legitimate,LEGITIMATE,0.0006,0.06,LOW,cos_hour
TX_MON_13258,50808.0,14,99.99,1,Fraud,FRAUD,0.9952,99.52,HIGH,V14
TX_MON_13259,85374.0,23,6.51,0,Legitimate,LEGITIMATE,0.0006,0.06,LOW,sin_hour
TX_MON_13260,137877.0,14,136.0,0,Legitimate,LEGITIMATE,0.0001,0.01,LOW,sin_hour
TX_MON_13261,127555.0,11,1.0,0,Legitimate,LEGITIMATE,0.0002,0.02,LOW,log_amount
TX_MON_13262,124685.0,10,1.98,0,Legitimate,LEGITIMATE,0.0004,0.04,LOW,V1
TX_MON_13263,44279.0,12,19.95,0,Legitimate,LEGITIMATE,0.0001,0.01,LOW,sin_hour
TX_MON_13264,87883.0,0,829.41,1,Fraud,FRAUD,0.9101,91.01,HIGH,V4
TX_MON_13265,27219.0,7,99.99,1,Fraud,FRAUD,0.9978,99.78,HIGH,V14
TX_MON_13266,73585.0,20,139.0,0,Legitimate,LEGITIMATE,0.0005,0.05,LOW,V20
TX_MON_13267,79666.0,22,56.94,0,Legitimate,LEGITIMATE,0.0002,0.02,LOW,sin_hour
TX_MON_13268,143434.0,15,1.0,1,Fraud,FRAUD,0.9987,99.87,HIGH,V14
TX_MON_13269,163310.0,21,10.43,0,Legitimate,LEGITIMATE,0.0,0.0,LOW,sin_hour
TX_MON_13270,74359.0,20,99.43,0,Legitimate,LEGITIMATE,0.0028,0.28,LOW,V1
TX_MON_13271,27083.0,7,2.28,0,Legitimate,LEGITIMATE,0.0007,0.07,LOW,V8
TX_MON_13272,151843.0,18,24.8,0,Legitimate,LEGITIMATE,0.0003,0.03,LOW,cos_hour
TX_MON_13273,1507.0,0,1.29,0,Legitimate,LEGITIMATE,0.0002,0.02,LOW,sin_hour
TX_MON_13274,117222.0,8,27.87,0,Legitimate,LEGITIMATE,0.0005,0.05,LOW,V11
TX_MON_13275,42693.0,11,8.0,0,Legitimate,LEGITIMATE,0.0001,0.01,LOW,V1
TX_MON_13276,163669.0,21,5.99,0,Legitimate,LEGITIMATE,0.0012,0.12,LOW,V8
TX_MON_13277,69731.0,19,24.9,0,Legitimate,LEGITIMATE,0.0009,0.09,LOW,cos_hour
TX_MON_13278,147061.0,16,0.76,0,Legitimate,LEGITIMATE,0.0296,2.96,LOW,V14
TX_MON_13279,117880.0,8,100.5,0,Legitimate,LEGITIMATE,0.0,0.0,LOW,V18
TX_MON_13280,97491.0,3,14.95,0,Legitimate,LEGITIMATE,0.0001,0.01,LOW,V11
TX_MON_13281,140109.0,14,64.97,0,Legitimate,LEGITIMATE,0.0,0.0,LOW,sin_hour
TX_MON_13282,68323.0,18,3.88,0,Legitimate,LEGITIMATE,0.0,0.0,LOW,cos_hour
TX_MON_13283,37635.0,10,50.0,0,Legitimate,LEGITIMATE,0.0,0.0,LOW,V3
TX_MON_13284,85357.0,23,339.48,0,Legitimate,LEGITIMATE,0.0001,0.01,LOW,Amount
TX_MON_13285,75170.0,20,2.67,0,Legitimate,LEGITIMATE,0.0004,0.04,LOW,sin_hour
TX_MON_13286,170212.0,23,0.99,0,Legitimate,LEGITIMATE,0.0007,0.07,LOW,sin_hour
TX_MON_13287,136087.0,13,9.99,0,Legitimate,LEGITIMATE,0.0,0.0,LOW,sin_hour
TX_MON_13288,131340.0,12,90.0,0,Legitimate,LEGITIMATE,0.0004,0.04,LOW,sin_hour
TX_MON_13289,157601.0,19,45.75,0,Legitimate,LEGITIMATE,0.0026,0.26,LOW,cos_hour
TX_MON_13290,138942.0,14,727.91,1,Fraud,FRAUD,0.9963,99.63,HIGH,V14
TX_MON_13291,134998.0,13,11.5,0,Legitimate,LEGITIMATE,0.0004,0.04,LOW,sin_hour
TX_MON_13292,116342.0,8,2.67,0,Legitimate,LEGITIMATE,0.0004,0.04,LOW,log_amount
TX_MON_13293,47979.0,13,7.17,0,Legitimate,LEGITIMATE,0.0006,0.06,LOW,sin_hour
TX_MON_13294,155345.0,19,39.29,0,Legitimate,LEGITIMATE,0.0001,0.01,LOW,cos_hour
TX_MON_13295,125658.0,10,0.0,1,Fraud,FRAUD,0.9804,98.04,HIGH,V14
TX_MON_13296,89011.0,0,1.79,0,Legitimate,LEGITIMATE,0.0003,0.03,LOW,log_amount
TX_MON_13297,145307.0,16,18.95,0,Legitimate,LEGITIMATE,0.0,0.0,LOW,V25
TX_MON_13298,81337.0,22,19.9,0,Legitimate,LEGITIMATE,0.054,5.4,LOW,V11
TX_MON_13299,152660.0,18,44.99,0,Legitimate,LEGITIMATE,0.0001,0.01,LOW,cos_hour
TX_MON_13300,73778.0,20,1.29,0,Legitimate,LEGITIMATE,0.0004,0.04,LOW,V1
TX_MON_13301,123416.0,10,1.0,0,Legitimate,LEGITIMATE,0.0,0.0,LOW,log_amount
TX_MON_13302,77195.0,21,21.24,0,Legitimate,LEGITIMATE,0.0088,0.88,LOW,V4
TX_MON_13303,46363.0,12,1964.94,0,Legitimate,LEGITIMATE,0.0001,0.01,LOW,Amount
TX_MON_13304,79921.0,22,9.8,0,Legitimate,LEGITIMATE,0.0002,0.02,LOW,V21
TX_MON_13305,76088.0,21,0.68,0,Legitimate,LEGITIMATE,0.0003,0.03,LOW,log_amount
TX_MON_13306,43562.0,12,29.95,0,Legitimate,LEGITIMATE,0.0002,0.02,LOW,V11
TX_MON_13307,25205.0,7,29.7,0,Legitimate,LEGITIMATE,0.0003,0.03,LOW,cos_hour
TX_MON_13308,82911.0,23,3.96,0,Legitimate,LEGITIMATE,0.0003,0.03,LOW,sin_hour
TX_MON_13309,33275.0,9,227.51,0,Legitimate,LEGITIMATE,0.0005,0.05,LOW,V4
TX_MON_13310,123021.0,10,91.55,0,Legitimate,LEGITIMATE,0.0002,0.02,LOW,V23
TX_MON_13311,65739.0,18,12.0,0,Legitimate,LEGITIMATE,0.0002,0.02,LOW,cos_hour
TX_MON_13312,128572.0,11,28.75,0,Legitimate,LEGITIMATE,0.0009,0.09,LOW,V4
TX_MON_13313,170998.0,23,1000.0,0,Legitimate,LEGITIMATE,0.0001,0.01,LOW,Amount
TX_MON_13314,164693.0,21,1.0,0,Legitimate,LEGITIMATE,0.0001,0.01,LOW,sin_hour
TX_MON_13315,146675.0,16,367.87,0,Legitimate,LEGITIMATE,0.0003,0.03,LOW,Amount
TX_MON_13316,35581.0,9,24.37,0,Legitimate,LEGITIMATE,0.0004,0.04,LOW,V1
TX_MON_13317,147533.0,16,108.75,0,Legitimate,LEGITIMATE,0.0001,0.01,LOW,cos_hour
TX_MON_13318,154734.0,18,29.95,0,Legitimate,LEGITIMATE,0.0,0.0,LOW,cos_hour
TX_MON_13319,170846.0,23,15.0,0,Legitimate,LEGITIMATE,0.0001,0.01,LOW,sin_hour
TX_MON_13320,137083.0,14,144.0,0,Legitimate,LEGITIMATE,0.0044,0.44,LOW,sin_hour
TX_MON_13321,147448.0,16,30.76,0,Legitimate,LEGITIMATE,0.0001,0.01,LOW,cos_hour
TX_MON_13322,156379.0,19,1.8,0,Legitimate,LEGITIMATE,0.0015,0.15,LOW,cos_hour
TX_MON_13323,48545.0,13,138.85,0,Legitimate,LEGITIMATE,0.0005,0.05,LOW,sin_hour
TX_MON_13324,81131.0,22,21.97,0,Legitimate,LEGITIMATE,0.0004,0.04,LOW,sin_hour
TX_MON_13325,29753.0,8,0.68,1,Fraud,FRAUD,0.9916,99.16,HIGH,V14
TX_MON_13326,117665.0,8,384.5,0,Legitimate,LEGITIMATE,0.0025,0.25,LOW,V4
TX_MON_13327,36936.0,10,642.51,0,Legitimate,LEGITIMATE,0.0011,0.11,LOW,Amount
TX_MON_13328,8757.0,2,1.0,1,Fraud,FRAUD,0.9975,99.75,HIGH,V14
TX_MON_13329,38998.0,10,20.44,0,Legitimate,LEGITIMATE,0.0,0.0,LOW,V18
TX_MON_13330,54884.0,15,5.99,0,Legitimate,LEGITIMATE,0.0021,0.21,LOW,V1
TX_MON_13331,49252.0,13,64.95,0,Legitimate,LEGITIMATE,0.0001,0.01,LOW,sin_hour
TX_MON_13332,144440.0,16,5.0,0,Legitimate,LEGITIMATE,0.0011,0.11,LOW,V8
TX_MON_13333,136662.0,13,35.0,0,Legitimate,LEGITIMATE,0.0001,0.01,LOW,sin_hour
TX_MON_13334,64563.0,17,1.98,0,Legitimate,LEGITIMATE,0.0004,0.04,LOW,cos_hour
TX_MON_13335,40143.0,11,16.8,0,Legitimate,LEGITIMATE,0.0004,0.04,LOW,V1
TX_MON_13336,34710.0,9,39.95,0,Legitimate,LEGITIMATE,0.0012,0.12,LOW,V8
TX_MON_13337,45506.0,12,16.99,0,Legitimate,LEGITIMATE,0.0005,0.05,LOW,sin_hour
TX_MON_13338,160737.0,20,1.0,0,Legitimate,LEGITIMATE,0.0001,0.01,LOW,sin_hour
TX_MON_13339,93099.0,1,18.83,0,Legitimate,LEGITIMATE,0.0042,0.42,LOW,V4
TX_MON_13340,143070.0,15,4.49,0,Legitimate,LEGITIMATE,0.0001,0.01,LOW,log_amount
TX_MON_13341,156776.0,19,9.99,0,Legitimate,LEGITIMATE,0.0001,0.01,LOW,cos_hour
TX_MON_13342,51270.0,14,301.0,0,Legitimate,LEGITIMATE,0.0003,0.03,LOW,Amount
TX_MON_13343,80892.0,22,1.79,0,Legitimate,LEGITIMATE,0.0045,0.45,LOW,V14
TX_MON_13344,72634.0,20,26.4,0,Legitimate,LEGITIMATE,0.0009,0.09,LOW,cos_hour
TX_MON_13345,39251.0,10,4.0,0,Legitimate,LEGITIMATE,0.0006,0.06,LOW,log_amount
TX_MON_13346,82307.0,22,259.47,0,Legitimate,LEGITIMATE,0.0002,0.02,LOW,sin_hour
TX_MON_13347,142147.0,15,40.4,0,Legitimate,LEGITIMATE,0.0056,0.56,LOW,V18
TX_MON_13348,64686.0,17,10.66,0,Legitimate,LEGITIMATE,0.0002,0.02,LOW,cos_hour
TX_MON_13349,130406.0,12,59.99,0,Legitimate,LEGITIMATE,0.0,0.0,LOW,sin_hour
TX_MON_13350,168121.0,22,620.01,0,Legitimate,LEGITIMATE,0.0001,0.01,LOW,Amount
TX_MON_13351,134068.0,13,276.86,0,Legitimate,LEGITIMATE,0.0424,4.24,LOW,sin_hour
TX_MON_13352,145079.0,16,16.65,0,Legitimate,LEGITIMATE,0.001,0.1,LOW,V1
TX_MON_13353,44292.0,12,80.53,0,Legitimate,LEGITIMATE,0.0003,0.03,LOW,V4
TX_MON_13354,33947.0,9,9.99,0,Legitimate,LEGITIMATE,0.0001,0.01,LOW,V22
TX_MON_13355,166998.0,22,44.64,0,Legitimate,LEGITIMATE,0.0227,2.27,LOW,sin_hour
TX_MON_13356,136740.0,13,34.71,0,Legitimate,LEGITIMATE,0.0,0.0,LOW,V20
TX_MON_13357,74632.0,20,126.44,0,Legitimate,LEGITIMATE,0.0499,4.99,LOW,sin_hour
TX_MON_13358,129734.0,12,94.95,0,Legitimate,LEGITIMATE,0.0001,0.01,LOW,sin_hour
TX_MON_13359,148584.0,17,17.3,0,Legitimate,LEGITIMATE,0.0004,0.04,LOW,V4
TX_MON_13360,112593.0,7,25.87,0,Legitimate,LEGITIMATE,0.0001,0.01,LOW,V20
TX_MON_13361,166306.0,22,9.51,0,Legitimate,LEGITIMATE,0.0002,0.02,LOW,sin_hour
TX_MON_13362,84943.0,23,426.0,0,Legitimate,LEGITIMATE,0.0002,0.02,LOW,Amount
TX_MON_13363,52785.0,14,547.54,0,Legitimate,LEGITIMATE,0.0003,0.03,LOW,Amount
TX_MON_13364,85634.0,23,11.5,0,Legitimate,LEGITIMATE,0.0008,0.08,LOW,sin_hour
TX_MON_13365,144255.0,16,0.76,0,Legitimate,LEGITIMATE,0.0001,0.01,LOW,log_amount
TX_MON_13366,143476.0,15,2.28,0,Legitimate,LEGITIMATE,0.0041,0.41,LOW,V4
TX_MON_13367,153868.0,18,20.0,0,Legitimate,LEGITIMATE,0.0162,1.62,LOW,cos_hour
TX_MON_13368,133518.0,13,107.81,0,Legitimate,LEGITIMATE,0.0001,0.01,LOW,sin_hour
TX_MON_13369,5297.0,1,14.73,0,Legitimate,LEGITIMATE,0.0002,0.02,LOW,V12
TX_MON_13370,139023.0,14,91.01,0,Legitimate,FRAUD,0.5629,56.29,MEDIUM,V4
TX_MON_13371,117114.0,8,0.1,0,Legitimate,LEGITIMATE,0.0004,0.04,LOW,log_amount
TX_MON_13372,76249.0,21,15.0,0,Legitimate,LEGITIMATE,0.0003,0.03,LOW,V1
TX_MON_13373,86236.0,23,9.99,0,Legitimate,LEGITIMATE,0.0016,0.16,LOW,sin_hour
TX_MON_13374,97361.0,3,39.0,0,Legitimate,LEGITIMATE,0.0001,0.01,LOW,V23
TX_MON_13375,166238.0,22,2.58,0,Legitimate,LEGITIMATE,0.0006,0.06,LOW,sin_hour
TX_MON_13376,8808.0,2,1.1,1,Fraud,FRAUD,0.9978,99.78,HIGH,V14
TX_MON_13377,118628.0,8,103.8,0,Legitimate,LEGITIMATE,0.0002,0.02,LOW,V6
TX_MON_13378,74806.0,20,4.49,0,Legitimate,LEGITIMATE,0.0009,0.09,LOW,V28
TX_MON_13379,100997.0,4,58.94,0,Legitimate,LEGITIMATE,0.0001,0.01,LOW,V11
TX_MON_13380,161218.0,20,7.55,0,Legitimate,LEGITIMATE,0.0008,0.08,LOW,V17
TX_MON_13381,127108.0,11,101.7,0,Legitimate,LEGITIMATE,0.0001,0.01,LOW,sin_hour
TX_MON_13382,31815.0,8,54.95,0,Legitimate,LEGITIMATE,0.0003,0.03,LOW,V28
TX_MON_13383,96953.0,2,4.15,0,Legitimate,LEGITIMATE,0.0001,0.01,LOW,V12
TX_MON_13384,44599.0,12,0.0,0,Legitimate,LEGITIMATE,0.0001,0.01,LOW,log_amount
TX_MON_13385,76297.0,21,130.2,0,Legitimate,LEGITIMATE,0.0089,0.89,LOW,V1
TX_MON_13386,81093.0,22,5.99,0,Legitimate,LEGITIMATE,0.0006,0.06,LOW,sin_hour
TX_MON_13387,145882.0,16,1.0,0,Legitimate,LEGITIMATE,0.0002,0.02,LOW,V1
TX_MON_13388,139579.0,14,39.98,0,Legitimate,LEGITIMATE,0.0009,0.09,LOW,sin_hour
TX_MON_13389,16719.0,4,94.48,0,Legitimate,LEGITIMATE,0.0015,0.15,LOW,V4
TX_MON_13390,91075.0,1,38.76,1,Fraud,FRAUD,0.9455,94.55,HIGH,V14
TX_MON_13391,51071.0,14,11.49,0,Legitimate,LEGITIMATE,0.0004,0.04,LOW,sin_hour
TX_MON_13392,149947.0,17,15.13,0,Legitimate,LEGITIMATE,0.0001,0.01,LOW,V4
TX_MON_13393,45893.0,12,0.67,0,Legitimate,LEGITIMATE,0.0007,0.07,LOW,log_amount
TX_MON_13394,58374.0,16,11.5,0,Legitimate,LEGITIMATE,0.001,0.1,LOW,V4
TX_MON_13395,149453.0,17,11.5,0,Legitimate,LEGITIMATE,0.0002,0.02,LOW,cos_hour
TX_MON_13396,65914.0,18,15.0,0,Legitimate,LEGITIMATE,0.0002,0.02,LOW,cos_hour
TX_MON_13397,67569.0,18,59.14,0,Legitimate,LEGITIMATE,0.0003,0.03,LOW,cos_hour
TX_MON_13398,50209.0,13,1.98,0,Legitimate,LEGITIMATE,0.0017,0.17,LOW,sin_hour
TX_MON_13399,131311.0,12,4.0,0,Legitimate,LEGITIMATE,0.0,0.0,LOW,sin_hour
TX_MON_13400,126966.0,11,219.0,0,Legitimate,LEGITIMATE,0.0051,0.51,LOW,V1
TX_MON_13401,73086.0,20,59.99,0,Legitimate,LEGITIMATE,0.0001,0.01,LOW,V25
TX_MON_13402,60559.0,16,14.5,0,Legitimate,LEGITIMATE,0.0031,0.31,LOW,V1
TX_MON_13403,22917.0,6,11.99,0,Legitimate,LEGITIMATE,0.0002,0.02,LOW,V19
TX_MON_13404,2938.0,0,29.0,0,Legitimate,LEGITIMATE,0.0,0.0,LOW,V22
TX_MON_13405,67703.0,18,1.0,0,Legitimate,LEGITIMATE,0.0008,0.08,LOW,cos_hour
TX_MON_13406,58575.0,16,39.5,0,Legitimate,LEGITIMATE,0.0008,0.08,LOW,V25
TX_MON_13407,51264.0,14,9.99,0,Legitimate,LEGITIMATE,0.0069,0.69,LOW,sin_hour
TX_MON_13408,156685.0,19,187.11,1,Fraud,FRAUD,0.7068,70.68,HIGH,V14
TX_MON_13409,157138.0,19,10.0,0,Legitimate,LEGITIMATE,0.0001,0.01,LOW,cos_hour
TX_MON_13410,79542.0,22,50.96,0,Legitimate,LEGITIMATE,0.0004,0.04,LOW,V4
TX_MON_13411,83379.0,23,11.5,0,Legitimate,LEGITIMATE,0.0002,0.02,LOW,sin_hour
TX_MON_13412,129668.0,12,2.0,1,Fraud,FRAUD,0.9984,99.84,HIGH,V14
TX_MON_13413,58713.0,16,19.95,0,Legitimate,LEGITIMATE,0.0001,0.01,LOW,V23
TX_MON_13414,47565.0,13,9.99,0,Legitimate,LEGITIMATE,0.0007,0.07,LOW,sin_hour
TX_MON_13415,49256.0,13,69.99,0,Legitimate,LEGITIMATE,0.0001,0.01,LOW,V21
TX_MON_13416,64872.0,18,8.99,0,Legitimate,LEGITIMATE,0.0017,0.17,LOW,cos_hour
TX_MON_13417,106237.0,5,82.68,0,Legitimate,LEGITIMATE,0.0015,0.15,LOW,V4
TX_MON_13418,38507.0,10,107.72,0,Legitimate,LEGITIMATE,0.0001,0.01,LOW,V20
TX_MON_13419,36996.0,10,25.0,0,Legitimate,LEGITIMATE,0.0002,0.02,LOW,V25
TX_MON_13420,167073.0,22,7.95,0,Legitimate,LEGITIMATE,0.0002,0.02,LOW,sin_hour
TX_MON_13421,93879.0,2,104.03,1,Fraud,FRAUD,0.9995,99.95,HIGH,V14
TX_MON_13422,68058.0,18,186.3,0,Legitimate,LEGITIMATE,0.0057,0.57,LOW,cos_hour
TX_MON_13423,84025.0,23,4.99,0,Legitimate,LEGITIMATE,0.0005,0.05,LOW,sin_hour
TX_MON_13424,42309.0,11,1214.96,0,Legitimate,LEGITIMATE,0.0002,0.02,LOW,Amount
TX_MON_13425,158751.0,20,149.7,0,Legitimate,LEGITIMATE,0.0001,0.01,LOW,cos_hour
TX_MON_13426,114254.0,7,9.85,0,Legitimate,LEGITIMATE,0.0001,0.01,LOW,V1
TX_MON_13427,88899.0,0,9.99,0,Legitimate,LEGITIMATE,0.0001,0.01,LOW,sin_hour
TX_MON_13428,114777.0,7,0.0,0,Legitimate,LEGITIMATE,0.0115,1.15,LOW,V4
TX_MON_13429,151645.0,18,100.7,0,Legitimate,LEGITIMATE,0.0028,0.28,LOW,cos_hour
TX_MON_13430,119171.0,9,0.0,0,Legitimate,LEGITIMATE,0.0,0.0,LOW,log_amount
TX_MON_13431,152098.0,18,1.0,1,Fraud,FRAUD,0.9992,99.92,HIGH,V14
TX_MON_13432,62025.0,17,12.31,0,Legitimate,LEGITIMATE,0.0183,1.83,LOW,cos_hour
TX_MON_13433,152330.0,18,9.99,0,Legitimate,LEGITIMATE,0.0002,0.02,LOW,cos_hour
TX_MON_13434,146896.0,16,60.0,0,Legitimate,LEGITIMATE,0.0,0.0,LOW,V18
TX_MON_13435,59947.0,16,185.76,0,Legitimate,LEGITIMATE,0.0002,0.02,LOW,V4
TX_MON_13436,73773.0,20,64.0,0,Legitimate,LEGITIMATE,0.0003,0.03,LOW,cos_hour
TX_MON_13437,46007.0,12,28.0,0,Legitimate,LEGITIMATE,0.0001,0.01,LOW,sin_hour
TX_MON_13438,150123.0,17,7.72,0,Legitimate,LEGITIMATE,0.0,0.0,LOW,cos_hour
TX_MON_13439,135170.0,13,12.0,0,Legitimate,LEGITIMATE,0.0,0.0,LOW,sin_hour
TX_MON_13440,162484.0,21,166.36,0,Legitimate,LEGITIMATE,0.0218,2.18,LOW,V14
TX_MON_13441,44108.0,12,1.77,0,Legitimate,LEGITIMATE,0.0003,0.03,LOW,log_amount
TX_MON_13442,129186.0,11,7.18,1,Fraud,FRAUD,0.8342,83.42,HIGH,V4
TX_MON_13443,150468.0,17,0.99,0,Legitimate,LEGITIMATE,0.0001,0.01,LOW,cos_hour
TX_MON_13444,62746.0,17,10.59,0,Legitimate,LEGITIMATE,0.0022,0.22,LOW,V1
TX_MON_13445,164018.0,21,1.98,0,Legitimate,LEGITIMATE,0.0001,0.01,LOW,log_amount
TX_MON_13446,83788.0,23,2.0,0,Legitimate,LEGITIMATE,0.0011,0.11,LOW,sin_hour
TX_MON_13447,154414.0,18,4.8,0,Legitimate,LEGITIMATE,0.0001,0.01,LOW,cos_hour
TX_MON_13448,44370.0,12,25.0,0,Legitimate,LEGITIMATE,0.0003,0.03,LOW,sin_hour
TX_MON_13449,40588.0,11,370.0,0,Legitimate,LEGITIMATE,0.0007,0.07,LOW,V1
TX_MON_13450,152993.0,18,26.0,0,Legitimate,LEGITIMATE,0.001,0.1,LOW,cos_hour
TX_MON_13451,127917.0,11,158.97,0,Legitimate,LEGITIMATE,0.0011,0.11,LOW,V1
TX_MON_13452,164684.0,21,10.0,0,Legitimate,LEGITIMATE,0.0,0.0,LOW,sin_hour
TX_MON_13453,72304.0,20,16.99,0,Legitimate,LEGITIMATE,0.0013,0.13,LOW,cos_hour
TX_MON_13454,142483.0,15,1.98,0,Legitimate,LEGITIMATE,0.0008,0.08,LOW,log_amount
TX_MON_13455,120920.0,9,1392.0,0,Legitimate,LEGITIMATE,0.0002,0.02,LOW,V4
TX_MON_13456,151040.0,17,5.95,0,Legitimate,LEGITIMATE,0.0047,0.47,LOW,cos_hour
TX_MON_13457,89513.0,0,8.53,0,Legitimate,LEGITIMATE,0.0001,0.01,LOW,V3
TX_MON_13458,41488.0,11,64.96,0,Legitimate,LEGITIMATE,0.0001,0.01,LOW,sin_hour
TX_MON_13459,141452.0,15,20.0,0,Legitimate,LEGITIMATE,0.0056,0.56,LOW,sin_hour
TX_MON_13460,81683.0,22,7.19,0,Legitimate,LEGITIMATE,0.0005,0.05,LOW,sin_hour
TX_MON_13461,84505.0,23,1.0,0,Legitimate,LEGITIMATE,0.0,0.0,LOW,sin_hour
TX_MON_13462,133709.0,13,9.95,0,Legitimate,LEGITIMATE,0.0001,0.01,LOW,sin_hour
TX_MON_13463,152634.0,18,13.86,0,Legitimate,LEGITIMATE,0.0007,0.07,LOW,cos_hour
TX_MON_13464,39242.0,10,1.98,0,Legitimate,LEGITIMATE,0.0003,0.03,LOW,log_amount
TX_MON_13465,70165.0,19,78.95,0,Legitimate,LEGITIMATE,0.0003,0.03,LOW,cos_hour
TX_MON_13466,144722.0,16,28.42,0,Legitimate,LEGITIMATE,0.0001,0.01,LOW,V20
TX_MON_13467,132812.0,12,0.74,0,Legitimate,LEGITIMATE,0.0005,0.05,LOW,log_amount
TX_MON_13468,81278.0,22,1.79,0,Legitimate,LEGITIMATE,0.0003,0.03,LOW,sin_hour
TX_MON_13469,35422.0,9,2.31,0,Legitimate,LEGITIMATE,0.0001,0.01,LOW,log_amount
TX_MON_13470,153599.0,18,4.0,0,Legitimate,LEGITIMATE,0.0,0.0,LOW,cos_hour
TX_MON_13471,33682.0,9,13.26,0,Legitimate,LEGITIMATE,0.0003,0.03,LOW,V25
TX_MON_13472,70081.0,19,75.0,0,Legitimate,LEGITIMATE,0.0008,0.08,LOW,cos_hour
TX_MON_13473,161110.0,20,90.0,0,Legitimate,LEGITIMATE,0.0001,0.01,LOW,V20
TX_MON_13474,69990.0,19,0.89,0,Legitimate,LEGITIMATE,0.0006,0.06,LOW,cos_hour
TX_MON_13475,51339.0,14,22.73,0,Legitimate,LEGITIMATE,0.0001,0.01,LOW,sin_hour
TX_MON_13476,116248.0,8,64.54,0,Legitimate,LEGITIMATE,0.0003,0.03,LOW,V18
TX_MON_13477,147266.0,16,0.01,0,Legitimate,LEGITIMATE,0.0009,0.09,LOW,log_amount
TX_MON_13478,78548.0,21,35.99,0,Legitimate,LEGITIMATE,0.0008,0.08,LOW,sin_hour
TX_MON_13479,40280.0,11,9.99,0,Legitimate,LEGITIMATE,0.0012,0.12,LOW,V1
TX_MON_13480,52374.0,14,2249.0,0,Legitimate,LEGITIMATE,0.0052,0.52,LOW,V21
TX_MON_13481,14073.0,3,1.0,1,Fraud,FRAUD,0.9977,99.77,HIGH,V14
TX_MON_13482,160034.0,20,4.9,1,Fraud,FRAUD,0.9981,99.81,HIGH,V14
TX_MON_13483,52033.0,14,52.06,0,Legitimate,LEGITIMATE,0.0018,0.18,LOW,sin_hour
TX_MON_13484,144497.0,16,8.16,0,Legitimate,LEGITIMATE,0.0,0.0,LOW,V11
TX_MON_13485,78731.0,21,3.07,0,Legitimate,LEGITIMATE,0.0011,0.11,LOW,sin_hour
TX_MON_13486,51279.0,14,9.99,0,Legitimate,LEGITIMATE,0.0006,0.06,LOW,sin_hour
TX_MON_13487,82620.0,22,6.98,0,Legitimate,LEGITIMATE,0.0,0.0,LOW,sin_hour
TX_MON_13488,14152.0,3,1.0,1,Fraud,FRAUD,0.9973,99.73,HIGH,V14
TX_MON_13489,122348.0,9,68.26,0,Legitimate,LEGITIMATE,0.0005,0.05,LOW,V4
TX_MON_13490,30605.0,8,25.4,0,Legitimate,LEGITIMATE,0.0001,0.01,LOW,V14
TX_MON_13491,97036.0,2,42.9,0,Legitimate,LEGITIMATE,0.0,0.0,LOW,V20
TX_MON_13492,46790.0,12,659.96,0,Legitimate,LEGITIMATE,0.0015,0.15,LOW,V4
TX_MON_13493,3283.0,0,17.88,0,Legitimate,LEGITIMATE,0.0005,0.05,LOW,V1
TX_MON_13494,38404.0,10,15.0,0,Legitimate,LEGITIMATE,0.0011,0.11,LOW,V20
TX_MON_13495,82721.0,22,15.91,0,Legitimate,LEGITIMATE,0.0005,0.05,LOW,sin_hour
TX_MON_13496,138412.0,14,243.41,0,Legitimate,LEGITIMATE,0.0004,0.04,LOW,V22
TX_MON_13497,17187.0,4,3.79,1,Fraud,FRAUD,0.7822,78.22,HIGH,V4
TX_MON_13498,168164.0,22,14.83,0,Legitimate,LEGITIMATE,0.0008,0.08,LOW,sin_hour
TX_MON_13499,71114.0,19,760.0,0,Legitimate,LEGITIMATE,0.0019,0.19,LOW,Amount
TX_MON_13500,52814.0,14,519.9,1,Fraud,LEGITIMATE,0.0456,4.56,LOW,Amount
TX_MON_13501,58221.0,16,151.37,0,Legitimate,LEGITIMATE,0.0347,3.47,LOW,V4
TX_MON_13502,25647.0,7,49.9,0,Legitimate,LEGITIMATE,0.0007,0.07,LOW,cos_hour
TX_MON_13503,85593.0,23,50.0,0,Legitimate,LEGITIMATE,0.0002,0.02,LOW,sin_hour
TX_MON_13504,58152.0,16,264.47,0,Legitimate,LEGITIMATE,0.0003,0.03,LOW,V16
TX_MON_13505,53295.0,14,1.98,0,Legitimate,LEGITIMATE,0.0013,0.13,LOW,sin_hour
TX_MON_13506,136732.0,13,1.0,0,Legitimate,LEGITIMATE,0.009,0.9,LOW,sin_hour
TX_MON_13507,114869.0,7,368.65,0,Legitimate,LEGITIMATE,0.0003,0.03,LOW,Amount
TX_MON_13508,172347.0,23,22.62,0,Legitimate,LEGITIMATE,0.0,0.0,LOW,sin_hour
TX_MON_13509,131947.0,12,6.68,0,Legitimate,LEGITIMATE,0.0012,0.12,LOW,sin_hour
TX_MON_13510,115045.0,7,12.99,0,Legitimate,LEGITIMATE,0.0059,0.59,LOW,V1
TX_MON_13511,114888.0,7,24.64,0,Legitimate,LEGITIMATE,0.0,0.0,LOW,V7
TX_MON_13512,150343.0,17,2.81,0,Legitimate,LEGITIMATE,0.0003,0.03,LOW,cos_hour
TX_MON_13513,64679.0,17,0.0,0,Legitimate,LEGITIMATE,0.0003,0.03,LOW,V4
TX_MON_13514,119145.0,9,25.9,0,Legitimate,LEGITIMATE,0.0001,0.01,LOW,V18
TX_MON_13515,142702.0,15,127.96,0,Legitimate,LEGITIMATE,0.0005,0.05,LOW,sin_hour
TX_MON_13516,162427.0,21,79.99,0,Legitimate,LEGITIMATE,0.0001,0.01,LOW,sin_hour
TX_MON_13517,28909.0,8,24.99,0,Legitimate,LEGITIMATE,0.0001,0.01,LOW,V11
TX_MON_13518,29647.0,8,50.07,0,Legitimate,LEGITIMATE,0.0,0.0,LOW,V3
TX_MON_13519,87023.0,0,279.46,0,Legitimate,LEGITIMATE,0.0004,0.04,LOW,Amount
TX_MON_13520,47982.0,13,0.76,1,Fraud,FRAUD,0.997,99.7,HIGH,V14
TX_MON_13521,4462.0,1,239.93,1,Fraud,FRAUD,0.7825,78.25,HIGH,V4
TX_MON_13522,119011.0,9,902.62,0,Legitimate,LEGITIMATE,0.0001,0.01,LOW,Amount
TX_MON_13523,43671.0,12,1.0,0,Legitimate,LEGITIMATE,0.0004,0.04,LOW,V14
TX_MON_13524,147578.0,16,10.0,0,Legitimate,LEGITIMATE,0.007,0.7,LOW,V4
TX_MON_13525,60289.0,16,70.2,0,Legitimate,LEGITIMATE,0.0001,0.01,LOW,V22
TX_MON_13526,159625.0,20,55.0,0,Legitimate,LEGITIMATE,0.0001,0.01,LOW,cos_hour
TX_MON_13527,49164.0,13,3.69,0,Legitimate,LEGITIMATE,0.0,0.0,LOW,sin_hour
TX_MON_13528,166626.0,22,7.7,0,Legitimate,LEGITIMATE,0.0001,0.01,LOW,sin_hour
TX_MON_13529,148220.0,17,60.72,0,Legitimate,LEGITIMATE,0.0014,0.14,LOW,V14
TX_MON_13530,120909.0,9,35.9,0,Legitimate,LEGITIMATE,0.0003,0.03,LOW,V20
TX_MON_13531,28502.0,7,54.9,0,Legitimate,LEGITIMATE,0.0002,0.02,LOW,V23
TX_MON_13532,28401.0,7,15.0,0,Legitimate,LEGITIMATE,0.0001,0.01,LOW,cos_hour
TX_MON_13533,44646.0,12,804.86,0,Legitimate,LEGITIMATE,0.0024,0.24,LOW,Amount
TX_MON_13534,117826.0,8,1428.44,0,Legitimate,LEGITIMATE,0.0009,0.09,LOW,V8
TX_MON_13535,68024.0,18,322.9,0,Legitimate,LEGITIMATE,0.0085,0.85,LOW,V4
TX_MON_13536,32771.0,9,4.76,0,Legitimate,LEGITIMATE,0.0006,0.06,LOW,log_amount
TX_MON_13537,84224.0,23,1.79,0,Legitimate,LEGITIMATE,0.0006,0.06,LOW,sin_hour
TX_MON_13538,21046.0,5,1.0,1,Fraud,FRAUD,0.9981,99.81,HIGH,V14
TX_MON_13539,152858.0,18,42.81,0,Legitimate,LEGITIMATE,0.0019,0.19,LOW,cos_hour
TX_MON_13540,145332.0,16,70.0,0,Legitimate,LEGITIMATE,0.0024,0.24,LOW,V19
TX_MON_13541,148182.0,17,3.39,0,Legitimate,LEGITIMATE,0.0,0.0,LOW,cos_hour
TX_MON_13542,141759.0,15,3.56,0,Legitimate,LEGITIMATE,0.0041,0.41,LOW,log_amount
TX_MON_13543,137638.0,14,4.49,0,Legitimate,LEGITIMATE,0.0031,0.31,LOW,V1
TX_MON_13544,45082.0,12,1.79,0,Legitimate,LEGITIMATE,0.0007,0.07,LOW,sin_hour
TX_MON_13545,122030.0,9,1.02,0,Legitimate,LEGITIMATE,0.0005,0.05,LOW,V8
TX_MON_13546,159761.0,20,3789.8,0,Legitimate,LEGITIMATE,0.0007,0.07,LOW,V4
TX_MON_13547,164445.0,21,2.39,0,Legitimate,LEGITIMATE,0.0,0.0,LOW,sin_hour
TX_MON_13548,46856.0,13,16.34,0,Legitimate,LEGITIMATE,0.0018,0.18,LOW,V4
TX_MON_13549,49764.0,13,297.99,0,Legitimate,LEGITIMATE,0.0593,5.93,LOW,Amount
TX_MON_13550,65244.0,18,13.46,0,Legitimate,LEGITIMATE,0.0049,0.49,LOW,cos_hour
TX_MON_13551,50248.0,13,74.99,0,Legitimate,LEGITIMATE,0.0058,0.58,LOW,sin_hour
TX_MON_13552,153613.0,18,234.57,0,Legitimate,LEGITIMATE,0.1442,14.42,LOW,V14
TX_MON_13553,122575.0,10,44.1,0,Legitimate,LEGITIMATE,0.0003,0.03,LOW,V4
TX_MON_13554,29062.0,8,10.0,0,Legitimate,LEGITIMATE,0.0001,0.01,LOW,V20
TX_MON_13555,74538.0,20,0.0,0,Legitimate,LEGITIMATE,0.0004,0.04,LOW,sin_hour
TX_MON_13556,42712.0,11,56.29,0,Legitimate,LEGITIMATE,0.0009,0.09,LOW,V1
TX_MON_13557,153091.0,18,3.77,0,Legitimate,LEGITIMATE,0.0,0.0,LOW,cos_hour
TX_MON_13558,153234.0,18,571.2,0,Legitimate,LEGITIMATE,0.0016,0.16,LOW,Amount
TX_MON_13559,88467.0,0,1.78,0,Legitimate,LEGITIMATE,0.0001,0.01,LOW,V1
TX_MON_13560,68584.0,19,2.69,0,Legitimate,LEGITIMATE,0.0007,0.07,LOW,cos_hour
TX_MON_13561,134254.0,13,69.0,0,Legitimate,LEGITIMATE,0.0003,0.03,LOW,sin_hour
TX_MON_13562,7672.0,2,1.0,1,Fraud,FRAUD,0.9983,99.83,HIGH,V14
TX_MON_13563,133128.0,12,100.0,0,Legitimate,LEGITIMATE,0.0,0.0,LOW,sin_hour
TX_MON_13564,141512.0,15,21.16,0,Legitimate,LEGITIMATE,0.0002,0.02,LOW,sin_hour
TX_MON_13565,122016.0,9,36.0,0,Legitimate,LEGITIMATE,0.0001,0.01,LOW,V20
TX_MON_13566,152151.0,18,28.4,0,Legitimate,LEGITIMATE,0.0002,0.02,LOW,cos_hour
TX_MON_13567,26489.0,7,13.27,0,Legitimate,LEGITIMATE,0.0001,0.01,LOW,cos_hour
TX_MON_13568,54665.0,15,9.99,0,Legitimate,LEGITIMATE,0.0002,0.02,LOW,sin_hour
TX_MON_13569,35259.0,9,17.4,0,Legitimate,LEGITIMATE,0.0002,0.02,LOW,V7
TX_MON_13570,88321.0,0,29.47,0,Legitimate,LEGITIMATE,0.0019,0.19,LOW,V4
TX_MON_13571,149946.0,17,135.0,0,Legitimate,LEGITIMATE,0.0001,0.01,LOW,V4
TX_MON_13572,145619.0,16,29.6,0,Legitimate,LEGITIMATE,0.0001,0.01,LOW,V18
TX_MON_13573,159867.0,20,1.0,0,Legitimate,LEGITIMATE,0.0034,0.34,LOW,V8
TX_MON_13574,94090.0,2,7.0,0,Legitimate,LEGITIMATE,0.0004,0.04,LOW,V12
TX_MON_13575,170897.0,23,37.09,0,Legitimate,LEGITIMATE,0.0001,0.01,LOW,sin_hour
TX_MON_13576,143962.0,15,945.9,0,Legitimate,LEGITIMATE,0.0032,0.32,LOW,V4
TX_MON_13577,126530.0,11,63.65,0,Legitimate,LEGITIMATE,0.0002,0.02,LOW,V25
TX_MON_13578,157233.0,19,224.0,0,Legitimate,LEGITIMATE,0.0024,0.24,LOW,cos_hour
TX_MON_13579,144839.0,16,0.0,1,Fraud,FRAUD,0.9986,99.86,HIGH,V14
TX_MON_13580,7069.0,1,1.98,0,Legitimate,LEGITIMATE,0.0,0.0,LOW,log_amount
TX_MON_13581,61220.0,17,1138.26,0,Legitimate,LEGITIMATE,0.0086,0.86,LOW,V4
TX_MON_13582,151204.0,18,174.99,0,Legitimate,LEGITIMATE,0.0001,0.01,LOW,V8
TX_MON_13583,136068.0,13,118.32,0,Legitimate,LEGITIMATE,0.0001,0.01,LOW,sin_hour
TX_MON_13584,153761.0,18,51.37,1,Fraud,FRAUD,0.9948,99.48,HIGH,V14
TX_MON_13585,93860.0,2,188.52,1,Fraud,FRAUD,0.9996,99.96,HIGH,V14
TX_MON_13586,35559.0,9,2.0,0,Legitimate,LEGITIMATE,0.0034,0.34,LOW,V20
TX_MON_13587,43028.0,11,204.27,1,Fraud,FRAUD,0.9617,96.17,HIGH,V14
TX_MON_13588,83364.0,23,12.99,0,Legitimate,LEGITIMATE,0.0004,0.04,LOW,sin_hour
TX_MON_13589,114823.0,7,29.95,0,Legitimate,LEGITIMATE,0.0,0.0,LOW,V18
TX_MON_13590,59038.0,16,54.03,0,Legitimate,LEGITIMATE,0.0007,0.07,LOW,V1
TX_MON_13591,62052.0,17,111.6,0,Legitimate,LEGITIMATE,0.0001,0.01,LOW,cos_hour
TX_MON_13592,144908.0,16,337.66,0,Legitimate,LEGITIMATE,0.0001,0.01,LOW,Amount
TX_MON_13593,66946.0,18,7.99,0,Legitimate,LEGITIMATE,0.0005,0.05,LOW,cos_hour
TX_MON_13594,130633.0,12,8.99,0,Legitimate,LEGITIMATE,0.0007,0.07,LOW,sin_hour
TX_MON_13595,142070.0,15,207.29,0,Legitimate,LEGITIMATE,0.0006,0.06,LOW,V6
TX_MON_13596,116067.0,8,65.0,1,Fraud,FRAUD,0.9254,92.54,HIGH,V14
TX_MON_13597,75486.0,20,1.98,0,Legitimate,LEGITIMATE,0.0006,0.06,LOW,sin_hour
TX_MON_13598,131685.0,12,147.35,0,Legitimate,LEGITIMATE,0.0001,0.01,LOW,sin_hour
TX_MON_13599,37712.0,10,568.89,0,Legitimate,LEGITIMATE,0.0002,0.02,LOW,Amount
TX_MON_13600,85285.0,23,0.0,1,Fraud,FRAUD,0.9976,99.76,HIGH,V14
TX_MON_13601,45254.0,12,6.82,0,Legitimate,LEGITIMATE,0.0019,0.19,LOW,sin_hour
TX_MON_13602,61274.0,17,24.99,0,Legitimate,LEGITIMATE,0.0004,0.04,LOW,cos_hour
TX_MON_13603,14537.0,4,18.11,0,Legitimate,LEGITIMATE,0.0001,0.01,LOW,cos_hour
TX_MON_13604,62277.0,17,0.99,0,Legitimate,LEGITIMATE,0.0002,0.02,LOW,V11
TX_MON_13605,86376.0,23,323.77,1,Fraud,FRAUD,0.836,83.6,HIGH,V4
TX_MON_13606,31303.0,8,52.7,0,Legitimate,LEGITIMATE,0.0004,0.04,LOW,V28
TX_MON_13607,42283.0,11,2.0,0,Legitimate,LEGITIMATE,0.0,0.0,LOW,log_amount
TX_MON_13608,76575.0,21,219.8,1,Fraud,FRAUD,0.9976,99.76,HIGH,V14
TX_MON_13609,101313.0,4,2.28,1,Fraud,FRAUD,0.9985,99.85,HIGH,V14
TX_MON_13610,101450.0,4,157.29,0,Legitimate,LEGITIMATE,0.0001,0.01,LOW,cos_hour
TX_MON_13611,122250.0,9,39.11,0,Legitimate,LEGITIMATE,0.0014,0.14,LOW,V14
TX_MON_13612,1046.0,0,1.0,0,Legitimate,LEGITIMATE,0.0001,0.01,LOW,sin_hour
TX_MON_13613,74239.0,20,10.99,0,Legitimate,LEGITIMATE,0.0007,0.07,LOW,sin_hour
TX_MON_13614,68630.0,19,20.9,0,Legitimate,LEGITIMATE,0.0002,0.02,LOW,cos_hour
TX_MON_13615,34831.0,9,150.37,0,Legitimate,LEGITIMATE,0.0004,0.04,LOW,V1
TX_MON_13616,123595.0,10,0.0,0,Legitimate,LEGITIMATE,0.0,0.0,LOW,log_amount
TX_MON_13617,160539.0,20,37.15,0,Legitimate,LEGITIMATE,0.0001,0.01,LOW,cos_hour
TX_MON_13618,122001.0,9,1.14,0,Legitimate,LEGITIMATE,0.0003,0.03,LOW,log_amount
TX_MON_13619,165227.0,21,32.0,0,Legitimate,LEGITIMATE,0.0001,0.01,LOW,sin_hour
TX_MON_13620,60970.0,16,1.98,0,Legitimate,LEGITIMATE,0.0003,0.03,LOW,cos_hour
TX_MON_13621,82665.0,22,8.38,0,Legitimate,LEGITIMATE,0.0004,0.04,LOW,sin_hour
TX_MON_13622,172717.0,23,9.99,0,Legitimate,LEGITIMATE,0.0,0.0,LOW,sin_hour
TX_MON_13623,77154.0,21,129.0,1,Fraud,FRAUD,0.6126,61.26,MEDIUM,V14
TX_MON_13624,124114.0,10,86.6,0,Legitimate,LEGITIMATE,0.0001,0.01,LOW,V1
TX_MON_13625,668.0,0,3.1,0,Legitimate,LEGITIMATE,0.0019,0.19,LOW,V20
TX_MON_13626,134666.0,13,19.89,0,Legitimate,LEGITIMATE,0.0004,0.04,LOW,V1
TX_MON_13627,125938.0,10,22.8,0,Legitimate,LEGITIMATE,0.0016,0.16,LOW,V1
TX_MON_13628,97121.0,2,8.64,1,Fraud,FRAUD,0.9991,99.91,HIGH,V14
TX_MON_13629,158869.0,20,33.46,0,Legitimate,LEGITIMATE,0.0008,0.08,LOW,cos_hour
TX_MON_13630,130319.0,12,33.97,0,Legitimate,LEGITIMATE,0.0061,0.61,LOW,V1
TX_MON_13631,52564.0,14,38.24,0,Legitimate,LEGITIMATE,0.0001,0.01,LOW,sin_hour
TX_MON_13632,133207.0,13,0.89,0,Legitimate,LEGITIMATE,0.0004,0.04,LOW,sin_hour
TX_MON_13633,80995.0,22,3.07,0,Legitimate,LEGITIMATE,0.0015,0.15,LOW,sin_hour
TX_MON_13634,8408.0,2,1.0,1,Fraud,FRAUD,0.9974,99.74,HIGH,V14
TX_MON_13635,77145.0,21,0.77,0,Legitimate,LEGITIMATE,0.0002,0.02,LOW,sin_hour
TX_MON_13636,128533.0,11,62.48,0,Legitimate,LEGITIMATE,0.0004,0.04,LOW,sin_hour
TX_MON_13637,81528.0,22,109.0,0,Legitimate,LEGITIMATE,0.0002,0.02,LOW,sin_hour
TX_MON_13638,65285.0,18,96.66,0,Legitimate,LEGITIMATE,0.0006,0.06,LOW,cos_hour
TX_MON_13639,168925.0,22,2.69,0,Legitimate,LEGITIMATE,0.0,0.0,LOW,sin_hour
TX_MON_13640,139581.0,14,77.42,0,Legitimate,LEGITIMATE,0.0002,0.02,LOW,sin_hour
TX_MON_13641,161779.0,20,16.43,0,Legitimate,LEGITIMATE,0.0022,0.22,LOW,V14
TX_MON_13642,68419.0,19,6.47,0,Legitimate,LEGITIMATE,0.0009,0.09,LOW,V4
TX_MON_13643,76534.0,21,8.99,0,Legitimate,LEGITIMATE,0.0004,0.04,LOW,V1
TX_MON_13644,15817.0,4,11.39,1,Fraud,FRAUD,0.9908,99.08,HIGH,V14
TX_MON_13645,131024.0,12,723.21,1,Fraud,LEGITIMATE,0.1069,10.69,LOW,V14
TX_MON_13646,158941.0,20,54.99,0,Legitimate,LEGITIMATE,0.0001,0.01,LOW,cos_hour
TX_MON_13647,55760.0,15,311.91,1,Fraud,FRAUD,0.9376,93.76,HIGH,V4
TX_MON_13648,7322.0,2,21.0,0,Legitimate,LEGITIMATE,0.0004,0.04,LOW,V12
TX_MON_13649,158091.0,19,38.52,0,Legitimate,LEGITIMATE,0.0001,0.01,LOW,V21
TX_MON_13650,147510.0,16,179.99,0,Legitimate,LEGITIMATE,0.0002,0.02,LOW,V23
TX_MON_13651,133714.0,13,178.0,0,Legitimate,LEGITIMATE,0.0004,0.04,LOW,sin_hour
TX_MON_13652,114254.0,7,0.76,0,Legitimate,LEGITIMATE,0.0002,0.02,LOW,log_amount
TX_MON_13653,57067.0,15,3.51,0,Legitimate,LEGITIMATE,0.0001,0.01,LOW,log_amount
TX_MON_13654,79560.0,22,14.95,0,Legitimate,LEGITIMATE,0.0002,0.02,LOW,sin_hour
TX_MON_13655,47292.0,13,15.0,0,Legitimate,LEGITIMATE,0.0005,0.05,LOW,sin_hour
TX_MON_13656,126396.0,11,19.8,0,Legitimate,LEGITIMATE,0.0002,0.02,LOW,V20
TX_MON_13657,110540.0,6,1.0,0,Legitimate,LEGITIMATE,0.0036,0.36,LOW,V12
TX_MON_13658,46184.0,12,29.0,0,Legitimate,LEGITIMATE,0.0001,0.01,LOW,sin_hour
TX_MON_13659,67741.0,18,17.23,0,Legitimate,LEGITIMATE,0.0001,0.01,LOW,cos_hour
TX_MON_13660,83434.0,23,1.98,0,Legitimate,LEGITIMATE,0.0131,1.31,LOW,sin_hour
TX_MON_13661,33443.0,9,1948.68,0,Legitimate,LEGITIMATE,0.0002,0.02,LOW,V4
TX_MON_13662,164194.0,21,30.05,0,Legitimate,LEGITIMATE,0.0001,0.01,LOW,sin_hour
TX_MON_13663,127277.0,11,200.0,0,Legitimate,LEGITIMATE,0.0004,0.04,LOW,V1
TX_MON_13664,146179.0,16,0.77,1,Fraud,FRAUD,0.9949,99.49,HIGH,V14
TX_MON_13665,165291.0,21,15.0,0,Legitimate,LEGITIMATE,0.0038,0.38,LOW,sin_hour
TX_MON_13666,68065.0,18,1.98,0,Legitimate,LEGITIMATE,0.0009,0.09,LOW,cos_hour
TX_MON_13667,163167.0,21,6.45,0,Legitimate,LEGITIMATE,0.0,0.0,LOW,sin_hour
TX_MON_13668,21108.0,5,29.95,0,Legitimate,LEGITIMATE,0.0013,0.13,LOW,V4
TX_MON_13669,110112.0,6,2.99,0,Legitimate,LEGITIMATE,0.0,0.0,LOW,V12
TX_MON_13670,147018.0,16,170.67,0,Legitimate,LEGITIMATE,0.0042,0.42,LOW,V4
TX_MON_13671,156363.0,19,49.95,0,Legitimate,LEGITIMATE,0.0001,0.01,LOW,cos_hour
TX_MON_13672,53404.0,14,0.89,0,Legitimate,LEGITIMATE,0.0005,0.05,LOW,sin_hour
TX_MON_13673,35247.0,9,175.0,0,Legitimate,LEGITIMATE,0.0007,0.07,LOW,V1
TX_MON_13674,146013.0,16,37.72,0,Legitimate,LEGITIMATE,0.0,0.0,LOW,V14
TX_MON_13675,128141.0,11,155.8,0,Legitimate,LEGITIMATE,0.0,0.0,LOW,sin_hour
TX_MON_13676,115439.0,8,1.0,0,Legitimate,LEGITIMATE,0.0007,0.07,LOW,log_amount
TX_MON_13677,41743.0,11,802.52,1,Fraud,FRAUD,0.9494,94.94,HIGH,V14
TX_MON_13678,147121.0,16,220.0,0,Legitimate,LEGITIMATE,0.0003,0.03,LOW,cos_hour
TX_MON_13679,127376.0,11,0.99,0,Legitimate,LEGITIMATE,0.0,0.0,LOW,sin_hour
TX_MON_13680,110087.0,6,1.0,1,Fraud,FRAUD,0.7719,77.19,HIGH,V4
TX_MON_13681,142409.0,15,2.0,1,Fraud,FRAUD,0.997,99.7,HIGH,V14
TX_MON_13682,143001.0,15,352.06,0,Legitimate,LEGITIMATE,0.0004,0.04,LOW,Amount
TX_MON_13683,121291.0,9,64.0,0,Legitimate,LEGITIMATE,0.0008,0.08,LOW,V25
TX_MON_13684,117553.0,8,4.49,0,Legitimate,LEGITIMATE,0.0001,0.01,LOW,V21
TX_MON_13685,78888.0,21,6.01,0,Legitimate,LEGITIMATE,0.0002,0.02,LOW,V8
TX_MON_13686,146026.0,16,2.22,1,Fraud,LEGITIMATE,0.1513,15.13,LOW,V14
TX_MON_13687,91856.0,1,52.0,0,Legitimate,LEGITIMATE,0.0001,0.01,LOW,V12
TX_MON_13688,146699.0,16,98.72,0,Legitimate,LEGITIMATE,0.0,0.0,LOW,V22
TX_MON_13689,43104.0,11,1.0,0,Legitimate,LEGITIMATE,0.0007,0.07,LOW,sin_hour
TX_MON_13690,172532.0,23,50.37,0,Legitimate,LEGITIMATE,0.0027,0.27,LOW,sin_hour
TX_MON_13691,18675.0,5,188.78,1,Fraud,FRAUD,0.9989,99.89,HIGH,V14
TX_MON_13692,118563.0,8,19.17,0,Legitimate,LEGITIMATE,0.0,0.0,LOW,V20
TX_MON_13693,56311.0,15,59.45,0,Legitimate,LEGITIMATE,0.0004,0.04,LOW,sin_hour
TX_MON_13694,68242.0,18,1.98,0,Legitimate,LEGITIMATE,0.0007,0.07,LOW,cos_hour
TX_MON_13695,75992.0,21,293.96,0,Legitimate,LEGITIMATE,0.0001,0.01,LOW,Amount
TX_MON_13696,145873.0,16,10.62,0,Legitimate,LEGITIMATE,0.0017,0.17,LOW,V4
TX_MON_13697,143981.0,15,9.99,0,Legitimate,LEGITIMATE,0.0001,0.01,LOW,V26
TX_MON_13698,71701.0,19,36.72,0,Legitimate,LEGITIMATE,0.0002,0.02,LOW,cos_hour
TX_MON_13699,136586.0,13,18.6,0,Legitimate,LEGITIMATE,0.0001,0.01,LOW,V23
TX_MON_13700,51286.0,14,0.76,0,Legitimate,LEGITIMATE,0.0107,1.07,LOW,sin_hour
TX_MON_13701,27906.0,7,1.0,0,Legitimate,LEGITIMATE,0.0002,0.02,LOW,V8
TX_MON_13702,157319.0,19,10.99,0,Legitimate,LEGITIMATE,0.0035,0.35,LOW,V1
TX_MON_13703,129235.0,11,0.76,0,Legitimate,LEGITIMATE,0.0001,0.01,LOW,log_amount
TX_MON_13704,159921.0,20,20.49,0,Legitimate,LEGITIMATE,0.0002,0.02,LOW,cos_hour
TX_MON_13705,58893.0,16,46.73,0,Legitimate,LEGITIMATE,0.0005,0.05,LOW,V20
TX_MON_13706,153031.0,18,410.0,0,Legitimate,LEGITIMATE,0.0048,0.48,LOW,cos_hour
TX_MON_13707,74347.0,20,12.61,0,Legitimate,LEGITIMATE,0.0005,0.05,LOW,sin_hour
TX_MON_13708,115691.0,8,17.06,1,Fraud,FRAUD,0.9948,99.48,HIGH,V14
TX_MON_13709,64585.0,17,0.0,1,Fraud,FRAUD,0.7799,77.99,HIGH,V4
TX_MON_13710,56094.0,15,386.45,0,Legitimate,LEGITIMATE,0.0003,0.03,LOW,Amount
TX_MON_13711,124046.0,10,21.65,0,Legitimate,LEGITIMATE,0.0002,0.02,LOW,V8
TX_MON_13712,7740.0,2,1.0,1,Fraud,FRAUD,0.996,99.6,HIGH,V14
TX_MON_13713,144896.0,16,290.0,0,Legitimate,LEGITIMATE,0.0003,0.03,LOW,Amount
TX_MON_13714,38555.0,10,27.0,0,Legitimate,LEGITIMATE,0.0003,0.03,LOW,V20
TX_MON_13715,12973.0,3,0.0,0,Legitimate,LEGITIMATE,0.0071,0.71,LOW,V4
TX_MON_13716,155627.0,19,9.99,0,Legitimate,LEGITIMATE,0.0007,0.07,LOW,cos_hour
TX_MON_13717,73523.0,20,16.99,0,Legitimate,LEGITIMATE,0.0004,0.04,LOW,sin_hour
TX_MON_13718,60555.0,16,2.69,0,Legitimate,LEGITIMATE,0.0007,0.07,LOW,V1
TX_MON_13719,167359.0,22,1.79,0,Legitimate,LEGITIMATE,0.0002,0.02,LOW,log_amount
TX_MON_13720,34212.0,9,1.98,0,Legitimate,LEGITIMATE,0.0006,0.06,LOW,log_amount
TX_MON_13721,116182.0,8,1.98,0,Legitimate,LEGITIMATE,0.0076,0.76,LOW,V1
TX_MON_13722,159883.0,20,90.7,0,Legitimate,LEGITIMATE,0.0003,0.03,LOW,V20
TX_MON_13723,126427.0,11,99.58,0,Legitimate,LEGITIMATE,0.0013,0.13,LOW,V4
TX_MON_13724,36170.0,10,111.7,1,Fraud,FRAUD,0.9984,99.84,HIGH,V14
TX_MON_13725,165389.0,21,80.0,0,Legitimate,LEGITIMATE,0.0001,0.01,LOW,sin_hour
TX_MON_13726,52991.0,14,31.7,0,Legitimate,LEGITIMATE,0.0013,0.13,LOW,sin_hour
TX_MON_13727,53031.0,14,0.76,1,Fraud,FRAUD,0.9985,99.85,HIGH,V14
TX_MON_13728,40742.0,11,1.0,1,Fraud,FRAUD,0.9963,99.63,HIGH,V14
TX_MON_13729,146174.0,16,21.6,0,Legitimate,LEGITIMATE,0.0002,0.02,LOW,V22
TX_MON_13730,91540.0,1,4.49,0,Legitimate,LEGITIMATE,0.0009,0.09,LOW,V12
TX_MON_13731,76252.0,21,10.0,0,Legitimate,LEGITIMATE,0.0,0.0,LOW,sin_hour
TX_MON_13732,48360.0,13,69.32,0,Legitimate,LEGITIMATE,0.0001,0.01,LOW,sin_hour
TX_MON_13733,74026.0,20,72.0,0,Legitimate,LEGITIMATE,0.0006,0.06,LOW,sin_hour
TX_MON_13734,51783.0,14,100.0,0,Legitimate,LEGITIMATE,0.0073,0.73,LOW,V20
TX_MON_13735,133278.0,13,27.85,0,Legitimate,LEGITIMATE,0.0002,0.02,LOW,sin_hour
TX_MON_13736,34236.0,9,753.96,0,Legitimate,LEGITIMATE,0.0002,0.02,LOW,Amount
TX_MON_13737,25426.0,7,3.76,1,Fraud,FRAUD,0.8754,87.54,HIGH,V4
TX_MON_13738,28615.0,7,1.0,0,Legitimate,LEGITIMATE,0.0023,0.23,LOW,V14
TX_MON_13739,45011.0,12,1.99,0,Legitimate,LEGITIMATE,0.0006,0.06,LOW,log_amount
TX_MON_13740,134195.0,13,410.95,0,Legitimate,LEGITIMATE,0.0003,0.03,LOW,Amount
TX_MON_13741,152734.0,18,5.99,0,Legitimate,LEGITIMATE,0.001,0.1,LOW,cos_hour
TX_MON_13742,116492.0,8,55.0,0,Legitimate,LEGITIMATE,0.0006,0.06,LOW,V25
TX_MON_13743,67481.0,18,24.85,0,Legitimate,LEGITIMATE,0.0001,0.01,LOW,cos_hour
TX_MON_13744,87147.0,0,59.85,0,Legitimate,LEGITIMATE,0.0008,0.08,LOW,V4
TX_MON_13745,110259.0,6,9.82,0,Legitimate,LEGITIMATE,0.0001,0.01,LOW,V12
TX_MON_13746,46057.0,12,1.0,1,Fraud,FRAUD,0.9944,99.44,HIGH,V14
TX_MON_13747,39512.0,10,143.57,0,Legitimate,LEGITIMATE,0.0004,0.04,LOW,V27
TX_MON_13748,60440.0,16,9.86,0,Legitimate,LEGITIMATE,0.0003,0.03,LOW,V11
TX_MON_13749,120710.0,9,67.56,0,Legitimate,LEGITIMATE,0.0,0.0,LOW,V15
TX_MON_13750,144608.0,16,85.95,0,Legitimate,LEGITIMATE,0.0002,0.02,LOW,V20
TX_MON_13751,158214.0,19,17.82,0,Legitimate,LEGITIMATE,0.0033,0.33,LOW,V4
TX_MON_13752,125137.0,10,561.76,0,Legitimate,LEGITIMATE,0.0027,0.27,LOW,Amount
TX_MON_13753,41292.0,11,126.86,0,Legitimate,LEGITIMATE,0.0005,0.05,LOW,sin_hour
TX_MON_13754,122173.0,9,152.45,0,Legitimate,LEGITIMATE,0.0002,0.02,LOW,V1
TX_MON_13755,124578.0,10,227.7,0,Legitimate,LEGITIMATE,0.0012,0.12,LOW,V28
TX_MON_13756,143684.0,15,8.49,0,Legitimate,LEGITIMATE,0.0,0.0,LOW,V6
TX_MON_13757,60364.0,16,115.58,0,Legitimate,LEGITIMATE,0.0001,0.01,LOW,V10
TX_MON_13758,70150.0,19,0.69,0,Legitimate,LEGITIMATE,0.0001,0.01,LOW,cos_hour
TX_MON_13759,20115.0,5,9.7,0,Legitimate,LEGITIMATE,0.0001,0.01,LOW,cos_hour
TX_MON_13760,166863.0,22,13.99,0,Legitimate,LEGITIMATE,0.0002,0.02,LOW,sin_hour
TX_MON_13761,34183.0,9,40.69,0,Legitimate,LEGITIMATE,0.0001,0.01,LOW,V17
TX_MON_13762,169872.0,23,1.5,0,Legitimate,LEGITIMATE,0.0004,0.04,LOW,sin_hour
TX_MON_13763,109851.0,6,1.0,0,Legitimate,LEGITIMATE,0.0001,0.01,LOW,cos_hour
TX_MON_13764,148028.0,17,0.0,1,Fraud,FRAUD,0.9975,99.75,HIGH,V14
TX_MON_13765,48813.0,13,11.72,0,Legitimate,LEGITIMATE,0.0003,0.03,LOW,sin_hour
TX_MON_13766,138709.0,14,1.89,0,Legitimate,LEGITIMATE,0.0009,0.09,LOW,log_amount
TX_MON_13767,49226.0,13,1.0,0,Legitimate,LEGITIMATE,0.2277,22.77,LOW,V14
TX_MON_13768,43855.0,12,1100.0,0,Legitimate,LEGITIMATE,0.0001,0.01,LOW,Amount
TX_MON_13769,35906.0,9,9.13,1,Fraud,FRAUD,0.9974,99.74,HIGH,V14
TX_MON_13770,157186.0,19,12.36,0,Legitimate,LEGITIMATE,0.0012,0.12,LOW,cos_hour
TX_MON_13771,142806.0,15,20.0,0,Legitimate,LEGITIMATE,0.0202,2.02,LOW,V14
TX_MON_13772,147528.0,16,0.99,0,Legitimate,LEGITIMATE,0.0001,0.01,LOW,cos_hour
TX_MON_13773,67406.0,18,303.62,0,Legitimate,LEGITIMATE,0.0005,0.05,LOW,V4
TX_MON_13774,56806.0,15,1.0,1,Fraud,FRAUD,0.9967,99.67,HIGH,V14
TX_MON_13775,79138.0,21,42.81,0,Legitimate,LEGITIMATE,0.0012,0.12,LOW,sin_hour
TX_MON_13776,128013.0,11,2904.14,0,Legitimate,LEGITIMATE,0.0085,0.85,LOW,V4
TX_MON_13777,146501.0,16,0.12,0,Legitimate,LEGITIMATE,0.0013,0.13,LOW,log_amount
TX_MON_13778,143962.0,15,71.0,0,Legitimate,LEGITIMATE,0.0001,0.01,LOW,V20
TX_MON_13779,169702.0,23,0.89,0,Legitimate,LEGITIMATE,0.0,0.0,LOW,sin_hour
TX_MON_13780,44393.0,12,1.0,1,Fraud,FRAUD,0.9984,99.84,HIGH,V14
TX_MON_13781,11629.0,3,1.0,1,Fraud,FRAUD,0.9981,99.81,HIGH,V14
TX_MON_13782,81240.0,22,3.89,0,Legitimate,LEGITIMATE,0.0003,0.03,LOW,sin_hour
TX_MON_13783,160406.0,20,1.29,0,Legitimate,LEGITIMATE,0.0,0.0,LOW,log_amount
TX_MON_13784,70243.0,19,0.76,0,Legitimate,LEGITIMATE,0.0002,0.02,LOW,cos_hour
TX_MON_13785,162848.0,21,591.17,0,Legitimate,LEGITIMATE,0.001,0.1,LOW,Amount
TX_MON_13786,162552.0,21,0.76,0,Legitimate,LEGITIMATE,0.0001,0.01,LOW,V4
TX_MON_13787,129160.0,11,116.24,0,Legitimate,LEGITIMATE,0.0001,0.01,LOW,sin_hour
TX_MON_13788,79278.0,22,54.99,0,Legitimate,LEGITIMATE,0.0007,0.07,LOW,V21
TX_MON_13789,120811.0,9,34.85,0,Legitimate,LEGITIMATE,0.0,0.0,LOW,V18
TX_MON_13790,83412.0,23,0.76,0,Legitimate,LEGITIMATE,0.0173,1.73,LOW,sin_hour
TX_MON_13791,41353.0,11,34.12,1,Fraud,FRAUD,0.9992,99.92,HIGH,V14
TX_MON_13792,61952.0,17,1.79,0,Legitimate,LEGITIMATE,0.0003,0.03,LOW,cos_hour
TX_MON_13793,75329.0,20,25.99,0,Legitimate,LEGITIMATE,0.0016,0.16,LOW,sin_hour
TX_MON_13794,172397.0,23,1114.0,0,Legitimate,LEGITIMATE,0.0,0.0,LOW,Amount
TX_MON_13795,50108.0,13,151.5,0,Legitimate,LEGITIMATE,0.0004,0.04,LOW,sin_hour
TX_MON_13796,67205.0,18,152.37,0,Legitimate,LEGITIMATE,0.0006,0.06,LOW,cos_hour
TX_MON_13797,56901.0,15,15.19,0,Legitimate,LEGITIMATE,0.0044,0.44,LOW,V4
TX_MON_13798,95718.0,2,520.58,0,Legitimate,LEGITIMATE,0.0008,0.08,LOW,Amount
TX_MON_13799,41265.0,11,57.0,0,Legitimate,LEGITIMATE,0.0001,0.01,LOW,sin_hour
TX_MON_13800,164248.0,21,19.35,0,Legitimate,LEGITIMATE,0.0169,1.69,LOW,V21
TX_MON_13801,82353.0,22,29.08,0,Legitimate,LEGITIMATE,0.001,0.1,LOW,sin_hour
TX_MON_13802,160243.0,20,156.0,1,Fraud,FRAUD,0.9983,99.83,HIGH,V14
TX_MON_13803,118929.0,9,1.0,0,Legitimate,LEGITIMATE,0.0002,0.02,LOW,V20
TX_MON_13804,163731.0,21,4.99,0,Legitimate,LEGITIMATE,0.0001,0.01,LOW,V1
TX_MON_13805,165051.0,21,224.15,0,Legitimate,LEGITIMATE,0.0079,0.79,LOW,V4
TX_MON_13806,71446.0,19,36.98,0,Legitimate,LEGITIMATE,0.0027,0.27,LOW,V20
TX_MON_13807,63108.0,17,22.3,0,Legitimate,LEGITIMATE,0.0059,0.59,LOW,V4
TX_MON_13808,51135.0,14,99.99,1,Fraud,FRAUD,0.9946,99.46,HIGH,V14
TX_MON_13809,87144.0,0,1.0,0,Legitimate,LEGITIMATE,0.0,0.0,LOW,log_amount
TX_MON_13810,70308.0,19,21.9,0,Legitimate,LEGITIMATE,0.0003,0.03,LOW,cos_hour
TX_MON_13811,146639.0,16,35.85,0,Legitimate,LEGITIMATE,0.0,0.0,LOW,cos_hour
TX_MON_13812,154228.0,18,664.5,0,Legitimate,LEGITIMATE,0.0002,0.02,LOW,Amount
TX_MON_13813,123060.0,10,47.96,0,Legitimate,LEGITIMATE,0.0002,0.02,LOW,V4
TX_MON_13814,122372.0,9,184.0,0,Legitimate,LEGITIMATE,0.0,0.0,LOW,V17
TX_MON_13815,115335.0,8,41.3,0,Legitimate,LEGITIMATE,0.0004,0.04,LOW,V25
TX_MON_13816,127389.0,11,1.98,0,Legitimate,LEGITIMATE,0.0007,0.07,LOW,log_amount
TX_MON_13817,160327.0,20,4.16,0,Legitimate,LEGITIMATE,0.0012,0.12,LOW,V1
TX_MON_13818,74013.0,20,77.7,0,Legitimate,LEGITIMATE,0.0,0.0,LOW,sin_hour
TX_MON_13819,137302.0,14,1048.78,0,Legitimate,LEGITIMATE,0.0005,0.05,LOW,Amount
TX_MON_13820,33211.0,9,1719.03,0,Legitimate,LEGITIMATE,0.0015,0.15,LOW,V21
TX_MON_13821,135941.0,13,149.0,0,Legitimate,LEGITIMATE,0.0006,0.06,LOW,sin_hour
TX_MON_13822,77515.0,21,177.5,0,Legitimate,LEGITIMATE,0.0006,0.06,LOW,sin_hour
TX_MON_13823,159590.0,20,3.59,0,Legitimate,LEGITIMATE,0.001,0.1,LOW,V1
TX_MON_13824,17220.0,4,3.79,1,Fraud,FRAUD,0.9089,90.89,HIGH,V4
TX_MON_13825,47709.0,13,98.0,0,Legitimate,LEGITIMATE,0.0012,0.12,LOW,sin_hour
TX_MON_13826,62937.0,17,18.54,0,Legitimate,LEGITIMATE,0.0001,0.01,LOW,cos_hour
TX_MON_13827,150345.0,17,87.51,0,Legitimate,LEGITIMATE,0.0501,5.01,LOW,V14
TX_MON_13828,41371.0,11,35.95,0,Legitimate,LEGITIMATE,0.0003,0.03,LOW,sin_hour
TX_MON_13829,86993.0,0,1.78,0,Legitimate,LEGITIMATE,0.0,0.0,LOW,sin_hour
TX_MON_13830,28143.0,7,99.99,1,Fraud,FRAUD,0.9977,99.77,HIGH,V14
TX_MON_13831,47484.0,13,169.98,0,Legitimate,LEGITIMATE,0.0002,0.02,LOW,sin_hour
TX_MON_13832,119308.0,9,71.4,0,Legitimate,LEGITIMATE,0.0138,1.38,LOW,V1
TX_MON_13833,33741.0,9,14.52,0,Legitimate,LEGITIMATE,0.0003,0.03,LOW,V11
TX_MON_13834,165756.0,22,108.0,0,Legitimate,LEGITIMATE,0.0002,0.02,LOW,sin_hour
TX_MON_13835,10946.0,3,32.2,0,Legitimate,LEGITIMATE,0.0003,0.03,LOW,V12
TX_MON_13836,155535.0,19,3.9,1,Fraud,FRAUD,0.9977,99.77,HIGH,V14
TX_MON_13837,154126.0,18,1000.0,0,Legitimate,LEGITIMATE,0.0,0.0,LOW,Amount
TX_MON_13838,68416.0,19,6.47,0,Legitimate,LEGITIMATE,0.0039,0.39,LOW,V21
TX_MON_13839,43425.0,12,51.73,0,Legitimate,LEGITIMATE,0.0001,0.01,LOW,sin_hour
TX_MON_13840,51305.0,14,3.98,0,Legitimate,LEGITIMATE,0.0003,0.03,LOW,log_amount
TX_MON_13841,36281.0,10,1.0,0,Legitimate,LEGITIMATE,0.0001,0.01,LOW,log_amount
TX_MON_13842,40733.0,11,79.5,0,Legitimate,LEGITIMATE,0.0001,0.01,LOW,sin_hour
TX_MON_13843,47136.0,13,35.24,0,Legitimate,LEGITIMATE,0.0043,0.43,LOW,V4
TX_MON_13844,162143.0,21,31.39,0,Legitimate,LEGITIMATE,0.0015,0.15,LOW,V26
TX_MON_13845,97442.0,3,39.0,0,Legitimate,LEGITIMATE,0.0004,0.04,LOW,V12
TX_MON_13846,73408.0,20,16.48,1,Fraud,FRAUD,0.9976,99.76,HIGH,V14
TX_MON_13847,162958.0,21,15.0,0,Legitimate,LEGITIMATE,0.0004,0.04,LOW,V1
TX_MON_13848,119277.0,9,82.5,0,Legitimate,LEGITIMATE,0.0,0.0,LOW,V20
TX_MON_13849,155552.0,19,29.99,0,Legitimate,LEGITIMATE,0.0001,0.01,LOW,cos_hour
TX_MON_13850,32856.0,9,123.5,0,Legitimate,LEGITIMATE,0.0,0.0,LOW,V5
TX_MON_13851,34801.0,9,104.65,0,Legitimate,LEGITIMATE,0.0001,0.01,LOW,V25
TX_MON_13852,44989.0,12,80.44,0,Legitimate,LEGITIMATE,0.0001,0.01,LOW,sin_hour
TX_MON_13853,12457.0,3,0.98,0,Legitimate,LEGITIMATE,0.0028,0.28,LOW,V4
TX_MON_13854,413.0,0,40.0,0,Legitimate,LEGITIMATE,0.0004,0.04,LOW,sin_hour
TX_MON_13855,144504.0,16,3.1,0,Legitimate,LEGITIMATE,0.0,0.0,LOW,log_amount
TX_MON_13856,33711.0,9,17.2,0,Legitimate,LEGITIMATE,0.001,0.1,LOW,V8
TX_MON_13857,134342.0,13,49.92,0,Legitimate,LEGITIMATE,0.0014,0.14,LOW,sin_hour
TX_MON_13858,35205.0,9,540.0,0,Legitimate,LEGITIMATE,0.0002,0.02,LOW,Amount
TX_MON_13859,156484.0,19,78.0,0,Legitimate,LEGITIMATE,0.0001,0.01,LOW,cos_hour
TX_MON_13860,138297.0,14,165.7,0,Legitimate,LEGITIMATE,0.0004,0.04,LOW,sin_hour
TX_MON_13861,55122.0,15,13.08,0,Legitimate,LEGITIMATE,0.0082,0.82,LOW,V4
TX_MON_13862,132381.0,12,25.2,0,Legitimate,LEGITIMATE,0.0008,0.08,LOW,sin_hour
TX_MON_13863,127585.0,11,45.0,0,Legitimate,LEGITIMATE,0.0002,0.02,LOW,sin_hour
TX_MON_13864,151328.0,18,78.0,0,Legitimate,LEGITIMATE,0.0002,0.02,LOW,cos_hour
TX_MON_13865,38122.0,10,1.98,0,Legitimate,LEGITIMATE,0.0007,0.07,LOW,log_amount
TX_MON_13866,124009.0,10,98.95,0,Legitimate,LEGITIMATE,0.0,0.0,LOW,V22
TX_MON_13867,65398.0,18,19.21,0,Legitimate,LEGITIMATE,0.0025,0.25,LOW,V4
TX_MON_13868,67250.0,18,1.0,0,Legitimate,LEGITIMATE,0.0359,3.59,LOW,cos_hour
TX_MON_13869,167319.0,22,0.77,0,Legitimate,LEGITIMATE,0.0002,0.02,LOW,sin_hour
TX_MON_13870,138817.0,14,1.98,0,Legitimate,LEGITIMATE,0.0018,0.18,LOW,log_amount
TX_MON_13871,143111.0,15,15.0,0,Legitimate,LEGITIMATE,0.0007,0.07,LOW,V1
TX_MON_13872,64684.0,17,15.79,0,Legitimate,LEGITIMATE,0.0001,0.01,LOW,cos_hour
TX_MON_13873,169745.0,23,5.98,0,Legitimate,LEGITIMATE,0.0004,0.04,LOW,sin_hour
TX_MON_13874,163874.0,21,8.0,0,Legitimate,LEGITIMATE,0.0037,0.37,LOW,V1
TX_MON_13875,74097.0,20,158.77,0,Legitimate,LEGITIMATE,0.0001,0.01,LOW,V1
TX_MON_13876,67698.0,18,42.81,0,Legitimate,LEGITIMATE,0.0002,0.02,LOW,cos_hour
TX_MON_13877,82183.0,22,15.0,0,Legitimate,LEGITIMATE,0.0003,0.03,LOW,sin_hour
TX_MON_13878,61517.0,17,269.93,0,Legitimate,LEGITIMATE,0.0008,0.08,LOW,V4
TX_MON_13879,115257.0,8,23.0,0,Legitimate,LEGITIMATE,0.0,0.0,LOW,V28
TX_MON_13880,122918.0,10,617.9,0,Legitimate,LEGITIMATE,0.0001,0.01,LOW,Amount
TX_MON_13881,116879.0,8,25.9,0,Legitimate,LEGITIMATE,0.0001,0.01,LOW,V1
TX_MON_13882,54903.0,15,9.99,0,Legitimate,LEGITIMATE,0.0043,0.43,LOW,sin_hour
TX_MON_13883,130347.0,12,2.27,0,Legitimate,LEGITIMATE,0.0004,0.04,LOW,log_amount
TX_MON_13884,85646.0,23,2.17,0,Legitimate,LEGITIMATE,0.0009,0.09,LOW,sin_hour
TX_MON_13885,163770.0,21,239.0,0,Legitimate,LEGITIMATE,0.0002,0.02,LOW,V22
TX_MON_13886,42947.0,11,11.5,0,Legitimate,LEGITIMATE,0.0003,0.03,LOW,V1
TX_MON_13887,163714.0,21,29.9,0,Legitimate,LEGITIMATE,0.0002,0.02,LOW,sin_hour
TX_MON_13888,128319.0,11,209.03,0,Legitimate,LEGITIMATE,0.0001,0.01,LOW,V18
TX_MON_13889,164036.0,21,514.9,0,Legitimate,LEGITIMATE,0.0002,0.02,LOW,Amount
TX_MON_13890,29526.0,8,0.68,1,Fraud,FRAUD,0.9768,97.68,HIGH,V14
TX_MON_13891,124237.0,10,431.2,0,Legitimate,LEGITIMATE,0.0002,0.02,LOW,Amount
TX_MON_13892,17503.0,4,9.9,0,Legitimate,LEGITIMATE,0.0001,0.01,LOW,cos_hour
TX_MON_13893,71144.0,19,89.01,0,Legitimate,LEGITIMATE,0.0005,0.05,LOW,cos_hour
TX_MON_13894,107696.0,5,4.72,0,Legitimate,LEGITIMATE,0.0953,9.53,LOW,V4
TX_MON_13895,150895.0,17,1.0,0,Legitimate,LEGITIMATE,0.0,0.0,LOW,cos_hour
TX_MON_13896,34658.0,9,484.44,0,Legitimate,LEGITIMATE,0.0065,0.65,LOW,Amount
TX_MON_13897,39411.0,10,15.95,0,Legitimate,LEGITIMATE,0.0001,0.01,LOW,V16
TX_MON_13898,74031.0,20,0.68,0,Legitimate,LEGITIMATE,0.0053,0.53,LOW,V14
TX_MON_13899,114784.0,7,1.0,0,Legitimate,LEGITIMATE,0.0001,0.01,LOW,log_amount
TX_MON_13900,31499.0,8,9.99,0,Legitimate,LEGITIMATE,0.0002,0.02,LOW,V1
TX_MON_13901,128663.0,11,4.49,0,Legitimate,LEGITIMATE,0.0004,0.04,LOW,log_amount
TX_MON_13902,102671.0,4,0.0,1,Fraud,FRAUD,0.9987,99.87,HIGH,V14
TX_MON_13903,148958.0,17,68.06,0,Legitimate,LEGITIMATE,0.0001,0.01,LOW,cos_hour
TX_MON_13904,68578.0,19,12.95,0,Legitimate,LEGITIMATE,0.0009,0.09,LOW,cos_hour
TX_MON_13905,124818.0,10,26.74,0,Legitimate,LEGITIMATE,0.0002,0.02,LOW,V11
TX_MON_13906,157420.0,19,3.85,0,Legitimate,LEGITIMATE,0.0001,0.01,LOW,cos_hour
TX_MON_13907,131187.0,12,15.13,0,Legitimate,LEGITIMATE,0.0001,0.01,LOW,V4
TX_MON_13908,120372.0,9,13.56,0,Legitimate,LEGITIMATE,0.0009,0.09,LOW,V1
TX_MON_13909,136246.0,13,59.99,0,Legitimate,LEGITIMATE,0.0001,0.01,LOW,sin_hour
TX_MON_13910,55618.0,15,130.44,1,Fraud,FRAUD,0.9987,99.87,HIGH,V14
TX_MON_13911,50706.0,14,99.99,1,Fraud,FRAUD,0.9946,99.46,HIGH,V14
TX_MON_13912,161022.0,20,2.28,0,Legitimate,LEGITIMATE,0.0046,0.46,LOW,V1
TX_MON_13913,158638.0,20,296.0,1,Fraud,FRAUD,0.9975,99.75,HIGH,V14
TX_MON_13914,84527.0,23,53.9,0,Legitimate,LEGITIMATE,0.0,0.0,LOW,sin_hour
TX_MON_13915,77957.0,21,1.0,0,Legitimate,LEGITIMATE,0.0002,0.02,LOW,V28
TX_MON_13916,49124.0,13,11.65,0,Legitimate,LEGITIMATE,0.0001,0.01,LOW,V4
TX_MON_13917,159475.0,20,48.9,0,Legitimate,LEGITIMATE,0.0001,0.01,LOW,cos_hour
TX_MON_13918,33987.0,9,38.43,0,Legitimate,LEGITIMATE,0.0007,0.07,LOW,V11
TX_MON_13919,147077.0,16,129.0,0,Legitimate,LEGITIMATE,0.0001,0.01,LOW,cos_hour
TX_MON_13920,61475.0,17,434.27,0,Legitimate,LEGITIMATE,0.0008,0.08,LOW,V1
TX_MON_13921,79829.0,22,168.0,0,Legitimate,LEGITIMATE,0.0007,0.07,LOW,sin_hour
TX_MON_13922,142969.0,15,336.0,0,Legitimate,LEGITIMATE,0.0018,0.18,LOW,Amount
TX_MON_13923,37144.0,10,82.35,0,Legitimate,LEGITIMATE,0.0001,0.01,LOW,V28
TX_MON_13924,38041.0,10,144.0,0,Legitimate,LEGITIMATE,0.0022,0.22,LOW,V1
TX_MON_13925,16740.0,4,10.0,0,Legitimate,LEGITIMATE,0.0,0.0,LOW,V12
TX_MON_13926,120156.0,9,510.36,0,Legitimate,LEGITIMATE,0.0131,1.31,LOW,V14
TX_MON_13927,131872.0,12,356.83,0,Legitimate,LEGITIMATE,0.0048,0.48,LOW,V4
TX_MON_13928,76862.0,21,238.44,0,Legitimate,LEGITIMATE,0.0053,0.53,LOW,V1
TX_MON_13929,155883.0,19,835.0,0,Legitimate,LEGITIMATE,0.0002,0.02,LOW,Amount
TX_MON_13930,157649.0,19,40.47,0,Legitimate,LEGITIMATE,0.0009,0.09,LOW,cos_hour
TX_MON_13931,3757.0,1,8.0,0,Legitimate,LEGITIMATE,0.0001,0.01,LOW,V12
TX_MON_13932,127307.0,11,1.5,0,Legitimate,LEGITIMATE,0.0138,1.38,LOW,V1
TX_MON_13933,102625.0,4,7.59,1,Fraud,FRAUD,0.9988,99.88,HIGH,V14
TX_MON_13934,92633.0,1,8.91,0,Legitimate,LEGITIMATE,0.0004,0.04,LOW,V12
TX_MON_13935,69325.0,19,0.89,0,Legitimate,LEGITIMATE,0.0002,0.02,LOW,cos_hour
TX_MON_13936,160265.0,20,16.0,0,Legitimate,LEGITIMATE,0.0001,0.01,LOW,sin_hour
TX_MON_13937,72870.0,20,0.61,0,Legitimate,LEGITIMATE,0.0001,0.01,LOW,log_amount
TX_MON_13938,47663.0,13,7.53,0,Legitimate,LEGITIMATE,0.002,0.2,LOW,V14
TX_MON_13939,69438.0,19,309.0,0,Legitimate,LEGITIMATE,0.0002,0.02,LOW,Amount
TX_MON_13940,100223.0,3,2.28,1,Fraud,FRAUD,0.9992,99.92,HIGH,V14
TX_MON_13941,168324.0,22,2.99,0,Legitimate,LEGITIMATE,0.0002,0.02,LOW,sin_hour
TX_MON_13942,132760.0,12,15.47,0,Legitimate,LEGITIMATE,0.0001,0.01,LOW,sin_hour
TX_MON_13943,29860.0,8,19.44,0,Legitimate,LEGITIMATE,0.0005,0.05,LOW,V1
TX_MON_13944,74298.0,20,31.02,0,Legitimate,LEGITIMATE,0.0011,0.11,LOW,sin_hour
TX_MON_13945,147157.0,16,40.23,0,Legitimate,LEGITIMATE,0.0005,0.05,LOW,V17
TX_MON_13946,146448.0,16,279.86,0,Legitimate,LEGITIMATE,0.005,0.5,LOW,V1
TX_MON_13947,151034.0,17,0.76,0,Legitimate,LEGITIMATE,0.0058,0.58,LOW,V14
TX_MON_13948,74894.0,20,121.39,0,Legitimate,LEGITIMATE,0.0003,0.03,LOW,V8
TX_MON_13949,143995.0,15,1.0,0,Legitimate,LEGITIMATE,0.0002,0.02,LOW,log_amount
TX_MON_13950,72792.0,20,3.59,0,Legitimate,LEGITIMATE,0.0021,0.21,LOW,V1
TX_MON_13951,36812.0,10,13.65,0,Legitimate,LEGITIMATE,0.0018,0.18,LOW,V4
TX_MON_13952,84869.0,23,99.6,0,Legitimate,LEGITIMATE,0.0008,0.08,LOW,sin_hour
TX_MON_13953,133514.0,13,8.99,0,Legitimate,LEGITIMATE,0.0003,0.03,LOW,sin_hour
TX_MON_13954,158505.0,20,12.31,0,Legitimate,LEGITIMATE,0.0064,0.64,LOW,cos_hour
TX_MON_13955,146422.0,16,20.0,0,Legitimate,LEGITIMATE,0.0002,0.02,LOW,V21
TX_MON_13956,127207.0,11,1.0,0,Legitimate,LEGITIMATE,0.0001,0.01,LOW,log_amount
TX_MON_13957,142482.0,15,15.0,0,Legitimate,LEGITIMATE,0.0002,0.02,LOW,V1
TX_MON_13958,21419.0,5,1.0,1,Fraud,FRAUD,0.9981,99.81,HIGH,V14
TX_MON_13959,161633.0,20,1.79,0,Legitimate,LEGITIMATE,0.0,0.0,LOW,log_amount
TX_MON_13960,113738.0,7,1.0,0,Legitimate,LEGITIMATE,0.0092,0.92,LOW,V8
TX_MON_13961,141642.0,15,2.69,0,Legitimate,LEGITIMATE,0.0043,0.43,LOW,V1
TX_MON_13962,87145.0,0,9.99,0,Legitimate,LEGITIMATE,0.0001,0.01,LOW,sin_hour
TX_MON_13963,28557.0,7,15.0,0,Legitimate,LEGITIMATE,0.0,0.0,LOW,V1
TX_MON_13964,62676.0,17,2.5,0,Legitimate,LEGITIMATE,0.0003,0.03,LOW,cos_hour
TX_MON_13965,51435.0,14,59.84,0,Legitimate,LEGITIMATE,0.001,0.1,LOW,sin_hour
TX_MON_13966,143139.0,15,34.99,0,Legitimate,LEGITIMATE,0.0002,0.02,LOW,V6
TX_MON_13967,101809.0,4,265.27,0,Legitimate,LEGITIMATE,0.0009,0.09,LOW,V4
TX_MON_13968,140877.0,15,45.08,0,Legitimate,LEGITIMATE,0.0003,0.03,LOW,sin_hour
TX_MON_13969,138235.0,14,140.08,0,Legitimate,LEGITIMATE,0.0097,0.97,LOW,V4
TX_MON_13970,24472.0,6,1.0,0,Legitimate,LEGITIMATE,0.0028,0.28,LOW,V4
TX_MON_13971,58199.0,16,1.75,1,Fraud,FRAUD,0.9981,99.81,HIGH,V14
TX_MON_13972,34599.0,9,188.0,0,Legitimate,LEGITIMATE,0.0005,0.05,LOW,V1
TX_MON_13973,149065.0,17,0.89,0,Legitimate,LEGITIMATE,0.0001,0.01,LOW,V1
TX_MON_13974,46948.0,13,4.49,0,Legitimate,LEGITIMATE,0.0026,0.26,LOW,sin_hour
TX_MON_13975,48555.0,13,219.16,0,Legitimate,LEGITIMATE,0.0017,0.17,LOW,V4
TX_MON_13976,146561.0,16,31.91,0,Legitimate,LEGITIMATE,0.0001,0.01,LOW,V22
TX_MON_13977,67311.0,18,177.44,0,Legitimate,LEGITIMATE,0.0001,0.01,LOW,cos_hour
TX_MON_13978,65751.0,18,2080.08,0,Legitimate,LEGITIMATE,0.0004,0.04,LOW,V4
TX_MON_13979,153475.0,18,1.0,0,Legitimate,LEGITIMATE,0.0001,0.01,LOW,cos_hour
TX_MON_13980,43893.0,12,153.67,0,Legitimate,LEGITIMATE,0.0003,0.03,LOW,sin_hour
TX_MON_13981,93823.0,2,75.86,1,Fraud,FRAUD,0.9985,99.85,HIGH,V14
TX_MON_13982,77978.0,21,52.85,0,Legitimate,LEGITIMATE,0.0005,0.05,LOW,sin_hour
TX_MON_13983,152710.0,18,2.47,1,Fraud,FRAUD,0.8121,81.21,HIGH,V4
TX_MON_13984,134779.0,13,0.77,0,Legitimate,LEGITIMATE,0.0001,0.01,LOW,sin_hour
TX_MON_13985,116176.0,8,134.95,0,Legitimate,LEGITIMATE,0.0007,0.07,LOW,V11
TX_MON_13986,37461.0,10,25.0,0,Legitimate,LEGITIMATE,0.0001,0.01,LOW,V28
TX_MON_13987,11801.0,3,12.99,0,Legitimate,LEGITIMATE,0.0001,0.01,LOW,V12
TX_MON_13988,137854.0,14,24.0,0,Legitimate,LEGITIMATE,0.0006,0.06,LOW,sin_hour
TX_MON_13989,131836.0,12,74.95,0,Legitimate,LEGITIMATE,0.0002,0.02,LOW,sin_hour
TX_MON_13990,62962.0,17,7.55,0,Legitimate,LEGITIMATE,0.001,0.1,LOW,V4
TX_MON_13991,148570.0,17,1.98,0,Legitimate,LEGITIMATE,0.0008,0.08,LOW,cos_hour
TX_MON_13992,137497.0,14,6.02,0,Legitimate,LEGITIMATE,0.0012,0.12,LOW,V4
TX_MON_13993,162849.0,21,600.0,0,Legitimate,LEGITIMATE,0.0005,0.05,LOW,Amount
TX_MON_13994,157914.0,19,7.02,0,Legitimate,LEGITIMATE,0.0122,1.22,LOW,V4
TX_MON_13995,87895.0,0,5.0,0,Legitimate,LEGITIMATE,0.0001,0.01,LOW,V8
TX_MON_13996,82612.0,22,12.99,0,Legitimate,LEGITIMATE,0.0025,0.25,LOW,sin_hour
TX_MON_13997,83173.0,23,28.24,0,Legitimate,LEGITIMATE,0.0001,0.01,LOW,sin_hour
TX_MON_13998,102622.0,4,346.94,1,Fraud,FRAUD,0.9938,99.38,HIGH,V14
TX_MON_13999,67980.0,18,92.65,0,Legitimate,LEGITIMATE,0.0002,0.02,LOW,cos_hour
TX_MON_14000,79451.0,22,42.81,0,Legitimate,LEGITIMATE,0.0003,0.03,LOW,sin_hour
TX_MON_14001,49096.0,13,47.43,0,Legitimate,LEGITIMATE,0.0001,0.01,LOW,sin_hour
TX_MON_14002,122445.0,10,11.5,0,Legitimate,LEGITIMATE,0.0002,0.02,LOW,V20
TX_MON_14003,154713.0,18,199.24,0,Legitimate,LEGITIMATE,0.1247,12.47,LOW,V14
TX_MON_14004,118603.0,8,105.89,1,Fraud,FRAUD,0.9954,99.54,HIGH,V14
TX_MON_14005,2643.0,0,24.66,0,Legitimate,LEGITIMATE,0.0,0.0,LOW,sin_hour
TX_MON_14006,43494.0,12,24.9,1,Fraud,FRAUD,0.9865,98.65,HIGH,V14
TX_MON_14007,79820.0,22,25.0,0,Legitimate,LEGITIMATE,0.0006,0.06,LOW,sin_hour
TX_MON_14008,33203.0,9,13.99,0,Legitimate,LEGITIMATE,0.0003,0.03,LOW,V28
TX_MON_14009,129322.0,11,60.05,0,Legitimate,LEGITIMATE,0.0002,0.02,LOW,sin_hour
TX_MON_14010,130859.0,12,3.04,0,Legitimate,LEGITIMATE,0.0009,0.09,LOW,V4
TX_MON_14011,43851.0,12,1.0,0,Legitimate,LEGITIMATE,0.0016,0.16,LOW,sin_hour
TX_MON_14012,123483.0,10,23.0,0,Legitimate,LEGITIMATE,0.002,0.2,LOW,V1
TX_MON_14013,72287.0,20,0.76,0,Legitimate,LEGITIMATE,0.0203,2.03,LOW,V11
TX_MON_14014,139576.0,14,61.0,0,Legitimate,LEGITIMATE,0.0005,0.05,LOW,sin_hour
TX_MON_14015,43654.0,12,1.29,0,Legitimate,LEGITIMATE,0.0005,0.05,LOW,log_amount
TX_MON_14016,54424.0,15,8.99,0,Legitimate,LEGITIMATE,0.0006,0.06,LOW,sin_hour
TX_MON_14017,20373.0,5,11.85,0,Legitimate,LEGITIMATE,0.0001,0.01,LOW,cos_hour
TX_MON_14018,59300.0,16,13.1,0,Legitimate,LEGITIMATE,0.0001,0.01,LOW,V11
TX_MON_14019,26556.0,7,99.99,1,Fraud,FRAUD,0.9977,99.77,HIGH,V14
TX_MON_14020,93742.0,2,1.0,1,Fraud,FRAUD,0.9939,99.39,HIGH,V14
TX_MON_14021,42626.0,11,1.98,0,Legitimate,LEGITIMATE,0.0004,0.04,LOW,log_amount
TX_MON_14022,155017.0,19,18.15,0,Legitimate,LEGITIMATE,0.0006,0.06,LOW,V4
TX_MON_14023,23529.0,6,10.0,0,Legitimate,LEGITIMATE,0.0001,0.01,LOW,V12
TX_MON_14024,136218.0,13,56.0,0,Legitimate,LEGITIMATE,0.0,0.0,LOW,sin_hour
TX_MON_14025,67798.0,18,1.0,0,Legitimate,LEGITIMATE,0.0003,0.03,LOW,V13
TX_MON_14026,141088.0,15,5.2,0,Legitimate,LEGITIMATE,0.0005,0.05,LOW,sin_hour
TX_MON_14027,119498.0,9,12.63,0,Legitimate,LEGITIMATE,0.0029,0.29,LOW,V4
TX_MON_14028,9064.0,2,1809.68,1,Fraud,FRAUD,0.9651,96.51,HIGH,V14
TX_MON_14029,123580.0,10,59.6,0,Legitimate,LEGITIMATE,0.0002,0.02,LOW,V1
TX_MON_14030,45280.0,12,89.44,0,Legitimate,LEGITIMATE,0.0004,0.04,LOW,sin_hour
TX_MON_14031,78161.0,21,91.3,0,Legitimate,LEGITIMATE,0.0016,0.16,LOW,sin_hour
TX_MON_14032,62345.0,17,7.6,0,Legitimate,LEGITIMATE,0.0018,0.18,LOW,cos_hour
TX_MON_14033,47497.0,13,52.0,0,Legitimate,LEGITIMATE,0.0008,0.08,LOW,sin_hour
TX_MON_14034,131999.0,12,1.98,0,Legitimate,LEGITIMATE,0.0006,0.06,LOW,V21
TX_MON_14035,111246.0,6,37.0,0,Legitimate,LEGITIMATE,0.0001,0.01,LOW,V12
TX_MON_14036,46097.0,12,225.49,0,Legitimate,LEGITIMATE,0.0001,0.01,LOW,sin_hour
TX_MON_14037,75394.0,20,20.53,0,Legitimate,LEGITIMATE,0.0003,0.03,LOW,sin_hour
TX_MON_14038,18966.0,5,89.99,0,Legitimate,LEGITIMATE,0.0009,0.09,LOW,V12
TX_MON_14039,126542.0,11,0.89,0,Legitimate,LEGITIMATE,0.0001,0.01,LOW,log_amount
TX_MON_14040,168676.0,22,4.0,0,Legitimate,LEGITIMATE,0.0003,0.03,LOW,sin_hour
TX_MON_14041,42683.0,11,191.28,0,Legitimate,LEGITIMATE,0.0002,0.02,LOW,V28
TX_MON_14042,140280.0,14,28.42,0,Legitimate,LEGITIMATE,0.0003,0.03,LOW,V20
TX_MON_14043,141320.0,15,195.66,1,Fraud,FRAUD,0.9961,99.61,HIGH,V14
TX_MON_14044,113014.0,7,1.0,0,Legitimate,LEGITIMATE,0.0001,0.01,LOW,cos_hour
TX_MON_14045,22628.0,6,11.85,0,Legitimate,LEGITIMATE,0.0002,0.02,LOW,cos_hour
TX_MON_14046,47876.0,13,188.5,0,Legitimate,LEGITIMATE,0.0,0.0,LOW,sin_hour
TX_MON_14047,97320.0,3,7.14,0,Legitimate,LEGITIMATE,0.0003,0.03,LOW,V12
TX_MON_14048,33961.0,9,6.0,0,Legitimate,LEGITIMATE,0.0001,0.01,LOW,V12
TX_MON_14049,55792.0,15,3.73,0,Legitimate,LEGITIMATE,0.0076,0.76,LOW,log_amount
TX_MON_14050,60172.0,16,8.99,0,Legitimate,LEGITIMATE,0.0007,0.07,LOW,V11
TX_MON_14051,60286.0,16,5.0,0,Legitimate,LEGITIMATE,0.0003,0.03,LOW,V11
TX_MON_14052,143051.0,15,10.0,0,Legitimate,LEGITIMATE,0.0,0.0,LOW,V3
TX_MON_14053,164894.0,21,4.99,0,Legitimate,LEGITIMATE,0.0002,0.02,LOW,sin_hour
TX_MON_14054,145399.0,16,135.58,0,Legitimate,LEGITIMATE,0.0002,0.02,LOW,V5
TX_MON_14055,147424.0,16,550.98,0,Legitimate,LEGITIMATE,0.0004,0.04,LOW,Amount
TX_MON_14056,59777.0,16,319.2,1,Fraud,FRAUD,0.9798,97.98,HIGH,V14
TX_MON_14057,143232.0,15,9.85,0,Legitimate,LEGITIMATE,0.0,0.0,LOW,V22
TX_MON_14058,41180.0,11,78.0,0,Legitimate,LEGITIMATE,0.0021,0.21,LOW,sin_hour
TX_MON_14059,169912.0,23,12.99,0,Legitimate,LEGITIMATE,0.0004,0.04,LOW,sin_hour
TX_MON_14060,156648.0,19,10.57,0,Legitimate,LEGITIMATE,0.0001,0.01,LOW,cos_hour
TX_MON_14061,165779.0,22,41.94,0,Legitimate,LEGITIMATE,0.0,0.0,LOW,sin_hour
TX_MON_14062,163059.0,21,556.0,0,Legitimate,LEGITIMATE,0.0006,0.06,LOW,Amount
TX_MON_14063,68788.0,19,8.94,0,Legitimate,LEGITIMATE,0.0,0.0,LOW,cos_hour
TX_MON_14064,122232.0,9,31.95,0,Legitimate,LEGITIMATE,0.0001,0.01,LOW,V22
TX_MON_14065,127857.0,11,11.0,0,Legitimate,LEGITIMATE,0.0001,0.01,LOW,V11
TX_MON_14066,168138.0,22,1.98,0,Legitimate,LEGITIMATE,0.0012,0.12,LOW,V23
TX_MON_14067,54173.0,15,41.25,0,Legitimate,LEGITIMATE,0.0021,0.21,LOW,sin_hour
TX_MON_14068,119593.0,9,27.6,0,Legitimate,LEGITIMATE,0.0002,0.02,LOW,V5
TX_MON_14069,113447.0,7,1.0,0,Legitimate,LEGITIMATE,0.0,0.0,LOW,log_amount
TX_MON_14070,146286.0,16,144.0,0,Legitimate,LEGITIMATE,0.0075,0.75,LOW,V18
TX_MON_14071,152544.0,18,7.5,0,Legitimate,LEGITIMATE,0.0003,0.03,LOW,cos_hour
TX_MON_14072,72308.0,20,95.95,0,Legitimate,LEGITIMATE,0.0001,0.01,LOW,cos_hour
TX_MON_14073,135691.0,13,61.0,0,Legitimate,LEGITIMATE,0.0,0.0,LOW,V22
TX_MON_14074,78060.0,21,6.5,0,Legitimate,LEGITIMATE,0.0013,0.13,LOW,V11
TX_MON_14075,70687.0,19,3.5,0,Legitimate,LEGITIMATE,0.0002,0.02,LOW,V21
TX_MON_14076,61761.0,17,29.51,0,Legitimate,LEGITIMATE,0.0002,0.02,LOW,V20
TX_MON_14077,53221.0,14,110.93,0,Legitimate,LEGITIMATE,0.0001,0.01,LOW,sin_hour
TX_MON_14078,33813.0,9,1.0,0,Legitimate,LEGITIMATE,0.0105,1.05,LOW,log_amount
TX_MON_14079,80587.0,22,1.0,0,Legitimate,LEGITIMATE,0.0199,1.99,LOW,V11
TX_MON_14080,84469.0,23,1.78,0,Legitimate,LEGITIMATE,0.0002,0.02,LOW,sin_hour
TX_MON_14081,59970.0,16,1.29,0,Legitimate,LEGITIMATE,0.0,0.0,LOW,log_amount
TX_MON_14082,58490.0,16,15.0,0,Legitimate,LEGITIMATE,0.0001,0.01,LOW,V22
TX_MON_14083,84938.0,23,74.99,0,Legitimate,LEGITIMATE,0.0016,0.16,LOW,sin_hour
TX_MON_14084,117856.0,8,4.99,0,Legitimate,LEGITIMATE,0.0002,0.02,LOW,log_amount
TX_MON_14085,75555.0,20,3.99,0,Legitimate,LEGITIMATE,0.0002,0.02,LOW,sin_hour
TX_MON_14086,20332.0,5,1.0,1,Fraud,FRAUD,0.9981,99.81,HIGH,V14
TX_MON_14087,38872.0,10,155.78,0,Legitimate,LEGITIMATE,0.0003,0.03,LOW,V1
TX_MON_14088,127325.0,11,1.98,0,Legitimate,LEGITIMATE,0.0008,0.08,LOW,log_amount
TX_MON_14089,155142.0,19,3.57,0,Legitimate,LEGITIMATE,0.0021,0.21,LOW,cos_hour
TX_MON_14090,118808.0,9,15.99,0,Legitimate,LEGITIMATE,0.0,0.0,LOW,V11
TX_MON_14091,71780.0,19,1.0,0,Legitimate,LEGITIMATE,0.0001,0.01,LOW,log_amount
TX_MON_14092,77729.0,21,177.44,0,Legitimate,LEGITIMATE,0.004,0.4,LOW,V1
TX_MON_14093,150783.0,17,16.0,0,Legitimate,LEGITIMATE,0.0003,0.03,LOW,cos_hour
TX_MON_14094,41305.0,11,59.68,1,Fraud,FRAUD,0.9993,99.93,HIGH,V14
TX_MON_14095,169015.0,22,7.18,0,Legitimate,LEGITIMATE,0.0001,0.01,LOW,sin_hour
TX_MON_14096,60340.0,16,30.5,0,Legitimate,LEGITIMATE,0.0001,0.01,LOW,V7
TX_MON_14097,54962.0,15,16.7,0,Legitimate,LEGITIMATE,0.0004,0.04,LOW,sin_hour
TX_MON_14098,150884.0,17,144.0,0,Legitimate,LEGITIMATE,0.0005,0.05,LOW,cos_hour
TX_MON_14099,110217.0,6,83.11,0,Legitimate,LEGITIMATE,0.0005,0.05,LOW,V4
TX_MON_14100,162313.0,21,10.74,0,Legitimate,LEGITIMATE,0.0005,0.05,LOW,sin_hour
TX_MON_14101,133320.0,13,1.98,0,Legitimate,LEGITIMATE,0.0001,0.01,LOW,log_amount
TX_MON_14102,127177.0,11,13.95,0,Legitimate,LEGITIMATE,0.0,0.0,LOW,sin_hour
TX_MON_14103,34274.0,9,2.97,0,Legitimate,LEGITIMATE,0.0012,0.12,LOW,log_amount
TX_MON_14104,60964.0,16,5.45,0,Legitimate,LEGITIMATE,0.0146,1.46,LOW,V4
TX_MON_14105,46114.0,12,145.5,0,Legitimate,LEGITIMATE,0.0001,0.01,LOW,sin_hour
TX_MON_14106,120210.0,9,198.0,0,Legitimate,LEGITIMATE,0.0001,0.01,LOW,V8
TX_MON_14107,162102.0,21,1.98,0,Legitimate,LEGITIMATE,0.0005,0.05,LOW,log_amount
TX_MON_14108,129808.0,12,276.17,1,Fraud,FRAUD,0.8451,84.51,HIGH,V14
TX_MON_14109,37630.0,10,12.0,0,Legitimate,LEGITIMATE,0.0011,0.11,LOW,V1
TX_MON_14110,123525.0,10,45.51,1,Fraud,FRAUD,0.999,99.9,HIGH,V14
TX_MON_14111,120920.0,9,26.0,0,Legitimate,LEGITIMATE,0.0001,0.01,LOW,V28
TX_MON_14112,87542.0,0,97.51,0,Legitimate,LEGITIMATE,0.0,0.0,LOW,V10
TX_MON_14113,133466.0,13,42.98,0,Legitimate,LEGITIMATE,0.0016,0.16,LOW,sin_hour
TX_MON_14114,155002.0,19,11.5,0,Legitimate,LEGITIMATE,0.0,0.0,LOW,cos_hour
TX_MON_14115,58018.0,16,4.05,0,Legitimate,LEGITIMATE,0.0005,0.05,LOW,log_amount
TX_MON_14116,85350.0,23,202.94,0,Legitimate,LEGITIMATE,0.0,0.0,LOW,V21
TX_MON_14117,166384.0,22,57.39,0,Legitimate,LEGITIMATE,0.0001,0.01,LOW,sin_hour
TX_MON_14118,82244.0,22,56.5,0,Legitimate,LEGITIMATE,0.0004,0.04,LOW,sin_hour
TX_MON_14119,42497.0,11,24.99,0,Legitimate,LEGITIMATE,0.0002,0.02,LOW,V28
TX_MON_14120,139004.0,14,79.0,0,Legitimate,LEGITIMATE,0.0,0.0,LOW,sin_hour
TX_MON_14121,170114.0,23,4.99,0,Legitimate,LEGITIMATE,0.0004,0.04,LOW,sin_hour
TX_MON_14122,35771.0,9,60.6,1,Fraud,FRAUD,0.9978,99.78,HIGH,V14
TX_MON_14123,147841.0,17,60.0,0,Legitimate,LEGITIMATE,0.0003,0.03,LOW,cos_hour
TX_MON_14124,99740.0,3,2.45,0,Legitimate,LEGITIMATE,0.0014,0.14,LOW,V12
TX_MON_14125,159454.0,20,11.77,0,Legitimate,LEGITIMATE,0.0001,0.01,LOW,V25
TX_MON_14126,84504.0,23,10.0,0,Legitimate,LEGITIMATE,0.0007,0.07,LOW,V4
TX_MON_14127,52387.0,14,1.98,0,Legitimate,LEGITIMATE,0.0058,0.58,LOW,V20
TX_MON_14128,62768.0,17,45.0,0,Legitimate,LEGITIMATE,0.0001,0.01,LOW,cos_hour
TX_MON_14129,161914.0,20,13.99,0,Legitimate,LEGITIMATE,0.0,0.0,LOW,V9
TX_MON_14130,141578.0,15,167.38,0,Legitimate,LEGITIMATE,0.001,0.1,LOW,sin_hour
TX_MON_14131,161560.0,20,38.45,0,Legitimate,LEGITIMATE,0.0001,0.01,LOW,sin_hour
TX_MON_14132,47257.0,13,17.13,0,Legitimate,LEGITIMATE,0.0,0.0,LOW,V20
TX_MON_14133,158285.0,19,15.0,0,Legitimate,LEGITIMATE,0.0001,0.01,LOW,cos_hour
TX_MON_14134,40888.0,11,1.0,0,Legitimate,LEGITIMATE,0.0004,0.04,LOW,V8
TX_MON_14135,135421.0,13,7.3,0,Legitimate,LEGITIMATE,0.0002,0.02,LOW,sin_hour
TX_MON_14136,140234.0,14,141.42,0,Legitimate,LEGITIMATE,0.001,0.1,LOW,V20
TX_MON_14137,41283.0,11,1.98,0,Legitimate,LEGITIMATE,0.0001,0.01,LOW,log_amount
TX_MON_14138,34380.0,9,560.84,0,Legitimate,LEGITIMATE,0.0005,0.05,LOW,Amount
TX_MON_14139,151814.0,18,7.53,0,Legitimate,LEGITIMATE,0.0,0.0,LOW,cos_hour
TX_MON_14140,42071.0,11,39.0,0,Legitimate,LEGITIMATE,0.0001,0.01,LOW,sin_hour
TX_MON_14141,150949.0,17,9.29,1,Fraud,FRAUD,0.9921,99.21,HIGH,V14
TX_MON_14142,85598.0,23,21.5,0,Legitimate,LEGITIMATE,0.0001,0.01,LOW,sin_hour
TX_MON_14143,933.0,0,2.27,0,Legitimate,LEGITIMATE,0.0019,0.19,LOW,V4
TX_MON_14144,55862.0,15,34.12,0,Legitimate,LEGITIMATE,0.0008,0.08,LOW,V1
TX_MON_14145,162085.0,21,141.1,0,Legitimate,LEGITIMATE,0.0021,0.21,LOW,V22
TX_MON_14146,100876.0,4,15.95,0,Legitimate,LEGITIMATE,0.0001,0.01,LOW,cos_hour
TX_MON_14147,58669.0,16,19.5,0,Legitimate,LEGITIMATE,0.0001,0.01,LOW,V22
TX_MON_14148,65388.0,18,41.9,0,Legitimate,LEGITIMATE,0.0001,0.01,LOW,cos_hour
TX_MON_14149,150724.0,17,1.29,0,Legitimate,LEGITIMATE,0.0007,0.07,LOW,cos_hour
TX_MON_14150,139193.0,14,1.29,0,Legitimate,LEGITIMATE,0.0002,0.02,LOW,log_amount
TX_MON_14151,6783.0,1,4.26,0,Legitimate,LEGITIMATE,0.0024,0.24,LOW,V12
TX_MON_14152,137840.0,14,804.9,0,Legitimate,LEGITIMATE,0.0019,0.19,LOW,Amount
TX_MON_14153,139269.0,14,36.0,0,Legitimate,LEGITIMATE,0.0005,0.05,LOW,sin_hour
TX_MON_14154,82115.0,22,1.0,0,Legitimate,LEGITIMATE,0.0025,0.25,LOW,sin_hour
TX_MON_14155,121062.0,9,1.98,0,Legitimate,LEGITIMATE,0.0001,0.01,LOW,log_amount
TX_MON_14156,114341.0,7,8.36,0,Legitimate,LEGITIMATE,0.0002,0.02,LOW,V1
TX_MON_14157,156316.0,19,10.0,0,Legitimate,LEGITIMATE,0.0001,0.01,LOW,cos_hour
TX_MON_14158,143605.0,15,135.9,0,Legitimate,LEGITIMATE,0.0002,0.02,LOW,V23
TX_MON_14159,151926.0,18,0.89,0,Legitimate,LEGITIMATE,0.0,0.0,LOW,cos_hour
TX_MON_14160,121272.0,9,42.0,0,Legitimate,LEGITIMATE,0.0001,0.01,LOW,V22
TX_MON_14161,31154.0,8,1.27,0,Legitimate,LEGITIMATE,0.0139,1.39,LOW,V4
TX_MON_14162,162541.0,21,2137.98,0,Legitimate,LEGITIMATE,0.0008,0.08,LOW,V4
TX_MON_14163,81733.0,22,253.6,0,Legitimate,LEGITIMATE,0.0002,0.02,LOW,V1
TX_MON_14164,79224.0,22,132.01,0,Legitimate,LEGITIMATE,0.0002,0.02,LOW,sin_hour
TX_MON_14165,81650.0,22,4.75,0,Legitimate,LEGITIMATE,0.0077,0.77,LOW,V14
TX_MON_14166,55535.0,15,15.0,0,Legitimate,LEGITIMATE,0.0025,0.25,LOW,V8
TX_MON_14167,76129.0,21,7.61,0,Legitimate,LEGITIMATE,0.0002,0.02,LOW,V4
TX_MON_14168,55522.0,15,14.99,0,Legitimate,LEGITIMATE,0.0002,0.02,LOW,sin_hour
TX_MON_14169,77198.0,21,1.29,0,Legitimate,LEGITIMATE,0.0008,0.08,LOW,sin_hour
TX_MON_14170,63424.0,17,69.99,0,Legitimate,LEGITIMATE,0.0002,0.02,LOW,cos_hour
TX_MON_14171,71962.0,19,0.69,0,Legitimate,LEGITIMATE,0.0004,0.04,LOW,log_amount
TX_MON_14172,28658.0,7,99.99,1,Fraud,FRAUD,0.9977,99.77,HIGH,V14
TX_MON_14173,55584.0,15,0.77,0,Legitimate,LEGITIMATE,0.0932,9.32,LOW,V4
TX_MON_14174,40502.0,11,25.12,0,Legitimate,LEGITIMATE,0.0004,0.04,LOW,V21
TX_MON_14175,32536.0,9,14.64,0,Legitimate,LEGITIMATE,0.0063,0.63,LOW,V11
TX_MON_14176,73396.0,20,0.76,0,Legitimate,LEGITIMATE,0.0759,7.59,LOW,V1
TX_MON_14177,86233.0,23,4.49,0,Legitimate,LEGITIMATE,0.0001,0.01,LOW,sin_hour
TX_MON_14178,36514.0,10,85.75,0,Legitimate,LEGITIMATE,0.0002,0.02,LOW,V4
TX_MON_14179,84641.0,23,61.09,0,Legitimate,LEGITIMATE,0.0014,0.14,LOW,V4
TX_MON_14180,59743.0,16,171.0,0,Legitimate,LEGITIMATE,0.0013,0.13,LOW,V1
TX_MON_14181,163331.0,21,48.4,0,Legitimate,LEGITIMATE,0.0,0.0,LOW,V20
TX_MON_14182,163740.0,21,26.0,0,Legitimate,LEGITIMATE,0.0,0.0,LOW,V20
TX_MON_14183,121971.0,9,1.51,0,Legitimate,LEGITIMATE,0.0018,0.18,LOW,V4
TX_MON_14184,160590.0,20,40.0,0,Legitimate,LEGITIMATE,0.0008,0.08,LOW,V14
TX_MON_14185,137211.0,14,39.45,1,Fraud,FRAUD,0.9973,99.73,HIGH,V14
TX_MON_14186,149926.0,17,102.95,0,Legitimate,LEGITIMATE,0.0,0.0,LOW,cos_hour
TX_MON_14187,163716.0,21,9.99,0,Legitimate,LEGITIMATE,0.001,0.1,LOW,V11
TX_MON_14188,42984.0,11,8.0,0,Legitimate,LEGITIMATE,0.0006,0.06,LOW,sin_hour
TX_MON_14189,62816.0,17,66.0,0,Legitimate,LEGITIMATE,0.0004,0.04,LOW,cos_hour
TX_MON_14190,68445.0,19,1.71,0,Legitimate,LEGITIMATE,0.0011,0.11,LOW,cos_hour
TX_MON_14191,79552.0,22,28.31,0,Legitimate,LEGITIMATE,0.0018,0.18,LOW,sin_hour
TX_MON_14192,69904.0,19,1.0,0,Legitimate,LEGITIMATE,0.0013,0.13,LOW,cos_hour
TX_MON_14193,54491.0,15,188.0,0,Legitimate,LEGITIMATE,0.001,0.1,LOW,sin_hour
TX_MON_14194,66789.0,18,294.03,0,Legitimate,LEGITIMATE,0.0002,0.02,LOW,cos_hour
TX_MON_14195,28323.0,7,13.54,0,Legitimate,LEGITIMATE,0.0023,0.23,LOW,V4
TX_MON_14196,27816.0,7,99.99,0,Legitimate,LEGITIMATE,0.0,0.0,LOW,V14
TX_MON_14197,41502.0,11,14.49,0,Legitimate,LEGITIMATE,0.0005,0.05,LOW,sin_hour
TX_MON_14198,66567.0,18,30.0,0,Legitimate,LEGITIMATE,0.001,0.1,LOW,cos_hour
TX_MON_14199,111638.0,7,10.0,0,Legitimate,LEGITIMATE,0.0002,0.02,LOW,cos_hour
TX_MON_14200,160271.0,20,10.0,0,Legitimate,LEGITIMATE,0.0002,0.02,LOW,cos_hour
TX_MON_14201,102318.0,4,22.04,1,Fraud,FRAUD,0.9816,98.16,HIGH,V14
TX_MON_14202,121754.0,9,136.0,0,Legitimate,LEGITIMATE,0.0001,0.01,LOW,V15
TX_MON_14203,166792.0,22,8.92,0,Legitimate,LEGITIMATE,0.0002,0.02,LOW,sin_hour
TX_MON_14204,141800.0,15,0.77,0,Legitimate,LEGITIMATE,0.0641,6.41,LOW,V14
TX_MON_14205,125101.0,10,1.0,0,Legitimate,LEGITIMATE,0.0001,0.01,LOW,log_amount
TX_MON_14206,45157.0,12,574.0,0,Legitimate,LEGITIMATE,0.0006,0.06,LOW,Amount
TX_MON_14207,84204.0,23,0.0,1,Fraud,FRAUD,0.9963,99.63,HIGH,V14
TX_MON_14208,68913.0,19,32.36,0,Legitimate,LEGITIMATE,0.0005,0.05,LOW,cos_hour
TX_MON_14209,151517.0,18,15.13,0,Legitimate,LEGITIMATE,0.0001,0.01,LOW,cos_hour
TX_MON_14210,54764.0,15,4.86,0,Legitimate,LEGITIMATE,0.0013,0.13,LOW,sin_hour
TX_MON_14211,30526.0,8,1.29,0,Legitimate,LEGITIMATE,0.0002,0.02,LOW,log_amount
TX_MON_14212,135081.0,13,19.95,0,Legitimate,LEGITIMATE,0.0002,0.02,LOW,sin_hour
TX_MON_14213,171527.0,23,14.9,0,Legitimate,LEGITIMATE,0.0013,0.13,LOW,V1
TX_MON_14214,144261.0,16,275.0,0,Legitimate,LEGITIMATE,0.0001,0.01,LOW,V8
TX_MON_14215,150011.0,17,5.99,0,Legitimate,LEGITIMATE,0.002,0.2,LOW,cos_hour
TX_MON_14216,140434.0,15,5.9,0,Legitimate,LEGITIMATE,0.0004,0.04,LOW,sin_hour
TX_MON_14217,6672.0,1,4.99,0,Legitimate,LEGITIMATE,0.0002,0.02,LOW,V12
TX_MON_14218,67857.0,18,320.0,1,Fraud,LEGITIMATE,0.0087,0.87,LOW,Amount
TX_MON_14219,120016.0,9,1.0,0,Legitimate,LEGITIMATE,0.0049,0.49,LOW,V4
TX_MON_14220,159946.0,20,11.99,0,Legitimate,LEGITIMATE,0.0024,0.24,LOW,V1
TX_MON_14221,47896.0,13,96.3,0,Legitimate,LEGITIMATE,0.0005,0.05,LOW,sin_hour
TX_MON_14222,30981.0,8,7.18,0,Legitimate,LEGITIMATE,0.0004,0.04,LOW,V1
TX_MON_14223,40501.0,11,9.36,0,Legitimate,LEGITIMATE,0.0132,1.32,LOW,V11
TX_MON_14224,135438.0,13,44.16,0,Legitimate,LEGITIMATE,0.0001,0.01,LOW,sin_hour
TX_MON_14225,38815.0,10,30.0,0,Legitimate,LEGITIMATE,0.0002,0.02,LOW,V10
TX_MON_14226,41194.0,11,1.52,1,Fraud,FRAUD,0.9987,99.87,HIGH,V14
TX_MON_14227,156065.0,19,1.98,0,Legitimate,LEGITIMATE,0.0002,0.02,LOW,cos_hour
TX_MON_14228,6986.0,1,59.0,1,Fraud,FRAUD,0.999,99.9,HIGH,V14
TX_MON_14229,121132.0,9,10.0,0,Legitimate,LEGITIMATE,0.0001,0.01,LOW,V22
TX_MON_14230,167338.0,22,349.08,1,Fraud,FRAUD,0.9983,99.83,HIGH,V14
TX_MON_14231,7526.0,2,1.0,1,Fraud,FRAUD,0.9979,99.79,HIGH,V14
TX_MON_14232,125917.0,10,0.76,0,Legitimate,LEGITIMATE,0.0013,0.13,LOW,V14
TX_MON_14233,64275.0,17,1.99,0,Legitimate,LEGITIMATE,0.0005,0.05,LOW,V14
TX_MON_14234,40730.0,11,150.0,0,Legitimate,LEGITIMATE,0.0001,0.01,LOW,sin_hour
TX_MON_14235,51855.0,14,95.0,0,Legitimate,LEGITIMATE,0.004,0.4,LOW,sin_hour
TX_MON_14236,75851.0,21,99.85,1,Fraud,FRAUD,0.9978,99.78,HIGH,V14
TX_MON_14237,156736.0,19,0.77,0,Legitimate,LEGITIMATE,0.0001,0.01,LOW,cos_hour
TX_MON_14238,58710.0,16,419.96,0,Legitimate,LEGITIMATE,0.0008,0.08,LOW,Amount
TX_MON_14239,51200.0,14,59.99,0,Legitimate,LEGITIMATE,0.0008,0.08,LOW,sin_hour
TX_MON_14240,142045.0,15,22.7,0,Legitimate,LEGITIMATE,0.0026,0.26,LOW,V4
TX_MON_14241,55989.0,15,600.0,0,Legitimate,LEGITIMATE,0.0051,0.51,LOW,Amount
TX_MON_14242,126612.0,11,998.6,0,Legitimate,LEGITIMATE,0.0001,0.01,LOW,Amount
TX_MON_14243,37268.0,10,9.99,0,Legitimate,LEGITIMATE,0.0001,0.01,LOW,V1
TX_MON_14244,73270.0,20,56.75,0,Legitimate,LEGITIMATE,0.0002,0.02,LOW,cos_hour
TX_MON_14245,146415.0,16,19.99,0,Legitimate,LEGITIMATE,0.0003,0.03,LOW,V25
TX_MON_14246,138893.0,14,135.0,0,Legitimate,LEGITIMATE,0.0002,0.02,LOW,sin_hour
TX_MON_14247,44599.0,12,76.34,0,Legitimate,LEGITIMATE,0.0052,0.52,LOW,V1
TX_MON_14248,86957.0,0,414.0,0,Legitimate,LEGITIMATE,0.0001,0.01,LOW,Amount
TX_MON_14249,118286.0,8,50.94,0,Legitimate,LEGITIMATE,0.0,0.0,LOW,V20
TX_MON_14250,63203.0,17,378.06,0,Legitimate,LEGITIMATE,0.0001,0.01,LOW,Amount
TX_MON_14251,35554.0,9,29.56,0,Legitimate,LEGITIMATE,0.0041,0.41,LOW,V15
TX_MON_14252,2009.0,0,1.98,0,Legitimate,LEGITIMATE,0.0003,0.03,LOW,V25
TX_MON_14253,133447.0,13,7.34,0,Legitimate,LEGITIMATE,0.0018,0.18,LOW,sin_hour
TX_MON_14254,71995.0,19,50.0,0,Legitimate,LEGITIMATE,0.0002,0.02,LOW,cos_hour
TX_MON_14255,45540.0,12,1.99,0,Legitimate,LEGITIMATE,0.0004,0.04,LOW,log_amount
TX_MON_14256,167335.0,22,20.0,0,Legitimate,LEGITIMATE,0.0002,0.02,LOW,sin_hour
TX_MON_14257,77463.0,21,42.81,0,Legitimate,LEGITIMATE,0.0047,0.47,LOW,V1
TX_MON_14258,172498.0,23,11.75,0,Legitimate,LEGITIMATE,0.0001,0.01,LOW,V20
TX_MON_14259,21241.0,5,69.0,0,Legitimate,LEGITIMATE,0.0002,0.02,LOW,cos_hour
TX_MON_14260,73456.0,20,1.79,0,Legitimate,LEGITIMATE,0.0003,0.03,LOW,log_amount
TX_MON_14261,69270.0,19,14.95,0,Legitimate,LEGITIMATE,0.0001,0.01,LOW,cos_hour
TX_MON_14262,78724.0,21,10.85,0,Legitimate,LEGITIMATE,0.0014,0.14,LOW,sin_hour
TX_MON_14263,61375.0,17,0.77,0,Legitimate,LEGITIMATE,0.0004,0.04,LOW,cos_hour
TX_MON_14264,104702.0,5,99.99,0,Legitimate,LEGITIMATE,0.0001,0.01,LOW,V12
TX_MON_14265,33602.0,9,15.0,0,Legitimate,LEGITIMATE,0.0001,0.01,LOW,V28
TX_MON_14266,70828.0,19,0.76,1,Fraud,LEGITIMATE,0.0098,0.98,LOW,V4
TX_MON_14267,26899.0,7,99.99,1,Fraud,FRAUD,0.9979,99.79,HIGH,V14
TX_MON_14268,158662.0,20,42.08,0,Legitimate,LEGITIMATE,0.0002,0.02,LOW,V10
TX_MON_14269,56734.0,15,27.83,0,Legitimate,LEGITIMATE,0.0007,0.07,LOW,V6
TX_MON_14270,129813.0,12,4.8,0,Legitimate,LEGITIMATE,0.0006,0.06,LOW,sin_hour
TX_MON_14271,41285.0,11,37.32,1,Fraud,FRAUD,0.9992,99.92,HIGH,V14
TX_MON_14272,140069.0,14,0.99,0,Legitimate,LEGITIMATE,0.0001,0.01,LOW,log_amount
TX_MON_14273,144666.0,16,0.99,0,Legitimate,LEGITIMATE,0.0001,0.01,LOW,log_amount
TX_MON_14274,83309.0,23,42.81,0,Legitimate,LEGITIMATE,0.0001,0.01,LOW,sin_hour
TX_MON_14275,169537.0,23,0.01,0,Legitimate,LEGITIMATE,0.0001,0.01,LOW,log_amount
TX_MON_14276,165667.0,22,54.88,0,Legitimate,LEGITIMATE,0.0012,0.12,LOW,sin_hour
TX_MON_14277,143296.0,15,129.0,0,Legitimate,LEGITIMATE,0.0005,0.05,LOW,V1
TX_MON_14278,3142.0,0,1.0,0,Legitimate,LEGITIMATE,0.0001,0.01,LOW,log_amount
TX_MON_14279,169902.0,23,3.99,0,Legitimate,LEGITIMATE,0.0005,0.05,LOW,sin_hour
TX_MON_14280,35605.0,9,158.0,0,Legitimate,LEGITIMATE,0.0003,0.03,LOW,V1
TX_MON_14281,129598.0,11,7.65,0,Legitimate,LEGITIMATE,0.0,0.0,LOW,sin_hour
TX_MON_14282,139914.0,14,88.0,0,Legitimate,LEGITIMATE,0.0001,0.01,LOW,sin_hour
TX_MON_14283,114607.0,7,4.13,0,Legitimate,LEGITIMATE,0.0001,0.01,LOW,V1
TX_MON_14284,132086.0,12,480.72,1,Fraud,FRAUD,0.9591,95.91,HIGH,V14
TX_MON_14285,70488.0,19,1.64,0,Legitimate,LEGITIMATE,0.0003,0.03,LOW,cos_hour
TX_MON_14286,34580.0,9,1.0,0,Legitimate,LEGITIMATE,0.0003,0.03,LOW,log_amount
TX_MON_14287,142033.0,15,50.5,0,Legitimate,LEGITIMATE,0.0003,0.03,LOW,sin_hour
TX_MON_14288,136477.0,13,29.97,0,Legitimate,LEGITIMATE,0.0059,0.59,LOW,sin_hour
TX_MON_14289,21662.0,6,1.0,1,Fraud,FRAUD,0.9981,99.81,HIGH,V14
TX_MON_14290,144722.0,16,8.95,0,Legitimate,LEGITIMATE,0.0,0.0,LOW,V13
TX_MON_14291,94364.0,2,1.0,1,Fraud,FRAUD,0.9993,99.93,HIGH,V14
TX_MON_14292,131166.0,12,15.0,0,Legitimate,LEGITIMATE,0.0008,0.08,LOW,V1
TX_MON_14293,65352.0,18,940.49,0,Legitimate,LEGITIMATE,0.0014,0.14,LOW,Amount
TX_MON_14294,75810.0,21,11.5,0,Legitimate,LEGITIMATE,0.001,0.1,LOW,sin_hour
TX_MON_14295,82201.0,22,2.59,0,Legitimate,LEGITIMATE,0.0871,8.71,LOW,V14
TX_MON_14296,76230.0,21,1.79,0,Legitimate,LEGITIMATE,0.0016,0.16,LOW,log_amount
TX_MON_14297,131910.0,12,47.95,0,Legitimate,LEGITIMATE,0.0025,0.25,LOW,sin_hour
TX_MON_14298,142262.0,15,1.79,0,Legitimate,LEGITIMATE,0.0003,0.03,LOW,log_amount
TX_MON_14299,159659.0,20,100.0,0,Legitimate,LEGITIMATE,0.0001,0.01,LOW,V22
TX_MON_14300,28725.0,7,2.67,0,Legitimate,LEGITIMATE,0.0002,0.02,LOW,log_amount
TX_MON_14301,162051.0,21,1.0,0,Legitimate,LEGITIMATE,0.0001,0.01,LOW,V1
TX_MON_14302,79095.0,21,8.99,0,Legitimate,LEGITIMATE,0.0002,0.02,LOW,V1
TX_MON_14303,67168.0,18,44.95,0,Legitimate,LEGITIMATE,0.0006,0.06,LOW,cos_hour
TX_MON_14304,127673.0,11,1.0,0,Legitimate,LEGITIMATE,0.0,0.0,LOW,log_amount
TX_MON_14305,63349.0,17,39.99,0,Legitimate,LEGITIMATE,0.0012,0.12,LOW,cos_hour
TX_MON_14306,35976.0,9,17.98,0,Legitimate,LEGITIMATE,0.0005,0.05,LOW,V1
TX_MON_14307,158302.0,19,86.0,0,Legitimate,LEGITIMATE,0.0003,0.03,LOW,cos_hour
TX_MON_14308,121634.0,9,321.2,0,Legitimate,LEGITIMATE,0.0151,1.51,LOW,V14
TX_MON_14309,166656.0,22,22.9,0,Legitimate,LEGITIMATE,0.0004,0.04,LOW,sin_hour
TX_MON_14310,145355.0,16,0.89,0,Legitimate,LEGITIMATE,0.0005,0.05,LOW,log_amount
TX_MON_14311,129025.0,11,4.99,0,Legitimate,LEGITIMATE,0.0002,0.02,LOW,log_amount
TX_MON_14312,805.0,0,1.0,0,Legitimate,LEGITIMATE,0.0005,0.05,LOW,sin_hour
TX_MON_14313,46444.0,12,107.44,0,Legitimate,LEGITIMATE,0.0007,0.07,LOW,V4
TX_MON_14314,152673.0,18,572.34,0,Legitimate,LEGITIMATE,0.0003,0.03,LOW,Amount
TX_MON_14315,131287.0,12,13.99,0,Legitimate,LEGITIMATE,0.0,0.0,LOW,sin_hour
TX_MON_14316,14688.0,4,24.39,0,Legitimate,LEGITIMATE,0.0161,1.61,LOW,V4
TX_MON_14317,39324.0,10,1.29,0,Legitimate,LEGITIMATE,0.0017,0.17,LOW,log_amount
TX_MON_14318,91524.0,1,1.0,1,Fraud,FRAUD,0.9223,92.23,HIGH,V14
TX_MON_14319,158622.0,20,89.4,0,Legitimate,LEGITIMATE,0.0001,0.01,LOW,cos_hour
TX_MON_14320,154890.0,19,46.97,0,Legitimate,LEGITIMATE,0.002,0.2,LOW,cos_hour
TX_MON_14321,71101.0,19,31.99,0,Legitimate,LEGITIMATE,0.0001,0.01,LOW,V20
TX_MON_14322,49144.0,13,253.17,0,Legitimate,LEGITIMATE,0.0024,0.24,LOW,sin_hour
TX_MON_14323,46578.0,12,40.3,0,Legitimate,LEGITIMATE,0.1805,18.05,LOW,V14
TX_MON_14324,33668.0,9,144.0,0,Legitimate,LEGITIMATE,0.0,0.0,LOW,V3
TX_MON_14325,134513.0,13,224.35,0,Legitimate,LEGITIMATE,0.0001,0.01,LOW,sin_hour
TX_MON_14326,47587.0,13,49.9,0,Legitimate,LEGITIMATE,0.0015,0.15,LOW,sin_hour
TX_MON_14327,74365.0,20,19.72,0,Legitimate,LEGITIMATE,0.0004,0.04,LOW,sin_hour
TX_MON_14328,49035.0,13,0.0,0,Legitimate,LEGITIMATE,0.0075,0.75,LOW,log_amount
TX_MON_14329,169446.0,23,33.0,0,Legitimate,LEGITIMATE,0.0,0.0,LOW,sin_hour
TX_MON_14330,72767.0,20,5.0,0,Legitimate,LEGITIMATE,0.0006,0.06,LOW,V1
TX_MON_14331,137132.0,14,14.07,0,Legitimate,LEGITIMATE,0.0025,0.25,LOW,sin_hour
TX_MON_14332,164578.0,21,5.0,0,Legitimate,LEGITIMATE,0.0016,0.16,LOW,sin_hour
TX_MON_14333,116273.0,8,57.95,0,Legitimate,LEGITIMATE,0.0,0.0,LOW,V20
TX_MON_14334,56909.0,15,9.99,0,Legitimate,LEGITIMATE,0.0011,0.11,LOW,V1
TX_MON_14335,129684.0,12,40.41,0,Legitimate,LEGITIMATE,0.0,0.0,LOW,V14
TX_MON_14336,41791.0,11,99.99,1,Fraud,FRAUD,0.9963,99.63,HIGH,V14
TX_MON_14337,90052.0,1,4.49,0,Legitimate,LEGITIMATE,0.0001,0.01,LOW,V12
TX_MON_14338,160980.0,20,19.99,0,Legitimate,LEGITIMATE,0.0002,0.02,LOW,sin_hour
TX_MON_14339,165557.0,21,23.66,0,Legitimate,LEGITIMATE,0.0001,0.01,LOW,sin_hour
TX_MON_14340,143302.0,15,120.0,0,Legitimate,LEGITIMATE,0.0001,0.01,LOW,cos_hour
TX_MON_14341,84477.0,23,22.22,0,Legitimate,LEGITIMATE,0.0001,0.01,LOW,sin_hour
TX_MON_14342,130488.0,12,561.5,0,Legitimate,LEGITIMATE,0.0002,0.02,LOW,Amount
TX_MON_14343,74333.0,20,59.0,0,Legitimate,LEGITIMATE,0.0054,0.54,LOW,cos_hour
TX_MON_14344,123660.0,10,56.01,0,Legitimate,LEGITIMATE,0.035,3.5,LOW,V14
TX_MON_14345,65768.0,18,1.29,0,Legitimate,LEGITIMATE,0.0001,0.01,LOW,cos_hour
TX_MON_14346,78716.0,21,111.98,0,Legitimate,LEGITIMATE,0.0011,0.11,LOW,sin_hour
TX_MON_14347,116140.0,8,2.0,0,Legitimate,LEGITIMATE,0.0005,0.05,LOW,log_amount
TX_MON_14348,150682.0,17,63.29,0,Legitimate,LEGITIMATE,0.0001,0.01,LOW,cos_hour
TX_MON_14349,171613.0,23,123.19,0,Legitimate,LEGITIMATE,0.0009,0.09,LOW,sin_hour
TX_MON_14350,57890.0,16,5.37,0,Legitimate,LEGITIMATE,0.0008,0.08,LOW,V25
TX_MON_14351,75814.0,21,210.0,0,Legitimate,LEGITIMATE,0.002,0.2,LOW,V1
TX_MON_14352,158041.0,19,99.0,0,Legitimate,LEGITIMATE,0.0001,0.01,LOW,cos_hour
TX_MON_14353,33257.0,9,907.75,0,Legitimate,LEGITIMATE,0.0044,0.44,LOW,V4
TX_MON_14354,52218.0,14,11.5,0,Legitimate,LEGITIMATE,0.001,0.1,LOW,sin_hour
TX_MON_14355,49043.0,13,1.79,0,Legitimate,LEGITIMATE,0.0029,0.29,LOW,sin_hour
TX_MON_14356,142280.0,15,324.59,1,Fraud,FRAUD,0.9865,98.65,HIGH,V14
TX_MON_14357,72824.0,20,45.03,1,Fraud,FRAUD,0.6206,62.06,MEDIUM,V13
TX_MON_14358,83116.0,23,2.69,0,Legitimate,LEGITIMATE,0.0008,0.08,LOW,sin_hour
TX_MON_14359,125075.0,10,60.0,0,Legitimate,LEGITIMATE,0.0004,0.04,LOW,V1
TX_MON_14360,167070.0,22,26.5,0,Legitimate,LEGITIMATE,0.0002,0.02,LOW,sin_hour
TX_MON_14361,144087.0,16,14.87,0,Legitimate,LEGITIMATE,0.0004,0.04,LOW,V22
TX_MON_14362,149566.0,17,22.98,0,Legitimate,LEGITIMATE,0.0005,0.05,LOW,cos_hour
TX_MON_14363,66484.0,18,2.83,0,Legitimate,LEGITIMATE,0.0011,0.11,LOW,cos_hour
TX_MON_14364,76876.0,21,1.0,1,Fraud,FRAUD,0.9762,97.62,HIGH,V14
TX_MON_14365,50772.0,14,1.0,0,Legitimate,LEGITIMATE,0.0002,0.02,LOW,V4
TX_MON_14366,75996.0,21,6.99,0,Legitimate,LEGITIMATE,0.0001,0.01,LOW,sin_hour
TX_MON_14367,67938.0,18,69.0,0,Legitimate,LEGITIMATE,0.0,0.0,LOW,cos_hour
TX_MON_14368,1967.0,0,61.22,0,Legitimate,LEGITIMATE,0.0001,0.01,LOW,sin_hour
TX_MON_14369,36188.0,10,207.0,0,Legitimate,LEGITIMATE,0.0007,0.07,LOW,V1
TX_MON_14370,154763.0,18,10.59,0,Legitimate,LEGITIMATE,0.0018,0.18,LOW,V4
TX_MON_14371,66285.0,18,94.65,0,Legitimate,LEGITIMATE,0.0001,0.01,LOW,cos_hour
TX_MON_14372,129952.0,12,120.61,0,Legitimate,LEGITIMATE,0.0001,0.01,LOW,V4
TX_MON_14373,138144.0,14,2.31,0,Legitimate,LEGITIMATE,0.0001,0.01,LOW,log_amount
TX_MON_14374,48891.0,13,7.55,0,Legitimate,LEGITIMATE,0.0002,0.02,LOW,V4
TX_MON_14375,168552.0,22,6.99,0,Legitimate,LEGITIMATE,0.0005,0.05,LOW,V1
TX_MON_14376,171969.0,23,9.99,0,Legitimate,LEGITIMATE,0.0001,0.01,LOW,sin_hour
TX_MON_14377,133749.0,13,1.0,0,Legitimate,LEGITIMATE,0.0003,0.03,LOW,sin_hour
TX_MON_14378,87405.0,0,24.98,0,Legitimate,LEGITIMATE,0.0001,0.01,LOW,V1
TX_MON_14379,147501.0,16,996.27,1,Fraud,FRAUD,0.9851,98.51,HIGH,V17
TX_MON_14380,140308.0,14,592.9,1,Fraud,FRAUD,0.9951,99.51,HIGH,V14
TX_MON_14381,160550.0,20,29.58,0,Legitimate,LEGITIMATE,0.0067,0.67,LOW,V14
TX_MON_14382,164657.0,21,15.0,0,Legitimate,LEGITIMATE,0.0007,0.07,LOW,sin_hour
TX_MON_14383,79262.0,22,1.0,0,Legitimate,LEGITIMATE,0.0001,0.01,LOW,log_amount
TX_MON_14384,152770.0,18,24.99,0,Legitimate,LEGITIMATE,0.0121,1.21,LOW,cos_hour
TX_MON_14385,80923.0,22,79.95,0,Legitimate,LEGITIMATE,0.0001,0.01,LOW,sin_hour
TX_MON_14386,46063.0,12,49.99,0,Legitimate,LEGITIMATE,0.0001,0.01,LOW,sin_hour
TX_MON_14387,67571.0,18,549.06,1,Fraud,LEGITIMATE,0.0004,0.04,LOW,Amount
TX_MON_14388,78969.0,21,8.75,0,Legitimate,LEGITIMATE,0.0006,0.06,LOW,V1
TX_MON_14389,51721.0,14,899.04,0,Legitimate,LEGITIMATE,0.0009,0.09,LOW,Amount
TX_MON_14390,170086.0,23,5.21,0,Legitimate,LEGITIMATE,0.105,10.5,LOW,V4
TX_MON_14391,30492.0,8,47.87,0,Legitimate,LEGITIMATE,0.0007,0.07,LOW,V25
TX_MON_14392,53254.0,14,66.03,0,Legitimate,LEGITIMATE,0.0001,0.01,LOW,sin_hour
TX_MON_14393,140482.0,15,7.5,0,Legitimate,LEGITIMATE,0.0004,0.04,LOW,sin_hour
TX_MON_14394,7610.0,2,1.0,1,Fraud,FRAUD,0.9988,99.88,HIGH,V14
TX_MON_14395,54880.0,15,15.86,0,Legitimate,LEGITIMATE,0.0004,0.04,LOW,sin_hour
TX_MON_14396,163672.0,21,1.31,0,Legitimate,LEGITIMATE,0.0001,0.01,LOW,V22
TX_MON_14397,78725.0,21,60.0,1,Fraud,FRAUD,0.9961,99.61,HIGH,V14
TX_MON_14398,75568.0,20,19.21,0,Legitimate,LEGITIMATE,0.0001,0.01,LOW,sin_hour
TX_MON_14399,124008.0,10,66.0,0,Legitimate,LEGITIMATE,0.0001,0.01,LOW,V22
TX_MON_14400,122563.0,10,80.0,0,Legitimate,LEGITIMATE,0.0006,0.06,LOW,V21
TX_MON_14401,49512.0,13,1.29,0,Legitimate,LEGITIMATE,0.005,0.5,LOW,sin_hour
TX_MON_14402,170631.0,23,9.0,0,Legitimate,LEGITIMATE,0.0004,0.04,LOW,sin_hour
TX_MON_14403,69139.0,19,325.56,0,Legitimate,LEGITIMATE,0.0007,0.07,LOW,V4
TX_MON_14404,129773.0,12,217.35,0,Legitimate,LEGITIMATE,0.0004,0.04,LOW,V20
TX_MON_14405,66826.0,18,2.68,0,Legitimate,LEGITIMATE,0.0006,0.06,LOW,V21
TX_MON_14406,57097.0,15,0.89,0,Legitimate,LEGITIMATE,0.0029,0.29,LOW,V1
TX_MON_14407,161530.0,20,386.35,0,Legitimate,LEGITIMATE,0.0005,0.05,LOW,Amount
TX_MON_14408,138400.0,14,9.99,0,Legitimate,LEGITIMATE,0.0012,0.12,LOW,sin_hour
TX_MON_14409,30466.0,8,2.99,0,Legitimate,LEGITIMATE,0.0003,0.03,LOW,log_amount
TX_MON_14410,128464.0,11,219.54,0,Legitimate,LEGITIMATE,0.0002,0.02,LOW,V20
TX_MON_14411,37053.0,10,2.28,0,Legitimate,LEGITIMATE,0.0001,0.01,LOW,log_amount
TX_MON_14412,69451.0,19,14.99,0,Legitimate,LEGITIMATE,0.0003,0.03,LOW,cos_hour
TX_MON_14413,43141.0,11,120.0,0,Legitimate,LEGITIMATE,0.0014,0.14,LOW,sin_hour
TX_MON_14414,129308.0,11,80.9,1,Fraud,FRAUD,0.9969,99.69,HIGH,V14
TX_MON_14415,161724.0,20,3.57,0,Legitimate,LEGITIMATE,0.0002,0.02,LOW,sin_hour
TX_MON_14416,75716.0,21,30.0,0,Legitimate,LEGITIMATE,0.0004,0.04,LOW,V16
TX_MON_14417,163817.0,21,16.02,0,Legitimate,LEGITIMATE,0.0008,0.08,LOW,sin_hour
TX_MON_14418,169351.0,23,77.89,1,Fraud,FRAUD,0.9928,99.28,HIGH,V14
TX_MON_14419,80877.0,22,881.05,0,Legitimate,LEGITIMATE,0.0008,0.08,LOW,Amount
TX_MON_14420,54004.0,15,13.18,0,Legitimate,LEGITIMATE,0.0042,0.42,LOW,sin_hour
TX_MON_14421,51010.0,14,7.3,0,Legitimate,LEGITIMATE,0.0009,0.09,LOW,sin_hour
TX_MON_14422,48207.0,13,93.0,0,Legitimate,LEGITIMATE,0.0014,0.14,LOW,sin_hour
TX_MON_14423,156947.0,19,0.01,0,Legitimate,LEGITIMATE,0.0001,0.01,LOW,log_amount
TX_MON_14424,124634.0,10,114.54,0,Legitimate,LEGITIMATE,0.0001,0.01,LOW,V23
TX_MON_14425,63569.0,17,288.0,0,Legitimate,LEGITIMATE,0.0011,0.11,LOW,cos_hour
TX_MON_14426,36762.0,10,3000.0,0,Legitimate,LEGITIMATE,0.0001,0.01,LOW,V21
TX_MON_14427,142060.0,15,14.99,0,Legitimate,LEGITIMATE,0.0,0.0,LOW,sin_hour
TX_MON_14428,64404.0,17,57.4,0,Legitimate,LEGITIMATE,0.0001,0.01,LOW,cos_hour
TX_MON_14429,80998.0,22,139.0,0,Legitimate,LEGITIMATE,0.0004,0.04,LOW,sin_hour
TX_MON_14430,63449.0,17,2.69,0,Legitimate,LEGITIMATE,0.0066,0.66,LOW,V1
TX_MON_14431,75851.0,21,1.98,0,Legitimate,LEGITIMATE,0.0006,0.06,LOW,sin_hour
TX_MON_14432,890.0,0,21.98,0,Legitimate,LEGITIMATE,0.0,0.0,LOW,sin_hour
TX_MON_14433,152308.0,18,96.0,0,Legitimate,LEGITIMATE,0.0001,0.01,LOW,cos_hour
TX_MON_14434,155324.0,19,1103.37,0,Legitimate,LEGITIMATE,0.0022,0.22,LOW,Amount
TX_MON_14435,155374.0,19,45.36,0,Legitimate,LEGITIMATE,0.0016,0.16,LOW,V4
TX_MON_14436,83788.0,23,3.93,0,Legitimate,LEGITIMATE,0.001,0.1,LOW,sin_hour
TX_MON_14437,41582.0,11,39.45,1,Fraud,FRAUD,0.9921,99.21,HIGH,V14
TX_MON_14438,110436.0,6,2.12,0,Legitimate,LEGITIMATE,0.0002,0.02,LOW,cos_hour
TX_MON_14439,160357.0,20,19.99,0,Legitimate,LEGITIMATE,0.001,0.1,LOW,sin_hour
TX_MON_14440,45812.0,12,0.76,0,Legitimate,LEGITIMATE,0.0015,0.15,LOW,sin_hour
TX_MON_14441,6758.0,1,15.89,0,Legitimate,LEGITIMATE,0.0003,0.03,LOW,V4
TX_MON_14442,54620.0,15,45.54,0,Legitimate,LEGITIMATE,0.0001,0.01,LOW,sin_hour
TX_MON_14443,67500.0,18,6.6,0,Legitimate,LEGITIMATE,0.0001,0.01,LOW,cos_hour
TX_MON_14444,2552.0,0,461.45,0,Legitimate,LEGITIMATE,0.0002,0.02,LOW,Amount
TX_MON_14445,62655.0,17,1.5,0,Legitimate,LEGITIMATE,0.0002,0.02,LOW,cos_hour
TX_MON_14446,136163.0,13,1.0,0,Legitimate,LEGITIMATE,0.0004,0.04,LOW,sin_hour
TX_MON_14447,24832.0,6,91.0,0,Legitimate,LEGITIMATE,0.0001,0.01,LOW,cos_hour
TX_MON_14448,167580.0,22,27.0,0,Legitimate,LEGITIMATE,0.0002,0.02,LOW,sin_hour
TX_MON_14449,83456.0,23,1.79,0,Legitimate,LEGITIMATE,0.0002,0.02,LOW,sin_hour
TX_MON_14450,160537.0,20,4.69,1,Fraud,FRAUD,0.9983,99.83,HIGH,V14
TX_MON_14451,28106.0,7,43.85,0,Legitimate,LEGITIMATE,0.0004,0.04,LOW,V28
TX_MON_14452,122291.0,9,13.21,0,Legitimate,LEGITIMATE,0.1015,10.15,LOW,V4
TX_MON_14453,137711.0,14,46.52,0,Legitimate,LEGITIMATE,0.0063,0.63,LOW,sin_hour
TX_MON_14454,156082.0,19,12.0,0,Legitimate,LEGITIMATE,0.0001,0.01,LOW,cos_hour
TX_MON_14455,165640.0,22,1.0,0,Legitimate,LEGITIMATE,0.0001,0.01,LOW,sin_hour
TX_MON_14456,56918.0,15,144.0,0,Legitimate,LEGITIMATE,0.0023,0.23,LOW,V1
TX_MON_14457,127043.0,11,60.0,0,Legitimate,LEGITIMATE,0.0001,0.01,LOW,sin_hour
TX_MON_14458,62731.0,17,4.49,0,Legitimate,LEGITIMATE,0.0006,0.06,LOW,cos_hour
TX_MON_14459,63075.0,17,4.14,0,Legitimate,LEGITIMATE,0.0001,0.01,LOW,cos_hour
TX_MON_14460,115206.0,8,9.99,0,Legitimate,LEGITIMATE,0.0013,0.13,LOW,V14
TX_MON_14461,79569.0,22,699.0,0,Legitimate,LEGITIMATE,0.0002,0.02,LOW,Amount
TX_MON_14462,38986.0,10,52.29,0,Legitimate,LEGITIMATE,0.0,0.0,LOW,V28
TX_MON_14463,38705.0,10,114.0,0,Legitimate,LEGITIMATE,0.0025,0.25,LOW,V8
TX_MON_14464,80921.0,22,69.99,0,Legitimate,LEGITIMATE,0.0007,0.07,LOW,sin_hour
TX_MON_14465,50544.0,14,4.99,0,Legitimate,LEGITIMATE,0.0096,0.96,LOW,sin_hour
TX_MON_14466,44945.0,12,44.95,0,Legitimate,LEGITIMATE,0.0007,0.07,LOW,sin_hour
TX_MON_14467,40685.0,11,22.3,0,Legitimate,LEGITIMATE,0.0027,0.27,LOW,sin_hour
TX_MON_14468,141594.0,15,1.0,0,Legitimate,LEGITIMATE,0.0007,0.07,LOW,sin_hour
TX_MON_14469,146947.0,16,19.95,0,Legitimate,LEGITIMATE,0.0007,0.07,LOW,V4
TX_MON_14470,169969.0,23,28.28,0,Legitimate,LEGITIMATE,0.0001,0.01,LOW,sin_hour
TX_MON_14471,80554.0,22,12.99,0,Legitimate,LEGITIMATE,0.0013,0.13,LOW,sin_hour
TX_MON_14472,116270.0,8,4.99,0,Legitimate,LEGITIMATE,0.001,0.1,LOW,V1
TX_MON_14473,40954.0,11,14.18,0,Legitimate,LEGITIMATE,0.0002,0.02,LOW,sin_hour
TX_MON_14474,67149.0,18,99.9,0,Legitimate,LEGITIMATE,0.0002,0.02,LOW,cos_hour
TX_MON_14475,50195.0,13,0.0,0,Legitimate,LEGITIMATE,0.0002,0.02,LOW,V4
TX_MON_14476,141542.0,15,2.28,0,Legitimate,LEGITIMATE,0.0015,0.15,LOW,log_amount
TX_MON_14477,59204.0,16,16.27,0,Legitimate,LEGITIMATE,0.0001,0.01,LOW,V1
TX_MON_14478,149025.0,17,41.47,0,Legitimate,LEGITIMATE,0.0012,0.12,LOW,cos_hour
TX_MON_14479,155957.0,19,1.98,0,Legitimate,LEGITIMATE,0.0008,0.08,LOW,cos_hour
TX_MON_14480,22774.0,6,89.99,0,Legitimate,LEGITIMATE,0.0041,0.41,LOW,V4
TX_MON_14481,96864.0,2,13.2,0,Legitimate,LEGITIMATE,0.0002,0.02,LOW,V11
TX_MON_14482,137445.0,14,36.55,0,Legitimate,LEGITIMATE,0.0003,0.03,LOW,sin_hour
TX_MON_14483,151504.0,18,1.96,0,Legitimate,LEGITIMATE,0.0001,0.01,LOW,cos_hour
TX_MON_14484,35683.0,9,3.59,0,Legitimate,LEGITIMATE,0.001,0.1,LOW,log_amount
TX_MON_14485,135050.0,13,10.0,0,Legitimate,LEGITIMATE,0.0007,0.07,LOW,sin_hour
TX_MON_14486,118297.0,8,7.1,0,Legitimate,LEGITIMATE,0.0,0.0,LOW,V14
TX_MON_14487,162604.0,21,20.94,0,Legitimate,LEGITIMATE,0.0,0.0,LOW,V20
TX_MON_14488,111380.0,6,382.36,0,Legitimate,LEGITIMATE,0.0005,0.05,LOW,Amount
TX_MON_14489,44084.0,12,285.7,0,Legitimate,LEGITIMATE,0.0001,0.01,LOW,Amount
TX_MON_14490,1506.0,0,5.0,0,Legitimate,LEGITIMATE,0.0001,0.01,LOW,sin_hour
TX_MON_14491,132012.0,12,0.77,0,Legitimate,LEGITIMATE,0.0001,0.01,LOW,sin_hour
TX_MON_14492,147134.0,16,23.96,0,Legitimate,LEGITIMATE,0.0002,0.02,LOW,V4
TX_MON_14493,49091.0,13,9.21,0,Legitimate,LEGITIMATE,0.0014,0.14,LOW,sin_hour
TX_MON_14494,69416.0,19,64.88,0,Legitimate,LEGITIMATE,0.0009,0.09,LOW,cos_hour
TX_MON_14495,3697.0,1,5.77,0,Legitimate,LEGITIMATE,0.0,0.0,LOW,V12
TX_MON_14496,119265.0,9,13.54,0,Legitimate,LEGITIMATE,0.0,0.0,LOW,V7
TX_MON_14497,122080.0,9,178.5,0,Legitimate,LEGITIMATE,0.0021,0.21,LOW,V1
TX_MON_14498,91225.0,1,75.0,0,Legitimate,LEGITIMATE,0.0001,0.01,LOW,V12
TX_MON_14499,36706.0,10,396.5,0,Legitimate,LEGITIMATE,0.0003,0.03,LOW,Amount
TX_MON_14500,80042.0,22,154.85,0,Legitimate,LEGITIMATE,0.0015,0.15,LOW,V4
TX_MON_14501,160698.0,20,52.0,0,Legitimate,LEGITIMATE,0.0006,0.06,LOW,sin_hour
TX_MON_14502,42985.0,11,1.0,1,Fraud,FRAUD,0.999,99.9,HIGH,V14
TX_MON_14503,76639.0,21,5.38,0,Legitimate,LEGITIMATE,0.0,0.0,LOW,V25
TX_MON_14504,57207.0,15,1.0,0,Legitimate,LEGITIMATE,0.0001,0.01,LOW,log_amount
TX_MON_14505,170413.0,23,0.78,0,Legitimate,LEGITIMATE,0.0001,0.01,LOW,sin_hour
TX_MON_14506,37115.0,10,259.0,0,Legitimate,LEGITIMATE,0.0004,0.04,LOW,V1
TX_MON_14507,97451.0,3,15.95,0,Legitimate,LEGITIMATE,0.0,0.0,LOW,V6
TX_MON_14508,69968.0,19,41.9,0,Legitimate,LEGITIMATE,0.0001,0.01,LOW,cos_hour
TX_MON_14509,134156.0,13,253.0,0,Legitimate,LEGITIMATE,0.0001,0.01,LOW,sin_hour
TX_MON_14510,143438.0,15,8.9,1,Fraud,FRAUD,0.9862,98.62,HIGH,V14
TX_MON_14511,656.0,0,158.0,0,Legitimate,LEGITIMATE,0.0004,0.04,LOW,sin_hour
TX_MON_14512,37965.0,10,223.49,0,Legitimate,LEGITIMATE,0.0001,0.01,LOW,V23
TX_MON_14513,38183.0,10,326.0,0,Legitimate,LEGITIMATE,0.0001,0.01,LOW,Amount
TX_MON_14514,76253.0,21,50.0,0,Legitimate,LEGITIMATE,0.0018,0.18,LOW,sin_hour
TX_MON_14515,54057.0,15,5.23,0,Legitimate,LEGITIMATE,0.0017,0.17,LOW,sin_hour
TX_MON_14516,160444.0,20,2126.0,0,Legitimate,LEGITIMATE,0.0001,0.01,LOW,Amount
TX_MON_14517,68230.0,18,93.83,0,Legitimate,LEGITIMATE,0.001,0.1,LOW,cos_hour
TX_MON_14518,51261.0,14,57.01,0,Legitimate,LEGITIMATE,0.0002,0.02,LOW,V21
TX_MON_14519,131826.0,12,2.69,0,Legitimate,LEGITIMATE,0.0001,0.01,LOW,sin_hour
TX_MON_14520,63436.0,17,1.0,0,Legitimate,LEGITIMATE,0.004,0.4,LOW,cos_hour
TX_MON_14521,149524.0,17,130.44,0,Legitimate,LEGITIMATE,0.0002,0.02,LOW,cos_hour
TX_MON_14522,2940.0,0,11.5,0,Legitimate,LEGITIMATE,0.0004,0.04,LOW,V25
TX_MON_14523,78121.0,21,1.98,0,Legitimate,LEGITIMATE,0.0001,0.01,LOW,log_amount
TX_MON_14524,70847.0,19,41.9,0,Legitimate,LEGITIMATE,0.0003,0.03,LOW,cos_hour
TX_MON_14525,125155.0,10,10.0,0,Legitimate,LEGITIMATE,0.0,0.0,LOW,V20
TX_MON_14526,4228.0,1,29.45,0,Legitimate,LEGITIMATE,0.0006,0.06,LOW,V4
TX_MON_14527,164749.0,21,260.0,0,Legitimate,LEGITIMATE,0.0,0.0,LOW,Amount
TX_MON_14528,124298.0,10,0.99,0,Legitimate,LEGITIMATE,0.0002,0.02,LOW,V11
TX_MON_14529,165590.0,21,451.0,0,Legitimate,FRAUD,0.8499,84.99,HIGH,V14
TX_MON_14530,130588.0,12,35.56,0,Legitimate,LEGITIMATE,0.0001,0.01,LOW,sin_hour
TX_MON_14531,161389.0,20,588.56,0,Legitimate,LEGITIMATE,0.004,0.4,LOW,Amount
TX_MON_14532,17161.0,4,33.0,0,Legitimate,LEGITIMATE,0.0001,0.01,LOW,V12
TX_MON_14533,142204.0,15,69.95,0,Legitimate,LEGITIMATE,0.0008,0.08,LOW,V22
TX_MON_14534,143509.0,15,14.95,0,Legitimate,LEGITIMATE,0.0,0.0,LOW,V23
TX_MON_14535,62283.0,17,250.0,0,Legitimate,LEGITIMATE,0.0,0.0,LOW,V3
TX_MON_14536,149236.0,17,1.0,1,Fraud,FRAUD,0.9897,98.97,HIGH,V14
TX_MON_14537,111179.0,6,112.76,0,Legitimate,LEGITIMATE,0.0,0.0,LOW,cos_hour
TX_MON_14538,80323.0,22,5.29,0,Legitimate,LEGITIMATE,0.0001,0.01,LOW,sin_hour
TX_MON_14539,126726.0,11,53.7,0,Legitimate,LEGITIMATE,0.0002,0.02,LOW,sin_hour
TX_MON_14540,86960.0,0,49.96,0,Legitimate,LEGITIMATE,0.0,0.0,LOW,sin_hour
TX_MON_14541,56224.0,15,75.46,0,Legitimate,LEGITIMATE,0.0014,0.14,LOW,V1
TX_MON_14542,119721.0,9,72.6,0,Legitimate,LEGITIMATE,0.0001,0.01,LOW,V4
TX_MON_14543,41164.0,11,5.3,1,Fraud,FRAUD,0.9988,99.88,HIGH,V14
TX_MON_14544,150139.0,17,237.26,1,Fraud,FRAUD,0.9546,95.46,HIGH,V17
TX_MON_14545,79200.0,22,22.08,0,Legitimate,LEGITIMATE,0.0002,0.02,LOW,sin_hour
TX_MON_14546,81924.0,22,7.98,0,Legitimate,LEGITIMATE,0.0001,0.01,LOW,sin_hour
TX_MON_14547,10562.0,2,23.1,0,Legitimate,LEGITIMATE,0.0004,0.04,LOW,V17
TX_MON_14548,59771.0,16,158.0,0,Legitimate,LEGITIMATE,0.002,0.2,LOW,V1
TX_MON_14549,125648.0,10,1271.0,0,Legitimate,LEGITIMATE,0.0059,0.59,LOW,Amount
TX_MON_14550,71064.0,19,5.96,0,Legitimate,LEGITIMATE,0.0004,0.04,LOW,cos_hour
TX_MON_14551,143835.0,15,2.0,0,Legitimate,LEGITIMATE,0.0056,0.56,LOW,V8
TX_MON_14552,120562.0,9,32.04,0,Legitimate,LEGITIMATE,0.0008,0.08,LOW,V1
TX_MON_14553,139782.0,14,18.75,0,Legitimate,LEGITIMATE,0.0002,0.02,LOW,sin_hour
TX_MON_14554,650.0,0,4.95,0,Legitimate,LEGITIMATE,0.0004,0.04,LOW,sin_hour
TX_MON_14555,149661.0,17,337.41,0,Legitimate,LEGITIMATE,0.0129,1.29,LOW,cos_hour
TX_MON_14556,53027.0,14,14.7,0,Legitimate,LEGITIMATE,0.0003,0.03,LOW,sin_hour
TX_MON_14557,69958.0,19,202.5,0,Legitimate,LEGITIMATE,0.0041,0.41,LOW,V1
TX_MON_14558,73142.0,20,89.18,0,Legitimate,LEGITIMATE,0.0002,0.02,LOW,V22
TX_MON_14559,151336.0,18,17.99,0,Legitimate,LEGITIMATE,0.0,0.0,LOW,cos_hour
TX_MON_14560,163919.0,21,37.78,0,Legitimate,LEGITIMATE,0.0009,0.09,LOW,V8
TX_MON_14561,117680.0,8,7.58,0,Legitimate,LEGITIMATE,0.0026,0.26,LOW,V4
TX_MON_14562,140017.0,14,24.0,0,Legitimate,LEGITIMATE,0.0024,0.24,LOW,sin_hour
TX_MON_14563,48485.0,13,12.36,0,Legitimate,LEGITIMATE,0.0004,0.04,LOW,sin_hour
TX_MON_14564,39039.0,10,94.0,0,Legitimate,LEGITIMATE,0.0003,0.03,LOW,V11
TX_MON_14565,165636.0,22,1.0,0,Legitimate,LEGITIMATE,0.0,0.0,LOW,sin_hour
TX_MON_14566,33873.0,9,3.79,0,Legitimate,LEGITIMATE,0.0004,0.04,LOW,V11
TX_MON_14567,79276.0,22,6.45,0,Legitimate,LEGITIMATE,0.0036,0.36,LOW,V1
TX_MON_14568,83903.0,23,153.67,0,Legitimate,LEGITIMATE,0.0012,0.12,LOW,sin_hour
TX_MON_14569,22222.0,6,11.85,0,Legitimate,LEGITIMATE,0.0003,0.03,LOW,cos_hour
TX_MON_14570,157647.0,19,1.18,0,Legitimate,LEGITIMATE,0.0001,0.01,LOW,log_amount
TX_MON_14571,1433.0,0,121.49,0,Legitimate,LEGITIMATE,0.0016,0.16,LOW,V1
TX_MON_14572,110547.0,6,0.76,1,Fraud,FRAUD,0.9954,99.54,HIGH,V14
TX_MON_14573,165457.0,21,2.99,0,Legitimate,LEGITIMATE,0.0003,0.03,LOW,sin_hour
TX_MON_14574,145239.0,16,225.0,0,Legitimate,LEGITIMATE,0.0006,0.06,LOW,V4
TX_MON_14575,131058.0,12,3.68,0,Legitimate,LEGITIMATE,0.0009,0.09,LOW,V10
TX_MON_14576,86246.0,23,207.04,0,Legitimate,LEGITIMATE,0.0009,0.09,LOW,sin_hour
TX_MON_14577,53848.0,14,32.24,0,Legitimate,LEGITIMATE,0.0004,0.04,LOW,sin_hour
TX_MON_14578,48611.0,13,12.0,0,Legitimate,LEGITIMATE,0.0001,0.01,LOW,sin_hour
TX_MON_14579,123197.0,10,1.0,0,Legitimate,LEGITIMATE,0.0025,0.25,LOW,V14
TX_MON_14580,168011.0,22,33.26,0,Legitimate,LEGITIMATE,0.0024,0.24,LOW,sin_hour
TX_MON_14581,160164.0,20,1.0,0,Legitimate,LEGITIMATE,0.001,0.1,LOW,V20
TX_MON_14582,7373.0,2,29.98,0,Legitimate,LEGITIMATE,0.0003,0.03,LOW,V1
TX_MON_14583,71793.0,19,15.0,0,Legitimate,LEGITIMATE,0.0006,0.06,LOW,cos_hour
TX_MON_14584,152181.0,18,103.24,0,Legitimate,LEGITIMATE,0.0001,0.01,LOW,cos_hour
TX_MON_14585,83201.0,23,84.05,0,Legitimate,LEGITIMATE,0.0489,4.89,LOW,V14
TX_MON_14586,128781.0,11,2.69,0,Legitimate,LEGITIMATE,0.0001,0.01,LOW,log_amount
TX_MON_14587,135778.0,13,304.99,0,Legitimate,LEGITIMATE,0.0007,0.07,LOW,Amount
TX_MON_14588,45211.0,12,54.77,0,Legitimate,LEGITIMATE,0.0137,1.37,LOW,V4
TX_MON_14589,167849.0,22,153.93,0,Legitimate,LEGITIMATE,0.0001,0.01,LOW,V8
TX_MON_14590,141131.0,15,0.65,0,Legitimate,LEGITIMATE,0.0086,0.86,LOW,V21
TX_MON_14591,45568.0,12,0.76,0,Legitimate,LEGITIMATE,0.0042,0.42,LOW,V1
TX_MON_14592,118867.0,9,43.5,0,Legitimate,LEGITIMATE,0.0,0.0,LOW,V8
TX_MON_14593,67082.0,18,5.0,0,Legitimate,LEGITIMATE,0.0014,0.14,LOW,cos_hour
TX_MON_14594,32303.0,8,5.0,0,Legitimate,LEGITIMATE,0.0001,0.01,LOW,log_amount
TX_MON_14595,33805.0,9,411.1,0,Legitimate,LEGITIMATE,0.0166,1.66,LOW,V4
TX_MON_14596,113834.0,7,37.93,0,Legitimate,LEGITIMATE,0.0008,0.08,LOW,V4
TX_MON_14597,55034.0,15,40.28,0,Legitimate,LEGITIMATE,0.0095,0.95,LOW,V4
TX_MON_14598,154714.0,18,1.0,0,Legitimate,LEGITIMATE,0.0009,0.09,LOW,V21
TX_MON_14599,128090.0,11,50.4,0,Legitimate,LEGITIMATE,0.0,0.0,LOW,V20
TX_MON_14600,97638.0,3,0.0,0,Legitimate,LEGITIMATE,0.0086,0.86,LOW,V14
TX_MON_14601,131205.0,12,77.75,0,Legitimate,LEGITIMATE,0.0001,0.01,LOW,sin_hour
TX_MON_14602,19848.0,5,5.49,0,Legitimate,LEGITIMATE,0.0003,0.03,LOW,V12
TX_MON_14603,157804.0,19,578.8,0,Legitimate,LEGITIMATE,0.0159,1.59,LOW,V1
TX_MON_14604,118830.0,9,6.51,0,Legitimate,LEGITIMATE,0.0002,0.02,LOW,V23
TX_MON_14605,66040.0,18,54.95,0,Legitimate,LEGITIMATE,0.0022,0.22,LOW,cos_hour
TX_MON_14606,126938.0,11,6.99,0,Legitimate,LEGITIMATE,0.0012,0.12,LOW,V11
TX_MON_14607,60307.0,16,9.54,0,Legitimate,LEGITIMATE,0.0001,0.01,LOW,V22
TX_MON_14608,27772.0,7,1.79,0,Legitimate,LEGITIMATE,0.0002,0.02,LOW,log_amount
TX_MON_14609,168672.0,22,1.98,0,Legitimate,LEGITIMATE,0.0,0.0,LOW,sin_hour
TX_MON_14610,77424.0,21,1.0,0,Legitimate,LEGITIMATE,0.0024,0.24,LOW,sin_hour
TX_MON_14611,139299.0,14,94.0,0,Legitimate,LEGITIMATE,0.0549,5.49,LOW,sin_hour
TX_MON_14612,158176.0,19,37.97,0,Legitimate,LEGITIMATE,0.0003,0.03,LOW,cos_hour
TX_MON_14613,36847.0,10,14.98,0,Legitimate,LEGITIMATE,0.0021,0.21,LOW,V4
TX_MON_14614,162804.0,21,214.0,0,Legitimate,LEGITIMATE,0.0275,2.75,LOW,V14
TX_MON_14615,66767.0,18,0.76,0,Legitimate,LEGITIMATE,0.035,3.5,LOW,cos_hour
TX_MON_14616,83107.0,23,24.81,0,Legitimate,LEGITIMATE,0.0012,0.12,LOW,sin_hour
TX_MON_14617,53178.0,14,15.0,0,Legitimate,LEGITIMATE,0.0009,0.09,LOW,sin_hour
TX_MON_14618,41181.0,11,11.38,1,Fraud,FRAUD,0.9981,99.81,HIGH,V14
TX_MON_14619,165625.0,22,90.0,0,Legitimate,LEGITIMATE,0.0003,0.03,LOW,sin_hour
TX_MON_14620,40900.0,11,14.47,0,Legitimate,LEGITIMATE,0.0007,0.07,LOW,V1
TX_MON_14621,29347.0,8,191.03,0,Legitimate,LEGITIMATE,0.0,0.0,LOW,V7
TX_MON_14622,65269.0,18,13.98,0,Legitimate,LEGITIMATE,0.0,0.0,LOW,cos_hour
TX_MON_14623,41204.0,11,30.26,1,Fraud,FRAUD,0.9971,99.71,HIGH,V14
TX_MON_14624,917.0,0,104.0,0,Legitimate,LEGITIMATE,0.0005,0.05,LOW,V11
TX_MON_14625,36468.0,10,195.72,0,Legitimate,LEGITIMATE,0.0003,0.03,LOW,V1
TX_MON_14626,132221.0,12,0.76,0,Legitimate,LEGITIMATE,0.0002,0.02,LOW,V10
TX_MON_14627,44119.0,12,51.52,0,Legitimate,LEGITIMATE,0.0,0.0,LOW,sin_hour
TX_MON_14628,79657.0,22,1.78,0,Legitimate,LEGITIMATE,0.0005,0.05,LOW,sin_hour
TX_MON_14629,81728.0,22,12.31,0,Legitimate,LEGITIMATE,0.0078,0.78,LOW,sin_hour
TX_MON_14630,75535.0,20,32.0,0,Legitimate,LEGITIMATE,0.001,0.1,LOW,sin_hour
TX_MON_14631,7399.0,2,2.19,0,Legitimate,LEGITIMATE,0.0023,0.23,LOW,V4
TX_MON_14632,7519.0,2,1.0,1,Fraud,FRAUD,0.9605,96.05,HIGH,V14
TX_MON_14633,42562.0,11,176.0,0,Legitimate,LEGITIMATE,0.0001,0.01,LOW,V16
TX_MON_14634,43367.0,12,2.49,0,Legitimate,LEGITIMATE,0.0054,0.54,LOW,log_amount
TX_MON_14635,161118.0,20,239.16,0,Legitimate,LEGITIMATE,0.1673,16.73,LOW,V14
TX_MON_14636,28077.0,7,54.99,0,Legitimate,LEGITIMATE,0.0001,0.01,LOW,cos_hour
TX_MON_14637,56987.0,15,12.0,0,Legitimate,LEGITIMATE,0.0007,0.07,LOW,V11
TX_MON_14638,55285.0,15,265.0,0,Legitimate,LEGITIMATE,0.0004,0.04,LOW,sin_hour
TX_MON_14639,97468.0,3,15.95,0,Legitimate,LEGITIMATE,0.0003,0.03,LOW,V12
TX_MON_14640,163194.0,21,14.99,0,Legitimate,LEGITIMATE,0.0001,0.01,LOW,sin_hour
TX_MON_14641,129949.0,12,2.09,0,Legitimate,LEGITIMATE,0.0002,0.02,LOW,log_amount
TX_MON_14642,23845.0,6,216.44,0,Legitimate,LEGITIMATE,0.0001,0.01,LOW,cos_hour
TX_MON_14643,130996.0,12,14.0,0,Legitimate,LEGITIMATE,0.0,0.0,LOW,sin_hour
TX_MON_14644,166805.0,22,549.0,0,Legitimate,LEGITIMATE,0.0001,0.01,LOW,Amount
TX_MON_14645,141169.0,15,25.83,0,Legitimate,LEGITIMATE,0.0001,0.01,LOW,sin_hour
TX_MON_14646,139650.0,14,60.0,0,Legitimate,LEGITIMATE,0.0,0.0,LOW,sin_hour
TX_MON_14647,39377.0,10,94.95,0,Legitimate,LEGITIMATE,0.0021,0.21,LOW,V1
TX_MON_14648,9396.0,2,29.91,0,Legitimate,LEGITIMATE,0.0004,0.04,LOW,V17
TX_MON_14649,34102.0,9,92.0,0,Legitimate,LEGITIMATE,0.0004,0.04,LOW,V28
TX_MON_14650,51226.0,14,50.0,0,Legitimate,LEGITIMATE,0.0001,0.01,LOW,sin_hour
TX_MON_14651,132958.0,12,329.94,0,Legitimate,LEGITIMATE,0.006,0.6,LOW,Amount
TX_MON_14652,117845.0,8,34.2,0,Legitimate,LEGITIMATE,0.0001,0.01,LOW,V22
TX_MON_14653,115850.0,8,0.89,0,Legitimate,LEGITIMATE,0.0,0.0,LOW,cos_hour
TX_MON_14654,74194.0,20,63.03,0,Legitimate,LEGITIMATE,0.0001,0.01,LOW,sin_hour
TX_MON_14655,43632.0,12,69.0,0,Legitimate,LEGITIMATE,0.0,0.0,LOW,sin_hour
TX_MON_14656,40820.0,11,36.09,0,Legitimate,LEGITIMATE,0.0001,0.01,LOW,sin_hour
TX_MON_14657,33492.0,9,250.0,0,Legitimate,LEGITIMATE,0.0001,0.01,LOW,V1
TX_MON_14658,157545.0,19,39.97,0,Legitimate,LEGITIMATE,0.0001,0.01,LOW,cos_hour
TX_MON_14659,37598.0,10,20.0,0,Legitimate,LEGITIMATE,0.0002,0.02,LOW,V1
TX_MON_14660,77230.0,21,1.79,0,Legitimate,LEGITIMATE,0.0073,0.73,LOW,V14
TX_MON_14661,68772.0,19,9.47,0,Legitimate,LEGITIMATE,0.0016,0.16,LOW,cos_hour
TX_MON_14662,145220.0,16,29.9,0,Legitimate,LEGITIMATE,0.0021,0.21,LOW,V20
TX_MON_14663,159369.0,20,691.08,0,Legitimate,LEGITIMATE,0.0011,0.11,LOW,Amount
TX_MON_14664,68863.0,19,6.51,0,Legitimate,LEGITIMATE,0.0021,0.21,LOW,cos_hour
TX_MON_14665,157043.0,19,1.0,0,Legitimate,LEGITIMATE,0.0004,0.04,LOW,cos_hour
TX_MON_14666,145835.0,16,182.6,0,Legitimate,LEGITIMATE,0.0001,0.01,LOW,V22
TX_MON_14667,126380.0,11,284.83,0,Legitimate,LEGITIMATE,0.0006,0.06,LOW,Amount
TX_MON_14668,46149.0,12,1.0,1,Fraud,FRAUD,0.9937,99.37,HIGH,V14
TX_MON_14669,49342.0,13,94.63,0,Legitimate,LEGITIMATE,0.0002,0.02,LOW,V20
TX_MON_14670,122220.0,9,1.79,0,Legitimate,LEGITIMATE,0.0022,0.22,LOW,log_amount
TX_MON_14671,83188.0,23,69.0,0,Legitimate,LEGITIMATE,0.0003,0.03,LOW,sin_hour
TX_MON_14672,68051.0,18,5.49,0,Legitimate,LEGITIMATE,0.0022,0.22,LOW,V1
TX_MON_14673,73133.0,20,14.95,0,Legitimate,LEGITIMATE,0.0001,0.01,LOW,V28
TX_MON_14674,80605.0,22,71.4,0,Legitimate,LEGITIMATE,0.0005,0.05,LOW,sin_hour
TX_MON_14675,86442.0,0,8.0,0,Legitimate,LEGITIMATE,0.0001,0.01,LOW,sin_hour
TX_MON_14676,119576.0,9,18.99,0,Legitimate,LEGITIMATE,0.0001,0.01,LOW,V1
TX_MON_14677,38000.0,10,9.42,0,Legitimate,LEGITIMATE,0.0045,0.45,LOW,V4
TX_MON_14678,55829.0,15,365.0,0,Legitimate,LEGITIMATE,0.0014,0.14,LOW,Amount
TX_MON_14679,41308.0,11,0.76,1,Fraud,FRAUD,0.9994,99.94,HIGH,V14
TX_MON_14680,168702.0,22,21.99,0,Legitimate,LEGITIMATE,0.0001,0.01,LOW,sin_hour
TX_MON_14681,121468.0,9,129.0,0,Legitimate,LEGITIMATE,0.0,0.0,LOW,V22
TX_MON_14682,137771.0,14,85.0,0,Legitimate,LEGITIMATE,0.0,0.0,LOW,sin_hour
TX_MON_14683,58085.0,16,22.89,0,Legitimate,LEGITIMATE,0.0002,0.02,LOW,V1
TX_MON_14684,120225.0,9,16.69,0,Legitimate,LEGITIMATE,0.0001,0.01,LOW,V1
TX_MON_14685,163074.0,21,0.99,0,Legitimate,LEGITIMATE,0.0002,0.02,LOW,V1
TX_MON_14686,57163.0,15,1.0,1,Fraud,FRAUD,0.9993,99.93,HIGH,V14
TX_MON_14687,58161.0,16,0.01,0,Legitimate,LEGITIMATE,0.0004,0.04,LOW,log_amount
TX_MON_14688,164319.0,21,144.48,0,Legitimate,LEGITIMATE,0.2062,20.62,LOW,V14
TX_MON_14689,68152.0,18,4.99,0,Legitimate,LEGITIMATE,0.0009,0.09,LOW,V8
TX_MON_14690,133502.0,13,0.11,0,Legitimate,LEGITIMATE,0.0003,0.03,LOW,log_amount
TX_MON_14691,135587.0,13,76.92,0,Legitimate,LEGITIMATE,0.0,0.0,LOW,sin_hour
TX_MON_14692,94362.0,2,1.0,1,Fraud,FRAUD,0.998,99.8,HIGH,V14
TX_MON_14693,132466.0,12,2.99,0,Legitimate,LEGITIMATE,0.0,0.0,LOW,sin_hour
TX_MON_14694,62418.0,17,144.0,0,Legitimate,LEGITIMATE,0.0011,0.11,LOW,cos_hour
TX_MON_14695,70048.0,19,3.99,0,Legitimate,LEGITIMATE,0.0004,0.04,LOW,cos_hour
TX_MON_14696,141741.0,15,33.73,0,Legitimate,LEGITIMATE,0.0003,0.03,LOW,V20
TX_MON_14697,74950.0,20,36.98,0,Legitimate,LEGITIMATE,0.0001,0.01,LOW,sin_hour
TX_MON_14698,42057.0,11,1.29,0,Legitimate,LEGITIMATE,0.0027,0.27,LOW,log_amount
TX_MON_14699,150803.0,17,20.0,0,Legitimate,LEGITIMATE,0.0001,0.01,LOW,cos_hour
TX_MON_14700,73124.0,20,12.11,0,Legitimate,LEGITIMATE,0.0016,0.16,LOW,V4
TX_MON_14701,124379.0,10,2.69,0,Legitimate,LEGITIMATE,0.0007,0.07,LOW,V21
TX_MON_14702,8415.0,2,1.0,1,Fraud,FRAUD,0.998,99.8,HIGH,V14
TX_MON_14703,156279.0,19,0.76,0,Legitimate,LEGITIMATE,0.0001,0.01,LOW,cos_hour
TX_MON_14704,132837.0,12,85.25,0,Legitimate,LEGITIMATE,0.0009,0.09,LOW,sin_hour
TX_MON_14705,153739.0,18,67.46,0,Legitimate,LEGITIMATE,0.0002,0.02,LOW,cos_hour
TX_MON_14706,38889.0,10,1.98,0,Legitimate,LEGITIMATE,0.0004,0.04,LOW,log_amount
TX_MON_14707,59580.0,16,9.56,0,Legitimate,LEGITIMATE,0.0004,0.04,LOW,V1
TX_MON_14708,119413.0,9,2.96,0,Legitimate,LEGITIMATE,0.0027,0.27,LOW,V1
TX_MON_14709,68207.0,18,1.0,1,Fraud,FRAUD,0.9963,99.63,HIGH,V14
TX_MON_14710,117525.0,8,5.0,0,Legitimate,LEGITIMATE,0.0002,0.02,LOW,log_amount
TX_MON_14711,47353.0,13,40.0,0,Legitimate,LEGITIMATE,0.0001,0.01,LOW,sin_hour
TX_MON_14712,34809.0,9,9.99,0,Legitimate,LEGITIMATE,0.0001,0.01,LOW,V23
TX_MON_14713,135127.0,13,16.16,0,Legitimate,LEGITIMATE,0.0012,0.12,LOW,sin_hour
TX_MON_14714,87812.0,0,18.52,0,Legitimate,LEGITIMATE,0.0002,0.02,LOW,sin_hour
TX_MON_14715,163855.0,21,127.7,0,Legitimate,LEGITIMATE,0.0011,0.11,LOW,V1
TX_MON_14716,41914.0,11,7.5,0,Legitimate,LEGITIMATE,0.0002,0.02,LOW,V10
TX_MON_14717,34302.0,9,41.97,0,Legitimate,LEGITIMATE,0.0004,0.04,LOW,V20
TX_MON_14718,78458.0,21,70.01,0,Legitimate,LEGITIMATE,0.0003,0.03,LOW,sin_hour
TX_MON_14719,53865.0,14,0.89,0,Legitimate,LEGITIMATE,0.0005,0.05,LOW,V14
TX_MON_14720,37851.0,10,45.08,0,Legitimate,LEGITIMATE,0.0017,0.17,LOW,V8
TX_MON_14721,143510.0,15,105.93,0,Legitimate,LEGITIMATE,0.0006,0.06,LOW,V4
TX_MON_14722,171015.0,23,104.0,0,Legitimate,LEGITIMATE,0.0001,0.01,LOW,sin_hour
TX_MON_14723,140359.0,14,24.97,0,Legitimate,LEGITIMATE,0.0012,0.12,LOW,V4
TX_MON_14724,134774.0,13,12.4,0,Legitimate,LEGITIMATE,0.0002,0.02,LOW,sin_hour
TX_MON_14725,118551.0,8,58.26,0,Legitimate,LEGITIMATE,0.001,0.1,LOW,V4
TX_MON_14726,46952.0,13,29.56,0,Legitimate,LEGITIMATE,0.0019,0.19,LOW,sin_hour
TX_MON_14727,16278.0,4,1.98,0,Legitimate,LEGITIMATE,0.0003,0.03,LOW,cos_hour
TX_MON_14728,48380.0,13,208.58,1,Fraud,FRAUD,0.8509,85.09,HIGH,V4
TX_MON_14729,129174.0,11,45.0,0,Legitimate,LEGITIMATE,0.0001,0.01,LOW,sin_hour
TX_MON_14730,50549.0,14,1.98,0,Legitimate,LEGITIMATE,0.0011,0.11,LOW,log_amount
TX_MON_14731,55501.0,15,79.0,0,Legitimate,LEGITIMATE,0.0254,2.54,LOW,V20
TX_MON_14732,36983.0,10,974.24,0,Legitimate,LEGITIMATE,0.0035,0.35,LOW,V4
TX_MON_14733,52510.0,14,0.0,0,Legitimate,LEGITIMATE,0.0009,0.09,LOW,log_amount
TX_MON_14734,137602.0,14,19.18,0,Legitimate,LEGITIMATE,0.0,0.0,LOW,sin_hour
TX_MON_14735,42249.0,11,130.54,0,Legitimate,LEGITIMATE,0.0001,0.01,LOW,V1
TX_MON_14736,21392.0,5,1.3,0,Legitimate,LEGITIMATE,0.0003,0.03,LOW,log_amount
TX_MON_14737,58644.0,16,18.0,0,Legitimate,LEGITIMATE,0.0001,0.01,LOW,V11
TX_MON_14738,35926.0,9,4.56,1,Fraud,FRAUD,0.9991,99.91,HIGH,V14
TX_MON_14739,87305.0,0,7.61,0,Legitimate,LEGITIMATE,0.003,0.3,LOW,V4
TX_MON_14740,79466.0,22,15.0,0,Legitimate,LEGITIMATE,0.0003,0.03,LOW,sin_hour
TX_MON_14741,77202.0,21,1.0,1,Fraud,FRAUD,0.9664,96.64,HIGH,V14
TX_MON_14742,72804.0,20,2.0,0,Legitimate,LEGITIMATE,0.0,0.0,LOW,V8
TX_MON_14743,149273.0,17,34.99,0,Legitimate,LEGITIMATE,0.0001,0.01,LOW,cos_hour
TX_MON_14744,165503.0,21,1.0,0,Legitimate,LEGITIMATE,0.0002,0.02,LOW,sin_hour
TX_MON_14745,81411.0,22,5.0,0,Legitimate,LEGITIMATE,0.0002,0.02,LOW,sin_hour
TX_MON_14746,49032.0,13,26.22,0,Legitimate,LEGITIMATE,0.0001,0.01,LOW,sin_hour
TX_MON_14747,75445.0,20,250.0,0,Legitimate,LEGITIMATE,0.0007,0.07,LOW,sin_hour
TX_MON_14748,52020.0,14,4.49,0,Legitimate,LEGITIMATE,0.0012,0.12,LOW,sin_hour
TX_MON_14749,147135.0,16,611.9,0,Legitimate,LEGITIMATE,0.0003,0.03,LOW,Amount
TX_MON_14750,57932.0,16,207.0,0,Legitimate,LEGITIMATE,0.0146,1.46,LOW,V1
TX_MON_14751,128545.0,11,90.05,0,Legitimate,LEGITIMATE,0.0001,0.01,LOW,sin_hour
TX_MON_14752,76101.0,21,1.18,0,Legitimate,LEGITIMATE,0.0018,0.18,LOW,V8
TX_MON_14753,80943.0,22,1.98,0,Legitimate,LEGITIMATE,0.0017,0.17,LOW,V11
TX_MON_14754,66175.0,18,0.0,0,Legitimate,LEGITIMATE,0.0027,0.27,LOW,V4
TX_MON_14755,55462.0,15,14.6,0,Legitimate,LEGITIMATE,0.004,0.4,LOW,sin_hour
TX_MON_14756,35934.0,9,24.94,0,Legitimate,LEGITIMATE,0.0031,0.31,LOW,V14
TX_MON_14757,64041.0,17,156.0,0,Legitimate,LEGITIMATE,0.0002,0.02,LOW,cos_hour
TX_MON_14758,156541.0,19,41.0,0,Legitimate,LEGITIMATE,0.0003,0.03,LOW,cos_hour
TX_MON_14759,59528.0,16,426.0,0,Legitimate,LEGITIMATE,0.0001,0.01,LOW,Amount
TX_MON_14760,112185.0,7,8.44,0,Legitimate,LEGITIMATE,0.0006,0.06,LOW,cos_hour
TX_MON_14761,38473.0,10,4.46,0,Legitimate,LEGITIMATE,0.0002,0.02,LOW,log_amount
TX_MON_14762,171610.0,23,2.58,0,Legitimate,LEGITIMATE,0.0004,0.04,LOW,sin_hour
TX_MON_14763,62514.0,17,112.5,0,Legitimate,LEGITIMATE,0.0,0.0,LOW,cos_hour
TX_MON_14764,70419.0,19,55.5,0,Legitimate,LEGITIMATE,0.0002,0.02,LOW,cos_hour
TX_MON_14765,84694.0,23,12.31,1,Fraud,FRAUD,0.9988,99.88,HIGH,V14
TX_MON_14766,50258.0,13,70.89,0,Legitimate,LEGITIMATE,0.0005,0.05,LOW,sin_hour
TX_MON_14767,30959.0,8,8.4,0,Legitimate,LEGITIMATE,0.0005,0.05,LOW,V26
TX_MON_14768,42653.0,11,599.0,0,Legitimate,LEGITIMATE,0.0,0.0,LOW,Amount
TX_MON_14769,63331.0,17,59.0,0,Legitimate,LEGITIMATE,0.0001,0.01,LOW,V20
TX_MON_14770,159631.0,20,0.0,0,Legitimate,LEGITIMATE,0.0006,0.06,LOW,log_amount
TX_MON_14771,90722.0,1,20.0,0,Legitimate,LEGITIMATE,0.0002,0.02,LOW,V12
TX_MON_14772,62697.0,17,29.71,0,Legitimate,LEGITIMATE,0.0,0.0,LOW,cos_hour
TX_MON_14773,172059.0,23,13.68,0,Legitimate,LEGITIMATE,0.0,0.0,LOW,sin_hour
TX_MON_14774,159424.0,20,136.0,0,Legitimate,LEGITIMATE,0.0005,0.05,LOW,cos_hour
TX_MON_14775,55151.0,15,146.82,0,Legitimate,LEGITIMATE,0.0001,0.01,LOW,V8
TX_MON_14776,73804.0,20,1.18,0,Legitimate,LEGITIMATE,0.0007,0.07,LOW,log_amount
TX_MON_14777,135129.0,13,27.01,0,Legitimate,LEGITIMATE,0.0047,0.47,LOW,sin_hour
TX_MON_14778,40035.0,11,0.76,0,Legitimate,LEGITIMATE,0.0254,2.54,LOW,log_amount
TX_MON_14779,43369.0,12,88.0,1,Fraud,FRAUD,0.9988,99.88,HIGH,V14
TX_MON_14780,41557.0,11,234.0,0,Legitimate,LEGITIMATE,0.0076,0.76,LOW,V1
TX_MON_14781,155886.0,19,0.76,0,Legitimate,LEGITIMATE,0.0001,0.01,LOW,cos_hour
TX_MON_14782,74545.0,20,3.27,0,Legitimate,LEGITIMATE,0.0022,0.22,LOW,sin_hour
TX_MON_14783,60675.0,16,11.11,0,Legitimate,LEGITIMATE,0.0002,0.02,LOW,cos_hour
TX_MON_14784,48194.0,13,160.0,0,Legitimate,LEGITIMATE,0.0002,0.02,LOW,sin_hour
TX_MON_14785,22289.0,6,131.41,0,Legitimate,LEGITIMATE,0.0059,0.59,LOW,V4
TX_MON_14786,61219.0,17,1.0,0,Legitimate,LEGITIMATE,0.0003,0.03,LOW,log_amount
TX_MON_14787,3881.0,1,13.85,0,Legitimate,LEGITIMATE,0.0004,0.04,LOW,V4
TX_MON_14788,30233.0,8,407.14,0,Legitimate,LEGITIMATE,0.0001,0.01,LOW,Amount
TX_MON_14789,120111.0,9,61.41,0,Legitimate,LEGITIMATE,0.0002,0.02,LOW,V1
TX_MON_14790,46240.0,12,24.72,0,Legitimate,LEGITIMATE,0.0001,0.01,LOW,sin_hour
TX_MON_14791,146013.0,16,54.34,0,Legitimate,LEGITIMATE,0.0005,0.05,LOW,V1
TX_MON_14792,79628.0,22,3.69,0,Legitimate,LEGITIMATE,0.0001,0.01,LOW,sin_hour
TX_MON_14793,58822.0,16,45.64,1,Fraud,FRAUD,0.9984,99.84,HIGH,V14
TX_MON_14794,66792.0,18,758.97,0,Legitimate,LEGITIMATE,0.0089,0.89,LOW,V4
TX_MON_14795,46278.0,12,0.76,0,Legitimate,LEGITIMATE,0.0079,0.79,LOW,sin_hour
TX_MON_14796,81947.0,22,23.9,0,Legitimate,LEGITIMATE,0.0001,0.01,LOW,sin_hour
TX_MON_14797,82385.0,22,42.75,0,Legitimate,LEGITIMATE,0.0039,0.39,LOW,V4
TX_MON_14798,150401.0,17,175.0,0,Legitimate,LEGITIMATE,0.0002,0.02,LOW,cos_hour
TX_MON_14799,128276.0,11,19.18,0,Legitimate,LEGITIMATE,0.0001,0.01,LOW,V8
TX_MON_14800,119948.0,9,4.49,0,Legitimate,LEGITIMATE,0.0002,0.02,LOW,log_amount
TX_MON_14801,59840.0,16,5.91,1,Fraud,FRAUD,0.9975,99.75,HIGH,V14
TX_MON_14802,131921.0,12,1.79,0,Legitimate,LEGITIMATE,0.0003,0.03,LOW,sin_hour
TX_MON_14803,142848.0,15,218.6,0,Legitimate,LEGITIMATE,0.0001,0.01,LOW,V22
TX_MON_14804,129194.0,11,38.0,0,Legitimate,LEGITIMATE,0.0,0.0,LOW,V20
TX_MON_14805,146122.0,16,3.5,0,Legitimate,LEGITIMATE,0.0001,0.01,LOW,log_amount
TX_MON_14806,127499.0,11,184.0,0,Legitimate,LEGITIMATE,0.0001,0.01,LOW,sin_hour
TX_MON_14807,124130.0,10,3.0,0,Legitimate,LEGITIMATE,0.0002,0.02,LOW,log_amount
TX_MON_14808,165131.0,21,14.95,0,Legitimate,LEGITIMATE,0.0003,0.03,LOW,sin_hour
TX_MON_14809,42034.0,11,16.85,0,Legitimate,LEGITIMATE,0.0003,0.03,LOW,sin_hour
TX_MON_14810,141919.0,15,89.95,0,Legitimate,LEGITIMATE,0.0001,0.01,LOW,V20
TX_MON_14811,41683.0,11,649.0,0,Legitimate,LEGITIMATE,0.0011,0.11,LOW,Amount
TX_MON_14812,8006.0,2,5.99,0,Legitimate,LEGITIMATE,0.0003,0.03,LOW,V12
TX_MON_14813,85424.0,23,13.08,0,Legitimate,LEGITIMATE,0.0003,0.03,LOW,V4
TX_MON_14814,119265.0,9,4.45,0,Legitimate,LEGITIMATE,0.0009,0.09,LOW,V1
TX_MON_14815,77586.0,21,15.99,0,Legitimate,LEGITIMATE,0.0006,0.06,LOW,sin_hour
TX_MON_14816,151371.0,18,10.67,0,Legitimate,LEGITIMATE,0.0005,0.05,LOW,cos_hour
TX_MON_14817,95547.0,2,1.79,0,Legitimate,LEGITIMATE,0.0001,0.01,LOW,log_amount
TX_MON_14818,36097.0,10,57.05,0,Legitimate,LEGITIMATE,0.0026,0.26,LOW,V4
TX_MON_14819,134868.0,13,25.22,0,Legitimate,LEGITIMATE,0.0012,0.12,LOW,sin_hour
TX_MON_14820,134766.0,13,460.0,0,Legitimate,LEGITIMATE,0.0028,0.28,LOW,Amount
TX_MON_14821,65563.0,18,0.89,0,Legitimate,LEGITIMATE,0.0001,0.01,LOW,cos_hour
TX_MON_14822,65721.0,18,10.0,0,Legitimate,LEGITIMATE,0.0002,0.02,LOW,V21
TX_MON_14823,150248.0,17,8.59,0,Legitimate,LEGITIMATE,0.0003,0.03,LOW,cos_hour
TX_MON_14824,42227.0,11,1.0,0,Legitimate,LEGITIMATE,0.0,0.0,LOW,log_amount
TX_MON_14825,167607.0,22,35.99,0,Legitimate,LEGITIMATE,0.0171,1.71,LOW,sin_hour
TX_MON_14826,56300.0,15,80.0,0,Legitimate,LEGITIMATE,0.0015,0.15,LOW,V1
TX_MON_14827,160183.0,20,50.0,0,Legitimate,LEGITIMATE,0.0003,0.03,LOW,V20
TX_MON_14828,118954.0,9,15.0,0,Legitimate,LEGITIMATE,0.0001,0.01,LOW,V20
TX_MON_14829,58239.0,16,11.38,0,Legitimate,LEGITIMATE,0.0018,0.18,LOW,V4
TX_MON_14830,80564.0,22,1.99,0,Legitimate,LEGITIMATE,0.0014,0.14,LOW,V14
TX_MON_14831,38381.0,10,15.21,0,Legitimate,LEGITIMATE,0.0001,0.01,LOW,V20
TX_MON_14832,76627.0,21,1.0,0,Legitimate,LEGITIMATE,0.0011,0.11,LOW,V1
TX_MON_14833,97900.0,3,3.96,0,Legitimate,LEGITIMATE,0.0,0.0,LOW,log_amount
TX_MON_14834,133159.0,12,170.0,0,Legitimate,LEGITIMATE,0.0003,0.03,LOW,sin_hour
TX_MON_14835,72428.0,20,10.0,0,Legitimate,LEGITIMATE,0.0038,0.38,LOW,V11
TX_MON_14836,172349.0,23,299.0,0,Legitimate,LEGITIMATE,0.0008,0.08,LOW,Amount
TX_MON_14837,44307.0,12,86.74,0,Legitimate,LEGITIMATE,0.0,0.0,LOW,sin_hour
TX_MON_14838,147193.0,16,8.03,0,Legitimate,LEGITIMATE,0.0001,0.01,LOW,cos_hour
TX_MON_14839,78669.0,21,2.99,0,Legitimate,LEGITIMATE,0.0003,0.03,LOW,sin_hour
TX_MON_14840,123722.0,10,46.3,0,Legitimate,LEGITIMATE,0.0003,0.03,LOW,V6
TX_MON_14841,126216.0,11,10.0,0,Legitimate,LEGITIMATE,0.0001,0.01,LOW,V11
TX_MON_14842,169559.0,23,1.78,0,Legitimate,LEGITIMATE,0.0,0.0,LOW,sin_hour
TX_MON_14843,155640.0,19,61.9,0,Legitimate,LEGITIMATE,0.0015,0.15,LOW,cos_hour
TX_MON_14844,871.0,0,28.9,0,Legitimate,LEGITIMATE,0.0001,0.01,LOW,sin_hour
TX_MON_14845,81594.0,22,0.69,0,Legitimate,LEGITIMATE,0.0002,0.02,LOW,log_amount
TX_MON_14846,57607.0,16,53.7,0,Legitimate,LEGITIMATE,0.0002,0.02,LOW,V1
TX_MON_14847,83557.0,23,198.95,0,Legitimate,LEGITIMATE,0.0003,0.03,LOW,sin_hour
TX_MON_14848,171311.0,23,99.99,0,Legitimate,LEGITIMATE,0.0,0.0,LOW,sin_hour
TX_MON_14849,165871.0,22,11.38,0,Legitimate,LEGITIMATE,0.0011,0.11,LOW,V4
TX_MON_14850,7851.0,2,57.2,0,Legitimate,LEGITIMATE,0.0,0.0,LOW,V8
TX_MON_14851,47669.0,13,2.92,0,Legitimate,LEGITIMATE,0.0,0.0,LOW,log_amount
TX_MON_14852,51312.0,14,228.59,0,Legitimate,LEGITIMATE,0.0,0.0,LOW,sin_hour
TX_MON_14853,155841.0,19,8.2,0,Legitimate,LEGITIMATE,0.0001,0.01,LOW,cos_hour
TX_MON_14854,67334.0,18,13.53,0,Legitimate,LEGITIMATE,0.0004,0.04,LOW,cos_hour
TX_MON_14855,158614.0,20,1.98,0,Legitimate,LEGITIMATE,0.0001,0.01,LOW,V1
TX_MON_14856,70764.0,19,12.0,0,Legitimate,LEGITIMATE,0.0006,0.06,LOW,cos_hour
TX_MON_14857,170093.0,23,22.99,0,Legitimate,LEGITIMATE,0.0002,0.02,LOW,sin_hour
TX_MON_14858,50539.0,14,137.97,0,Legitimate,LEGITIMATE,0.0001,0.01,LOW,sin_hour
TX_MON_14859,40540.0,11,28.8,0,Legitimate,LEGITIMATE,0.0003,0.03,LOW,sin_hour
TX_MON_14860,53036.0,14,22.99,0,Legitimate,LEGITIMATE,0.0003,0.03,LOW,sin_hour
TX_MON_14861,33283.0,9,3.05,0,Legitimate,LEGITIMATE,0.0009,0.09,LOW,log_amount
TX_MON_14862,151841.0,18,25.0,0,Legitimate,LEGITIMATE,0.0061,0.61,LOW,cos_hour
TX_MON_14863,62059.0,17,6.62,1,Fraud,FRAUD,0.9973,99.73,HIGH,V14
TX_MON_14864,107206.0,5,11.27,0,Legitimate,LEGITIMATE,0.0001,0.01,LOW,V12
TX_MON_14865,113376.0,7,156.9,0,Legitimate,LEGITIMATE,0.0006,0.06,LOW,V4
TX_MON_14866,45479.0,12,13.95,0,Legitimate,LEGITIMATE,0.0001,0.01,LOW,sin_hour
TX_MON_14867,114758.0,7,15.13,0,Legitimate,LEGITIMATE,0.0001,0.01,LOW,V1
TX_MON_14868,146720.0,16,3.29,0,Legitimate,LEGITIMATE,0.0008,0.08,LOW,log_amount
TX_MON_14869,55035.0,15,46.13,0,Legitimate,LEGITIMATE,0.002,0.2,LOW,sin_hour
TX_MON_14870,61584.0,17,58.9,0,Legitimate,LEGITIMATE,0.0005,0.05,LOW,cos_hour
TX_MON_14871,130121.0,12,8.14,0,Legitimate,LEGITIMATE,0.0001,0.01,LOW,sin_hour
TX_MON_14872,161945.0,20,11.5,0,Legitimate,LEGITIMATE,0.0001,0.01,LOW,sin_hour
TX_MON_14873,147265.0,16,538.0,0,Legitimate,LEGITIMATE,0.0008,0.08,LOW,Amount
TX_MON_14874,37087.0,10,49.98,0,Legitimate,LEGITIMATE,0.0004,0.04,LOW,V28
TX_MON_14875,72839.0,20,19.95,0,Legitimate,LEGITIMATE,0.0018,0.18,LOW,cos_hour
TX_MON_14876,72214.0,20,23.56,0,Legitimate,LEGITIMATE,0.0007,0.07,LOW,V4
TX_MON_14877,65251.0,18,98.36,0,Legitimate,LEGITIMATE,0.0005,0.05,LOW,V4
TX_MON_14878,59280.0,16,0.0,0,Legitimate,LEGITIMATE,0.0013,0.13,LOW,log_amount
TX_MON_14879,35966.0,9,1.52,0,Legitimate,LEGITIMATE,0.0006,0.06,LOW,V4
TX_MON_14880,59669.0,16,6.27,1,Fraud,FRAUD,0.997,99.7,HIGH,V14
TX_MON_14881,129471.0,11,127.37,0,Legitimate,LEGITIMATE,0.0015,0.15,LOW,sin_hour
TX_MON_14882,82025.0,22,0.69,0,Legitimate,LEGITIMATE,0.0,0.0,LOW,log_amount
TX_MON_14883,58476.0,16,4.99,0,Legitimate,LEGITIMATE,0.0,0.0,LOW,log_amount
TX_MON_14884,151092.0,17,5.9,0,Legitimate,LEGITIMATE,0.0054,0.54,LOW,V1
TX_MON_14885,34286.0,9,112.4,0,Legitimate,LEGITIMATE,0.0,0.0,LOW,V25
TX_MON_14886,142840.0,15,144.8,1,Fraud,FRAUD,0.9986,99.86,HIGH,V14
TX_MON_14887,55482.0,15,13.99,0,Legitimate,LEGITIMATE,0.0004,0.04,LOW,sin_hour
TX_MON_14888,86065.0,23,64.32,0,Legitimate,LEGITIMATE,0.0003,0.03,LOW,sin_hour
TX_MON_14889,58661.0,16,8.99,0,Legitimate,LEGITIMATE,0.0001,0.01,LOW,V25
TX_MON_14890,50650.0,14,18.0,0,Legitimate,LEGITIMATE,0.0001,0.01,LOW,sin_hour
TX_MON_14891,26833.0,7,99.99,1,Fraud,FRAUD,0.9979,99.79,HIGH,V14
TX_MON_14892,51538.0,14,60.9,0,Legitimate,LEGITIMATE,0.0007,0.07,LOW,sin_hour
TX_MON_14893,71341.0,19,0.76,0,Legitimate,LEGITIMATE,0.0117,1.17,LOW,V11
TX_MON_14894,48134.0,13,12.29,0,Legitimate,LEGITIMATE,0.0002,0.02,LOW,sin_hour
TX_MON_14895,139117.0,14,8.3,1,Fraud,FRAUD,0.997,99.7,HIGH,V14
TX_MON_14896,56402.0,15,36.03,0,Legitimate,LEGITIMATE,0.0002,0.02,LOW,sin_hour
TX_MON_14897,152405.0,18,104.0,0,Legitimate,LEGITIMATE,0.0003,0.03,LOW,cos_hour
TX_MON_14898,32953.0,9,14.0,0,Legitimate,LEGITIMATE,0.003,0.3,LOW,V16
TX_MON_14899,70638.0,19,1100.4,0,Legitimate,LEGITIMATE,0.0009,0.09,LOW,V4
TX_MON_14900,84530.0,23,74.85,0,Legitimate,LEGITIMATE,0.0001,0.01,LOW,sin_hour
TX_MON_14901,110617.0,6,635.1,1,Fraud,FRAUD,0.873,87.3,HIGH,V4
TX_MON_14902,152464.0,18,1.29,0,Legitimate,LEGITIMATE,0.0003,0.03,LOW,cos_hour
TX_MON_14903,50929.0,14,62.7,0,Legitimate,LEGITIMATE,0.0006,0.06,LOW,sin_hour
TX_MON_14904,51550.0,14,182.0,0,Legitimate,LEGITIMATE,0.0011,0.11,LOW,sin_hour
TX_MON_14905,84067.0,23,9.9,0,Legitimate,LEGITIMATE,0.0005,0.05,LOW,sin_hour
TX_MON_14906,139739.0,14,168.0,0,Legitimate,LEGITIMATE,0.0005,0.05,LOW,sin_hour
TX_MON_14907,134456.0,13,79.0,0,Legitimate,LEGITIMATE,0.0001,0.01,LOW,sin_hour
TX_MON_14908,34621.0,9,32.9,0,Legitimate,LEGITIMATE,0.0001,0.01,LOW,V6
TX_MON_14909,85797.0,23,260.0,0,Legitimate,LEGITIMATE,0.0021,0.21,LOW,V1
TX_MON_14910,48533.0,13,1.0,1,Fraud,LEGITIMATE,0.0027,0.27,LOW,sin_hour
TX_MON_14911,54186.0,15,54.56,0,Legitimate,LEGITIMATE,0.0019,0.19,LOW,sin_hour
TX_MON_14912,75258.0,20,145.81,0,Legitimate,LEGITIMATE,0.0001,0.01,LOW,V28
TX_MON_14913,158313.0,19,58.0,0,Legitimate,LEGITIMATE,0.0369,3.69,LOW,V14
TX_MON_14914,41832.0,11,0.77,0,Legitimate,LEGITIMATE,0.0,0.0,LOW,V3
TX_MON_14915,165621.0,22,15.0,0,Legitimate,LEGITIMATE,0.0002,0.02,LOW,sin_hour
TX_MON_14916,86087.0,23,38.89,0,Legitimate,LEGITIMATE,0.0005,0.05,LOW,sin_hour
TX_MON_14917,45570.0,12,3.8,0,Legitimate,LEGITIMATE,0.0023,0.23,LOW,V4
TX_MON_14918,1738.0,0,274.9,0,Legitimate,LEGITIMATE,0.0002,0.02,LOW,Amount
TX_MON_14919,64324.0,17,5.29,0,Legitimate,LEGITIMATE,0.0013,0.13,LOW,V4
TX_MON_14920,44400.0,12,152.13,0,Legitimate,LEGITIMATE,0.0002,0.02,LOW,V4
TX_MON_14921,72638.0,20,360.5,0,Legitimate,LEGITIMATE,0.0018,0.18,LOW,Amount
TX_MON_14922,13126.0,3,1.0,1,Fraud,FRAUD,0.9942,99.42,HIGH,V14
TX_MON_14923,54527.0,15,2.26,0,Legitimate,LEGITIMATE,0.0019,0.19,LOW,sin_hour
TX_MON_14924,89624.0,0,35.2,0,Legitimate,LEGITIMATE,0.0005,0.05,LOW,V4
TX_MON_14925,117575.0,8,22.8,0,Legitimate,LEGITIMATE,0.0083,0.83,LOW,V1
TX_MON_14926,922.0,0,1.0,0,Legitimate,LEGITIMATE,0.0002,0.02,LOW,V23
TX_MON_14927,94824.0,2,4.96,0,Legitimate,LEGITIMATE,0.0002,0.02,LOW,V12
TX_MON_14928,138095.0,14,0.89,0,Legitimate,LEGITIMATE,0.0002,0.02,LOW,sin_hour
TX_MON_14929,107031.0,5,130.52,0,Legitimate,LEGITIMATE,0.0002,0.02,LOW,cos_hour
TX_MON_14930,150756.0,17,279.0,0,Legitimate,LEGITIMATE,0.0,0.0,LOW,cos_hour
TX_MON_14931,75581.0,20,124.53,1,Fraud,FRAUD,0.9977,99.77,HIGH,V14
TX_MON_14932,148103.0,17,60.95,0,Legitimate,LEGITIMATE,0.0003,0.03,LOW,cos_hour
TX_MON_14933,78424.0,21,59.9,0,Legitimate,LEGITIMATE,0.0001,0.01,LOW,sin_hour
TX_MON_14934,29718.0,8,22.98,0,Legitimate,LEGITIMATE,0.0001,0.01,LOW,V28
TX_MON_14935,9019.0,2,59.48,0,Legitimate,LEGITIMATE,0.0,0.0,LOW,V12
TX_MON_14936,42427.0,11,11.99,0,Legitimate,LEGITIMATE,0.0005,0.05,LOW,V4
TX_MON_14937,79146.0,21,404.09,0,Legitimate,LEGITIMATE,0.0008,0.08,LOW,Amount
TX_MON_14938,32901.0,9,170.0,0,Legitimate,LEGITIMATE,0.0007,0.07,LOW,V14
TX_MON_14939,20269.0,5,15.9,0,Legitimate,LEGITIMATE,0.0,0.0,LOW,V10
TX_MON_14940,155387.0,19,70.27,0,Legitimate,LEGITIMATE,0.0001,0.01,LOW,cos_hour
TX_MON_14941,81029.0,22,124.4,0,Legitimate,LEGITIMATE,0.0004,0.04,LOW,sin_hour
TX_MON_14942,151705.0,18,144.0,0,Legitimate,LEGITIMATE,0.0013,0.13,LOW,cos_hour
TX_MON_14943,51873.0,14,5.45,0,Legitimate,LEGITIMATE,0.0402,4.02,LOW,V4
TX_MON_14944,69134.0,19,500.0,0,Legitimate,LEGITIMATE,0.0002,0.02,LOW,Amount
TX_MON_14945,72744.0,20,0.76,0,Legitimate,LEGITIMATE,0.0054,0.54,LOW,V11
TX_MON_14946,49507.0,13,41.4,0,Legitimate,LEGITIMATE,0.0006,0.06,LOW,sin_hour
TX_MON_14947,57027.0,15,444.17,1,Fraud,FRAUD,0.9962,99.62,HIGH,V14
TX_MON_14948,43868.0,12,1594.74,0,Legitimate,LEGITIMATE,0.0001,0.01,LOW,Amount
TX_MON_14949,141232.0,15,44.95,0,Legitimate,LEGITIMATE,0.0023,0.23,LOW,V1
TX_MON_14950,55446.0,15,0.76,0,Legitimate,LEGITIMATE,0.026,2.6,LOW,V11
TX_MON_14951,72417.0,20,135.9,0,Legitimate,LEGITIMATE,0.0003,0.03,LOW,cos_hour
TX_MON_14952,166530.0,22,70.0,0,Legitimate,LEGITIMATE,0.0,0.0,LOW,V22
TX_MON_14953,12613.0,3,1.0,0,Legitimate,LEGITIMATE,0.0591,5.91,LOW,V14
TX_MON_14954,62888.0,17,11.04,0,Legitimate,LEGITIMATE,0.0001,0.01,LOW,cos_hour
TX_MON_14955,132792.0,12,6.99,0,Legitimate,LEGITIMATE,0.0003,0.03,LOW,sin_hour
TX_MON_14956,141520.0,15,300.22,0,Legitimate,LEGITIMATE,0.0006,0.06,LOW,Amount
TX_MON_14957,110206.0,6,54.12,0,Legitimate,LEGITIMATE,0.0137,1.37,LOW,V4
TX_MON_14958,66992.0,18,13.53,0,Legitimate,LEGITIMATE,0.0008,0.08,LOW,cos_hour
TX_MON_14959,125657.0,10,188.4,0,Legitimate,LEGITIMATE,0.001,0.1,LOW,V4
TX_MON_14960,82005.0,22,1.29,0,Legitimate,LEGITIMATE,0.0005,0.05,LOW,sin_hour
TX_MON_14961,124396.0,10,37.65,0,Legitimate,LEGITIMATE,0.0001,0.01,LOW,V20
TX_MON_14962,107935.0,5,9.39,0,Legitimate,LEGITIMATE,0.0002,0.02,LOW,cos_hour
TX_MON_14963,172440.0,23,11.36,0,Legitimate,LEGITIMATE,0.0001,0.01,LOW,sin_hour
TX_MON_14964,46370.0,12,1.0,0,Legitimate,LEGITIMATE,0.0002,0.02,LOW,sin_hour
TX_MON_14965,41397.0,11,273.01,1,Fraud,FRAUD,0.9993,99.93,HIGH,V14
TX_MON_14966,38763.0,10,6950.51,0,Legitimate,LEGITIMATE,0.0025,0.25,LOW,V4
TX_MON_14967,122914.0,10,2.99,0,Legitimate,LEGITIMATE,0.0002,0.02,LOW,log_amount
TX_MON_14968,34944.0,9,209.0,0,Legitimate,LEGITIMATE,0.0002,0.02,LOW,V1
TX_MON_14969,149837.0,17,208.93,0,Legitimate,LEGITIMATE,0.0094,0.94,LOW,V4
TX_MON_14970,166883.0,22,19.95,1,Fraud,FRAUD,0.7325,73.25,HIGH,V14
TX_MON_14971,13683.0,3,45.26,0,Legitimate,LEGITIMATE,0.0062,0.62,LOW,V4
TX_MON_14972,153333.0,18,135.19,0,Legitimate,LEGITIMATE,0.0013,0.13,LOW,V4
TX_MON_14973,38662.0,10,5.76,0,Legitimate,LEGITIMATE,0.0002,0.02,LOW,log_amount
